#VRML V2.0 utf8
# 3D model generated by easyeda2kicad.py (https://github.com/uPesy/easyeda2kicad.py)

Shape{
    appearance Appearance {
        material  Material 	{
            diffuseColor 0.7529411764705882 0.7529411764705882 0.7529411764705882
            specularColor 0.3764705882352941 0.3764705882352941 0.3764705882352941
            ambientIntensity 0.7529
            transparency 0.0
            shininess 0.5
        }
    }
    geometry IndexedFaceSet {
        ccw TRUE
        solid FALSE
        coord DEF co Coordinate {
            point [
                0.2224 -0.6415 0.2746, 0.2224 -0.6188 0.2047, 0.1673 -0.6415 0.2746, 0.1673 -0.6188 0.2047, 0.2224 -0.9171 0.185, 0.1673 -0.9171 0.185, 0.1673 -0.9241 0.1817, 0.2224 -0.9241 0.1817, 0.1673 -0.9301 0.1768, 0.2224 -0.9301 0.1768, 0.1673 -0.9347 0.1705, 0.2224 -0.9347 0.1705, 0.1673 -0.9376 0.1632, 0.2224 -0.9376 0.1632, 0.1673 -0.9385 0.1555, 0.2224 -0.9385 0.1555, 0.1673 -0.9376 0.1478, 0.2224 -0.9376 0.1478, 0.1673 -0.9347 0.1406, 0.2224 -0.9347 0.1406, 0.1673 -0.9301 0.1343, 0.2224 -0.9301 0.1343, 0.1673 -0.9241 0.1293, 0.2224 -0.9241 0.1293, 0.1673 -0.9171 0.126, 0.2224 -0.9171 0.126, 0.2224 0.2145 0.126, 0.1673 0.2145 0.126, 0.2224 0.2281 0.1244, 0.1673 0.2281 0.1244, 0.2224 0.241 0.1197, 0.1673 0.241 0.1197, 0.2224 0.2524 0.1122, 0.1673 0.2524 0.1122, 0.2224 0.2618 0.1022, 0.1673 0.2618 0.1022, 0.2224 0.2687 0.0903, 0.1673 0.2687 0.0903, 0.2224 0.2726 0.0772, 0.1673 0.2726 0.0772, 0.2224 0.2776 0.0488, 0.1673 0.2776 0.0488, 0.1673 0.2815 0.0357, 0.2224 0.2815 0.0357, 0.1673 0.2884 0.0238, 0.2224 0.2884 0.0238, 0.1673 0.2978 0.0138, 0.2224 0.2978 0.0138, 0.1673 0.3093 0.0063, 0.2224 0.3093 0.0063, 0.1673 0.3222 0.0016, 0.2224 0.3222 0.0016, 0.1673 0.3358 0.0, 0.2224 0.3358 0.0, 0.2224 0.5815 0.0, 0.1673 0.5815 0.0, 0.1673 0.5917 0.0013, 0.2224 0.5917 0.0013, 0.1673 0.6012 0.0053, 0.2224 0.6012 0.0053, 0.1673 0.6093 0.0115, 0.2224 0.6093 0.0115, 0.1673 0.6156 0.0197, 0.2224 0.6156 0.0197, 0.1673 0.6195 0.0292, 0.2224 0.6195 0.0292, 0.1673 0.6209 0.0394, 0.2224 0.6209 0.0394, 0.2224 0.6209 0.0591, 0.1673 0.6209 0.0591, 0.1673 0.6189 0.0743, 0.2224 0.6189 0.0743, 0.1673 0.613 0.0886, 0.2224 0.613 0.0886, 0.1673 0.6036 0.1008, 0.2224 0.6036 0.1008, 0.1673 0.5913 0.1102, 0.2224 0.5913 0.1102, 0.1673 0.5771 0.1161, 0.2224 0.5771 0.1161, 0.1673 0.5618 0.1181, 0.2224 0.5618 0.1181, 0.2224 0.3754 0.1181, 0.1673 0.3754 0.1181, 0.2224 0.2862 0.2244, 0.1673 0.2862 0.2244, 0.2224 0.2862 0.6969, 0.1673 0.2862 0.6969, 0.2224 -0.7374 0.6969, 0.1673 -0.7374 0.6969, 0.2224 -1.0524 0.6413, 0.1673 -1.0524 0.6413, 0.1673 -1.0622 0.6382, 0.2224 -1.0622 0.6382, 0.1673 -1.0708 0.6327, 0.2224 -1.0708 0.6327, 0.1673 -1.0778 0.6251, 0.2224 -1.0778 0.6251, 0.1673 -1.0825 0.616, 0.2224 -1.0825 0.616, 0.1673 -1.0847 0.606, 0.2224 -1.0847 0.606, 0.1673 -1.0843 0.5957, 0.2224 -1.0843 0.5957, 0.1673 -1.0812 0.5859, 0.2224 -1.0812 0.5859, 0.1673 -1.0757 0.5772, 0.2224 -1.0757 0.5772, 0.1673 -1.0681 0.5703, 0.2224 -1.0681 0.5703, 0.1673 -1.059 0.5655, 0.2224 -1.059 0.5655, 0.1673 -1.049 0.5633, 0.2224 -1.049 0.5633, 0.1673 -1.0387 0.5638, 0.2224 -1.0387 0.5638, 0.2224 -0.7305 0.6181, 0.1673 -0.7305 0.6181, 0.2224 -0.1862 0.6181, 0.1673 -0.1862 0.6181, 0.2224 -0.1862 0.2047, 0.1673 -0.1862 0.2047, 0.6161 -0.6415 0.2746, 0.6161 -0.6188 0.2047, 0.561 -0.6415 0.2746, 0.561 -0.6188 0.2047, 0.6161 -0.9171 0.185, 0.561 -0.9171 0.185, 0.561 -0.9241 0.1817, 0.6161 -0.9241 0.1817, 0.561 -0.9301 0.1768, 0.6161 -0.9301 0.1768, 0.561 -0.9347 0.1705, 0.6161 -0.9347 0.1705, 0.561 -0.9376 0.1632, 0.6161 -0.9376 0.1632, 0.561 -0.9385 0.1555, 0.6161 -0.9385 0.1555, 0.561 -0.9376 0.1478, 0.6161 -0.9376 0.1478, 0.561 -0.9347 0.1406, 0.6161 -0.9347 0.1406, 0.561 -0.9301 0.1343, 0.6161 -0.9301 0.1343, 0.561 -0.9241 0.1293, 0.6161 -0.9241 0.1293, 0.561 -0.9171 0.126, 0.6161 -0.9171 0.126, 0.6161 0.2145 0.126, 0.561 0.2145 0.126, 0.6161 0.2281 0.1244, 0.561 0.2281 0.1244, 0.6161 0.241 0.1197, 0.561 0.241 0.1197, 0.6161 0.2524 0.1122, 0.561 0.2524 0.1122, 0.6161 0.2618 0.1022, 0.561 0.2618 0.1022, 0.6161 0.2687 0.0903, 0.561 0.2687 0.0903, 0.6161 0.2726 0.0772, 0.561 0.2726 0.0772, 0.6161 0.2776 0.0488, 0.561 0.2776 0.0488, 0.561 0.2815 0.0357, 0.6161 0.2815 0.0357, 0.561 0.2884 0.0238, 0.6161 0.2884 0.0238, 0.561 0.2978 0.0138, 0.6161 0.2978 0.0138, 0.561 0.3093 0.0063, 0.6161 0.3093 0.0063, 0.561 0.3222 0.0016, 0.6161 0.3222 0.0016, 0.561 0.3358 0.0, 0.6161 0.3358 0.0, 0.6161 0.5815 0.0, 0.561 0.5815 0.0, 0.561 0.5917 0.0013, 0.6161 0.5917 0.0013, 0.561 0.6012 0.0053, 0.6161 0.6012 0.0053, 0.561 0.6093 0.0115, 0.6161 0.6093 0.0115, 0.561 0.6156 0.0197, 0.6161 0.6156 0.0197, 0.561 0.6195 0.0292, 0.6161 0.6195 0.0292, 0.561 0.6209 0.0394, 0.6161 0.6209 0.0394, 0.6161 0.6209 0.0591, 0.561 0.6209 0.0591, 0.561 0.6189 0.0743, 0.6161 0.6189 0.0743, 0.561 0.613 0.0886, 0.6161 0.613 0.0886, 0.561 0.6036 0.1008, 0.6161 0.6036 0.1008, 0.561 0.5913 0.1102, 0.6161 0.5913 0.1102, 0.561 0.5771 0.1161, 0.6161 0.5771 0.1161, 0.561 0.5618 0.1181, 0.6161 0.5618 0.1181, 0.6161 0.3754 0.1181, 0.561 0.3754 0.1181, 0.6161 0.2862 0.2244, 0.561 0.2862 0.2244, 0.6161 0.2862 0.6969, 0.561 0.2862 0.6969, 0.6161 -0.7374 0.6969, 0.561 -0.7374 0.6969, 0.6161 -1.0524 0.6413, 0.561 -1.0524 0.6413, 0.561 -1.0622 0.6382, 0.6161 -1.0622 0.6382, 0.561 -1.0708 0.6327, 0.6161 -1.0708 0.6327, 0.561 -1.0778 0.6251, 0.6161 -1.0778 0.6251, 0.561 -1.0825 0.616, 0.6161 -1.0825 0.616, 0.561 -1.0847 0.606, 0.6161 -1.0847 0.606, 0.561 -1.0843 0.5957, 0.6161 -1.0843 0.5957, 0.561 -1.0812 0.5859, 0.6161 -1.0812 0.5859, 0.561 -1.0757 0.5772, 0.6161 -1.0757 0.5772, 0.561 -1.0681 0.5703, 0.6161 -1.0681 0.5703, 0.561 -1.059 0.5655, 0.6161 -1.059 0.5655, 0.561 -1.049 0.5633, 0.6161 -1.049 0.5633, 0.561 -1.0387 0.5638, 0.6161 -1.0387 0.5638, 0.6161 -0.7305 0.6181, 0.561 -0.7305 0.6181, 0.6161 -0.1862 0.6181, 0.561 -0.1862 0.6181, 0.6161 -0.1862 0.2047, 0.561 -0.1862 0.2047, 1.0098 -0.6415 0.2746, 1.0098 -0.6188 0.2047, 0.9547 -0.6415 0.2746, 0.9547 -0.6188 0.2047, 1.0098 -0.9171 0.185, 0.9547 -0.9171 0.185, 0.9547 -0.9241 0.1817, 1.0098 -0.9241 0.1817, 0.9547 -0.9301 0.1768, 1.0098 -0.9301 0.1768, 0.9547 -0.9347 0.1705, 1.0098 -0.9347 0.1705, 0.9547 -0.9376 0.1632, 1.0098 -0.9376 0.1632, 0.9547 -0.9385 0.1555, 1.0098 -0.9385 0.1555, 0.9547 -0.9376 0.1478, 1.0098 -0.9376 0.1478, 0.9547 -0.9347 0.1406, 1.0098 -0.9347 0.1406, 0.9547 -0.9301 0.1343, 1.0098 -0.9301 0.1343, 0.9547 -0.9241 0.1293, 1.0098 -0.9241 0.1293, 0.9547 -0.9171 0.126, 1.0098 -0.9171 0.126, 1.0098 0.2145 0.126, 0.9547 0.2145 0.126, 1.0098 0.2281 0.1244, 0.9547 0.2281 0.1244, 1.0098 0.241 0.1197, 0.9547 0.241 0.1197, 1.0098 0.2524 0.1122, 0.9547 0.2524 0.1122, 1.0098 0.2618 0.1022, 0.9547 0.2618 0.1022, 1.0098 0.2687 0.0903, 0.9547 0.2687 0.0903, 1.0098 0.2726 0.0772, 0.9547 0.2726 0.0772, 1.0098 0.2776 0.0488, 0.9547 0.2776 0.0488, 0.9547 0.2815 0.0357, 1.0098 0.2815 0.0357, 0.9547 0.2884 0.0238, 1.0098 0.2884 0.0238, 0.9547 0.2978 0.0138, 1.0098 0.2978 0.0138, 0.9547 0.3093 0.0063, 1.0098 0.3093 0.0063, 0.9547 0.3222 0.0016, 1.0098 0.3222 0.0016, 0.9547 0.3358 0.0, 1.0098 0.3358 0.0, 1.0098 0.5815 0.0, 0.9547 0.5815 0.0, 0.9547 0.5917 0.0013, 1.0098 0.5917 0.0013, 0.9547 0.6012 0.0053, 1.0098 0.6012 0.0053, 0.9547 0.6093 0.0115, 1.0098 0.6093 0.0115, 0.9547 0.6156 0.0197, 1.0098 0.6156 0.0197, 0.9547 0.6195 0.0292, 1.0098 0.6195 0.0292, 0.9547 0.6209 0.0394, 1.0098 0.6209 0.0394, 1.0098 0.6209 0.0591, 0.9547 0.6209 0.0591, 0.9547 0.6189 0.0743, 1.0098 0.6189 0.0743, 0.9547 0.613 0.0886, 1.0098 0.613 0.0886, 0.9547 0.6036 0.1008, 1.0098 0.6036 0.1008, 0.9547 0.5913 0.1102, 1.0098 0.5913 0.1102, 0.9547 0.5771 0.1161, 1.0098 0.5771 0.1161, 0.9547 0.5618 0.1181, 1.0098 0.5618 0.1181, 1.0098 0.3754 0.1181, 0.9547 0.3754 0.1181, 1.0098 0.2862 0.2244, 0.9547 0.2862 0.2244, 1.0098 0.2862 0.6969, 0.9547 0.2862 0.6969, 1.0098 -0.7374 0.6969, 0.9547 -0.7374 0.6969, 1.0098 -1.0524 0.6413, 0.9547 -1.0524 0.6413, 0.9547 -1.0622 0.6382, 1.0098 -1.0622 0.6382, 0.9547 -1.0708 0.6327, 1.0098 -1.0708 0.6327, 0.9547 -1.0778 0.6251, 1.0098 -1.0778 0.6251, 0.9547 -1.0825 0.616, 1.0098 -1.0825 0.616, 0.9547 -1.0847 0.606, 1.0098 -1.0847 0.606, 0.9547 -1.0843 0.5957, 1.0098 -1.0843 0.5957, 0.9547 -1.0812 0.5859, 1.0098 -1.0812 0.5859, 0.9547 -1.0757 0.5772, 1.0098 -1.0757 0.5772, 0.9547 -1.0681 0.5703, 1.0098 -1.0681 0.5703, 0.9547 -1.059 0.5655, 1.0098 -1.059 0.5655, 0.9547 -1.049 0.5633, 1.0098 -1.049 0.5633, 0.9547 -1.0387 0.5638, 1.0098 -1.0387 0.5638, 1.0098 -0.7305 0.6181, 0.9547 -0.7305 0.6181, 1.0098 -0.1862 0.6181, 0.9547 -0.1862 0.6181, 1.0098 -0.1862 0.2047, 0.9547 -0.1862 0.2047, 1.4035 -0.6415 0.2746, 1.4035 -0.6188 0.2047, 1.3484 -0.6415 0.2746, 1.3484 -0.6188 0.2047, 1.4035 -0.9171 0.185, 1.3484 -0.9171 0.185, 1.3484 -0.9241 0.1817, 1.4035 -0.9241 0.1817, 1.3484 -0.9301 0.1768, 1.4035 -0.9301 0.1768, 1.3484 -0.9347 0.1705, 1.4035 -0.9347 0.1705, 1.3484 -0.9376 0.1632, 1.4035 -0.9376 0.1632, 1.3484 -0.9385 0.1555, 1.4035 -0.9385 0.1555, 1.3484 -0.9376 0.1478, 1.4035 -0.9376 0.1478, 1.3484 -0.9347 0.1406, 1.4035 -0.9347 0.1406, 1.3484 -0.9301 0.1343, 1.4035 -0.9301 0.1343, 1.3484 -0.9241 0.1293, 1.4035 -0.9241 0.1293, 1.3484 -0.9171 0.126, 1.4035 -0.9171 0.126, 1.4035 0.2145 0.126, 1.3484 0.2145 0.126, 1.4035 0.2281 0.1244, 1.3484 0.2281 0.1244, 1.4035 0.241 0.1197, 1.3484 0.241 0.1197, 1.4035 0.2524 0.1122, 1.3484 0.2524 0.1122, 1.4035 0.2618 0.1022, 1.3484 0.2618 0.1022, 1.4035 0.2687 0.0903, 1.3484 0.2687 0.0903, 1.4035 0.2726 0.0772, 1.3484 0.2726 0.0772, 1.4035 0.2776 0.0488, 1.3484 0.2776 0.0488, 1.3484 0.2815 0.0357, 1.4035 0.2815 0.0357, 1.3484 0.2884 0.0238, 1.4035 0.2884 0.0238, 1.3484 0.2978 0.0138, 1.4035 0.2978 0.0138, 1.3484 0.3093 0.0063, 1.4035 0.3093 0.0063, 1.3484 0.3222 0.0016, 1.4035 0.3222 0.0016, 1.3484 0.3358 0.0, 1.4035 0.3358 0.0, 1.4035 0.5815 0.0, 1.3484 0.5815 0.0, 1.3484 0.5917 0.0013, 1.4035 0.5917 0.0013, 1.3484 0.6012 0.0053, 1.4035 0.6012 0.0053, 1.3484 0.6093 0.0115, 1.4035 0.6093 0.0115, 1.3484 0.6156 0.0197, 1.4035 0.6156 0.0197, 1.3484 0.6195 0.0292, 1.4035 0.6195 0.0292, 1.3484 0.6209 0.0394, 1.4035 0.6209 0.0394, 1.4035 0.6209 0.0591, 1.3484 0.6209 0.0591, 1.3484 0.6189 0.0743, 1.4035 0.6189 0.0743, 1.3484 0.613 0.0886, 1.4035 0.613 0.0886, 1.3484 0.6036 0.1008, 1.4035 0.6036 0.1008, 1.3484 0.5913 0.1102, 1.4035 0.5913 0.1102, 1.3484 0.5771 0.1161, 1.4035 0.5771 0.1161, 1.3484 0.5618 0.1181, 1.4035 0.5618 0.1181, 1.4035 0.3754 0.1181, 1.3484 0.3754 0.1181, 1.4035 0.2862 0.2244, 1.3484 0.2862 0.2244, 1.4035 0.2862 0.6969, 1.3484 0.2862 0.6969, 1.4035 -0.7374 0.6969, 1.3484 -0.7374 0.6969, 1.4035 -1.0524 0.6413, 1.3484 -1.0524 0.6413, 1.3484 -1.0622 0.6382, 1.4035 -1.0622 0.6382, 1.3484 -1.0708 0.6327, 1.4035 -1.0708 0.6327, 1.3484 -1.0778 0.6251, 1.4035 -1.0778 0.6251, 1.3484 -1.0825 0.616, 1.4035 -1.0825 0.616, 1.3484 -1.0847 0.606, 1.4035 -1.0847 0.606, 1.3484 -1.0843 0.5957, 1.4035 -1.0843 0.5957, 1.3484 -1.0812 0.5859, 1.4035 -1.0812 0.5859, 1.3484 -1.0757 0.5772, 1.4035 -1.0757 0.5772, 1.3484 -1.0681 0.5703, 1.4035 -1.0681 0.5703, 1.3484 -1.059 0.5655, 1.4035 -1.059 0.5655, 1.3484 -1.049 0.5633, 1.4035 -1.049 0.5633, 1.3484 -1.0387 0.5638, 1.4035 -1.0387 0.5638, 1.4035 -0.7305 0.6181, 1.3484 -0.7305 0.6181, 1.4035 -0.1862 0.6181, 1.3484 -0.1862 0.6181, 1.4035 -0.1862 0.2047, 1.3484 -0.1862 0.2047, 1.7972 -0.6415 0.2746, 1.7972 -0.6188 0.2047, 1.7421 -0.6415 0.2746, 1.7421 -0.6188 0.2047, 1.7972 -0.9171 0.185, 1.7421 -0.9171 0.185, 1.7421 -0.9241 0.1817, 1.7972 -0.9241 0.1817, 1.7421 -0.9301 0.1768, 1.7972 -0.9301 0.1768, 1.7421 -0.9347 0.1705, 1.7972 -0.9347 0.1705, 1.7421 -0.9376 0.1632, 1.7972 -0.9376 0.1632, 1.7421 -0.9385 0.1555, 1.7972 -0.9385 0.1555, 1.7421 -0.9376 0.1478, 1.7972 -0.9376 0.1478, 1.7421 -0.9347 0.1406, 1.7972 -0.9347 0.1406, 1.7421 -0.9301 0.1343, 1.7972 -0.9301 0.1343, 1.7421 -0.9241 0.1293, 1.7972 -0.9241 0.1293, 1.7421 -0.9171 0.126, 1.7972 -0.9171 0.126, 1.7972 0.2145 0.126, 1.7421 0.2145 0.126, 1.7972 0.2281 0.1244, 1.7421 0.2281 0.1244, 1.7972 0.241 0.1197, 1.7421 0.241 0.1197, 1.7972 0.2524 0.1122, 1.7421 0.2524 0.1122, 1.7972 0.2618 0.1022, 1.7421 0.2618 0.1022, 1.7972 0.2687 0.0903, 1.7421 0.2687 0.0903, 1.7972 0.2726 0.0772, 1.7421 0.2726 0.0772, 1.7972 0.2776 0.0488, 1.7421 0.2776 0.0488, 1.7421 0.2815 0.0357, 1.7972 0.2815 0.0357, 1.7421 0.2884 0.0238, 1.7972 0.2884 0.0238, 1.7421 0.2978 0.0138, 1.7972 0.2978 0.0138, 1.7421 0.3093 0.0063, 1.7972 0.3093 0.0063, 1.7421 0.3222 0.0016, 1.7972 0.3222 0.0016, 1.7421 0.3358 0.0, 1.7972 0.3358 0.0, 1.7972 0.5815 0.0, 1.7421 0.5815 0.0, 1.7421 0.5917 0.0013, 1.7972 0.5917 0.0013, 1.7421 0.6012 0.0053, 1.7972 0.6012 0.0053, 1.7421 0.6093 0.0115, 1.7972 0.6093 0.0115, 1.7421 0.6156 0.0197, 1.7972 0.6156 0.0197, 1.7421 0.6195 0.0292, 1.7972 0.6195 0.0292, 1.7421 0.6209 0.0394, 1.7972 0.6209 0.0394, 1.7972 0.6209 0.0591, 1.7421 0.6209 0.0591, 1.7421 0.6189 0.0743, 1.7972 0.6189 0.0743, 1.7421 0.613 0.0886, 1.7972 0.613 0.0886, 1.7421 0.6036 0.1008, 1.7972 0.6036 0.1008, 1.7421 0.5913 0.1102, 1.7972 0.5913 0.1102, 1.7421 0.5771 0.1161, 1.7972 0.5771 0.1161, 1.7421 0.5618 0.1181, 1.7972 0.5618 0.1181, 1.7972 0.3754 0.1181, 1.7421 0.3754 0.1181, 1.7972 0.2862 0.2244, 1.7421 0.2862 0.2244, 1.7972 0.2862 0.6969, 1.7421 0.2862 0.6969, 1.7972 -0.7374 0.6969, 1.7421 -0.7374 0.6969, 1.7972 -1.0524 0.6413, 1.7421 -1.0524 0.6413, 1.7421 -1.0622 0.6382, 1.7972 -1.0622 0.6382, 1.7421 -1.0708 0.6327, 1.7972 -1.0708 0.6327, 1.7421 -1.0778 0.6251, 1.7972 -1.0778 0.6251, 1.7421 -1.0825 0.616, 1.7972 -1.0825 0.616, 1.7421 -1.0847 0.606, 1.7972 -1.0847 0.606, 1.7421 -1.0843 0.5957, 1.7972 -1.0843 0.5957, 1.7421 -1.0812 0.5859, 1.7972 -1.0812 0.5859, 1.7421 -1.0757 0.5772, 1.7972 -1.0757 0.5772, 1.7421 -1.0681 0.5703, 1.7972 -1.0681 0.5703, 1.7421 -1.059 0.5655, 1.7972 -1.059 0.5655, 1.7421 -1.049 0.5633, 1.7972 -1.049 0.5633, 1.7421 -1.0387 0.5638, 1.7972 -1.0387 0.5638, 1.7972 -0.7305 0.6181, 1.7421 -0.7305 0.6181, 1.7972 -0.1862 0.6181, 1.7421 -0.1862 0.6181, 1.7972 -0.1862 0.2047, 1.7421 -0.1862 0.2047, 2.1909 -0.6415 0.2746, 2.1909 -0.6188 0.2047, 2.1358 -0.6415 0.2746, 2.1358 -0.6188 0.2047, 2.1909 -0.9171 0.185, 2.1358 -0.9171 0.185, 2.1358 -0.9241 0.1817, 2.1909 -0.9241 0.1817, 2.1358 -0.9301 0.1768, 2.1909 -0.9301 0.1768, 2.1358 -0.9347 0.1705, 2.1909 -0.9347 0.1705, 2.1358 -0.9376 0.1632, 2.1909 -0.9376 0.1632, 2.1358 -0.9385 0.1555, 2.1909 -0.9385 0.1555, 2.1358 -0.9376 0.1478, 2.1909 -0.9376 0.1478, 2.1358 -0.9347 0.1406, 2.1909 -0.9347 0.1406, 2.1358 -0.9301 0.1343, 2.1909 -0.9301 0.1343, 2.1358 -0.9241 0.1293, 2.1909 -0.9241 0.1293, 2.1358 -0.9171 0.126, 2.1909 -0.9171 0.126, 2.1909 0.2145 0.126, 2.1358 0.2145 0.126, 2.1909 0.2281 0.1244, 2.1358 0.2281 0.1244, 2.1909 0.241 0.1197, 2.1358 0.241 0.1197, 2.1909 0.2524 0.1122, 2.1358 0.2524 0.1122, 2.1909 0.2618 0.1022, 2.1358 0.2618 0.1022, 2.1909 0.2687 0.0903, 2.1358 0.2687 0.0903, 2.1909 0.2726 0.0772, 2.1358 0.2726 0.0772, 2.1909 0.2776 0.0488, 2.1358 0.2776 0.0488, 2.1358 0.2815 0.0357, 2.1909 0.2815 0.0357, 2.1358 0.2884 0.0238, 2.1909 0.2884 0.0238, 2.1358 0.2978 0.0138, 2.1909 0.2978 0.0138, 2.1358 0.3093 0.0063, 2.1909 0.3093 0.0063, 2.1358 0.3222 0.0016, 2.1909 0.3222 0.0016, 2.1358 0.3358 0.0, 2.1909 0.3358 0.0, 2.1909 0.5815 0.0, 2.1358 0.5815 0.0, 2.1358 0.5917 0.0013, 2.1909 0.5917 0.0013, 2.1358 0.6012 0.0053, 2.1909 0.6012 0.0053, 2.1358 0.6093 0.0115, 2.1909 0.6093 0.0115, 2.1358 0.6156 0.0197, 2.1909 0.6156 0.0197, 2.1358 0.6195 0.0292, 2.1909 0.6195 0.0292, 2.1358 0.6209 0.0394, 2.1909 0.6209 0.0394, 2.1909 0.6209 0.0591, 2.1358 0.6209 0.0591, 2.1358 0.6189 0.0743, 2.1909 0.6189 0.0743, 2.1358 0.613 0.0886, 2.1909 0.613 0.0886, 2.1358 0.6036 0.1008, 2.1909 0.6036 0.1008, 2.1358 0.5913 0.1102, 2.1909 0.5913 0.1102, 2.1358 0.5771 0.1161, 2.1909 0.5771 0.1161, 2.1358 0.5618 0.1181, 2.1909 0.5618 0.1181, 2.1909 0.3754 0.1181, 2.1358 0.3754 0.1181, 2.1909 0.2862 0.2244, 2.1358 0.2862 0.2244, 2.1909 0.2862 0.6969, 2.1358 0.2862 0.6969, 2.1909 -0.7374 0.6969, 2.1358 -0.7374 0.6969, 2.1909 -1.0524 0.6413, 2.1358 -1.0524 0.6413, 2.1358 -1.0622 0.6382, 2.1909 -1.0622 0.6382, 2.1358 -1.0708 0.6327, 2.1909 -1.0708 0.6327, 2.1358 -1.0778 0.6251, 2.1909 -1.0778 0.6251, 2.1358 -1.0825 0.616, 2.1909 -1.0825 0.616, 2.1358 -1.0847 0.606, 2.1909 -1.0847 0.606, 2.1358 -1.0843 0.5957, 2.1909 -1.0843 0.5957, 2.1358 -1.0812 0.5859, 2.1909 -1.0812 0.5859, 2.1358 -1.0757 0.5772, 2.1909 -1.0757 0.5772, 2.1358 -1.0681 0.5703, 2.1909 -1.0681 0.5703, 2.1358 -1.059 0.5655, 2.1909 -1.059 0.5655, 2.1358 -1.049 0.5633, 2.1909 -1.049 0.5633, 2.1358 -1.0387 0.5638, 2.1909 -1.0387 0.5638, 2.1909 -0.7305 0.6181, 2.1358 -0.7305 0.6181, 2.1909 -0.1862 0.6181, 2.1358 -0.1862 0.6181, 2.1909 -0.1862 0.2047, 2.1358 -0.1862 0.2047, 2.5846 -0.6415 0.2746, 2.5846 -0.6188 0.2047, 2.5295 -0.6415 0.2746, 2.5295 -0.6188 0.2047, 2.5846 -0.9171 0.185, 2.5295 -0.9171 0.185, 2.5295 -0.9241 0.1817, 2.5846 -0.9241 0.1817, 2.5295 -0.9301 0.1768, 2.5846 -0.9301 0.1768, 2.5295 -0.9347 0.1705, 2.5846 -0.9347 0.1705, 2.5295 -0.9376 0.1632, 2.5846 -0.9376 0.1632, 2.5295 -0.9385 0.1555, 2.5846 -0.9385 0.1555, 2.5295 -0.9376 0.1478, 2.5846 -0.9376 0.1478, 2.5295 -0.9347 0.1406, 2.5846 -0.9347 0.1406, 2.5295 -0.9301 0.1343, 2.5846 -0.9301 0.1343, 2.5295 -0.9241 0.1293, 2.5846 -0.9241 0.1293, 2.5295 -0.9171 0.126, 2.5846 -0.9171 0.126, 2.5846 0.2145 0.126, 2.5295 0.2145 0.126, 2.5846 0.2281 0.1244, 2.5295 0.2281 0.1244, 2.5846 0.241 0.1197, 2.5295 0.241 0.1197, 2.5846 0.2524 0.1122, 2.5295 0.2524 0.1122, 2.5846 0.2618 0.1022, 2.5295 0.2618 0.1022, 2.5846 0.2687 0.0903, 2.5295 0.2687 0.0903, 2.5846 0.2726 0.0772, 2.5295 0.2726 0.0772, 2.5846 0.2776 0.0488, 2.5295 0.2776 0.0488, 2.5295 0.2815 0.0357, 2.5846 0.2815 0.0357, 2.5295 0.2884 0.0238, 2.5846 0.2884 0.0238, 2.5295 0.2978 0.0138, 2.5846 0.2978 0.0138, 2.5295 0.3093 0.0063, 2.5846 0.3093 0.0063, 2.5295 0.3222 0.0016, 2.5846 0.3222 0.0016, 2.5295 0.3358 0.0, 2.5846 0.3358 0.0, 2.5846 0.5815 0.0, 2.5295 0.5815 0.0, 2.5295 0.5917 0.0013, 2.5846 0.5917 0.0013, 2.5295 0.6012 0.0053, 2.5846 0.6012 0.0053, 2.5295 0.6093 0.0115, 2.5846 0.6093 0.0115, 2.5295 0.6156 0.0197, 2.5846 0.6156 0.0197, 2.5295 0.6195 0.0292, 2.5846 0.6195 0.0292, 2.5295 0.6209 0.0394, 2.5846 0.6209 0.0394, 2.5846 0.6209 0.0591, 2.5295 0.6209 0.0591, 2.5295 0.6189 0.0743, 2.5846 0.6189 0.0743, 2.5295 0.613 0.0886, 2.5846 0.613 0.0886, 2.5295 0.6036 0.1008, 2.5846 0.6036 0.1008, 2.5295 0.5913 0.1102, 2.5846 0.5913 0.1102, 2.5295 0.5771 0.1161, 2.5846 0.5771 0.1161, 2.5295 0.5618 0.1181, 2.5846 0.5618 0.1181, 2.5846 0.3754 0.1181, 2.5295 0.3754 0.1181, 2.5846 0.2862 0.2244, 2.5295 0.2862 0.2244, 2.5846 0.2862 0.6969, 2.5295 0.2862 0.6969, 2.5846 -0.7374 0.6969, 2.5295 -0.7374 0.6969, 2.5846 -1.0524 0.6413, 2.5295 -1.0524 0.6413, 2.5295 -1.0622 0.6382, 2.5846 -1.0622 0.6382, 2.5295 -1.0708 0.6327, 2.5846 -1.0708 0.6327, 2.5295 -1.0778 0.6251, 2.5846 -1.0778 0.6251, 2.5295 -1.0825 0.616, 2.5846 -1.0825 0.616, 2.5295 -1.0847 0.606, 2.5846 -1.0847 0.606, 2.5295 -1.0843 0.5957, 2.5846 -1.0843 0.5957, 2.5295 -1.0812 0.5859, 2.5846 -1.0812 0.5859, 2.5295 -1.0757 0.5772, 2.5846 -1.0757 0.5772, 2.5295 -1.0681 0.5703, 2.5846 -1.0681 0.5703, 2.5295 -1.059 0.5655, 2.5846 -1.059 0.5655, 2.5295 -1.049 0.5633, 2.5846 -1.049 0.5633, 2.5295 -1.0387 0.5638, 2.5846 -1.0387 0.5638, 2.5846 -0.7305 0.6181, 2.5295 -0.7305 0.6181, 2.5846 -0.1862 0.6181, 2.5295 -0.1862 0.6181, 2.5846 -0.1862 0.2047, 2.5295 -0.1862 0.2047, 2.9783 -0.6415 0.2746, 2.9783 -0.6188 0.2047, 2.9232 -0.6415 0.2746, 2.9232 -0.6188 0.2047, 2.9783 -0.9171 0.185, 2.9232 -0.9171 0.185, 2.9232 -0.9241 0.1817, 2.9783 -0.9241 0.1817, 2.9232 -0.9301 0.1768, 2.9783 -0.9301 0.1768, 2.9232 -0.9347 0.1705, 2.9783 -0.9347 0.1705, 2.9232 -0.9376 0.1632, 2.9783 -0.9376 0.1632, 2.9232 -0.9385 0.1555, 2.9783 -0.9385 0.1555, 2.9232 -0.9376 0.1478, 2.9783 -0.9376 0.1478, 2.9232 -0.9347 0.1406, 2.9783 -0.9347 0.1406, 2.9232 -0.9301 0.1343, 2.9783 -0.9301 0.1343, 2.9232 -0.9241 0.1293, 2.9783 -0.9241 0.1293, 2.9232 -0.9171 0.126, 2.9783 -0.9171 0.126, 2.9783 0.2145 0.126, 2.9232 0.2145 0.126, 2.9783 0.2281 0.1244, 2.9232 0.2281 0.1244, 2.9783 0.241 0.1197, 2.9232 0.241 0.1197, 2.9783 0.2524 0.1122, 2.9232 0.2524 0.1122, 2.9783 0.2618 0.1022, 2.9232 0.2618 0.1022, 2.9783 0.2687 0.0903, 2.9232 0.2687 0.0903, 2.9783 0.2726 0.0772, 2.9232 0.2726 0.0772, 2.9783 0.2776 0.0488, 2.9232 0.2776 0.0488, 2.9232 0.2815 0.0357, 2.9783 0.2815 0.0357, 2.9232 0.2884 0.0238, 2.9783 0.2884 0.0238, 2.9232 0.2978 0.0138, 2.9783 0.2978 0.0138, 2.9232 0.3093 0.0063, 2.9783 0.3093 0.0063, 2.9232 0.3222 0.0016, 2.9783 0.3222 0.0016, 2.9232 0.3358 0.0, 2.9783 0.3358 0.0, 2.9783 0.5815 0.0, 2.9232 0.5815 0.0, 2.9232 0.5917 0.0013, 2.9783 0.5917 0.0013, 2.9232 0.6012 0.0053, 2.9783 0.6012 0.0053, 2.9232 0.6093 0.0115, 2.9783 0.6093 0.0115, 2.9232 0.6156 0.0197, 2.9783 0.6156 0.0197, 2.9232 0.6195 0.0292, 2.9783 0.6195 0.0292, 2.9232 0.6209 0.0394, 2.9783 0.6209 0.0394, 2.9783 0.6209 0.0591, 2.9232 0.6209 0.0591, 2.9232 0.6189 0.0743, 2.9783 0.6189 0.0743, 2.9232 0.613 0.0886, 2.9783 0.613 0.0886, 2.9232 0.6036 0.1008, 2.9783 0.6036 0.1008, 2.9232 0.5913 0.1102, 2.9783 0.5913 0.1102, 2.9232 0.5771 0.1161, 2.9783 0.5771 0.1161, 2.9232 0.5618 0.1181, 2.9783 0.5618 0.1181, 2.9783 0.3754 0.1181, 2.9232 0.3754 0.1181, 2.9783 0.2862 0.2244, 2.9232 0.2862 0.2244, 2.9783 0.2862 0.6969, 2.9232 0.2862 0.6969, 2.9783 -0.7374 0.6969, 2.9232 -0.7374 0.6969, 2.9783 -1.0524 0.6413, 2.9232 -1.0524 0.6413, 2.9232 -1.0622 0.6382, 2.9783 -1.0622 0.6382, 2.9232 -1.0708 0.6327, 2.9783 -1.0708 0.6327, 2.9232 -1.0778 0.6251, 2.9783 -1.0778 0.6251, 2.9232 -1.0825 0.616, 2.9783 -1.0825 0.616, 2.9232 -1.0847 0.606, 2.9783 -1.0847 0.606, 2.9232 -1.0843 0.5957, 2.9783 -1.0843 0.5957, 2.9232 -1.0812 0.5859, 2.9783 -1.0812 0.5859, 2.9232 -1.0757 0.5772, 2.9783 -1.0757 0.5772, 2.9232 -1.0681 0.5703, 2.9783 -1.0681 0.5703, 2.9232 -1.059 0.5655, 2.9783 -1.059 0.5655, 2.9232 -1.049 0.5633, 2.9783 -1.049 0.5633, 2.9232 -1.0387 0.5638, 2.9783 -1.0387 0.5638, 2.9783 -0.7305 0.6181, 2.9232 -0.7305 0.6181, 2.9783 -0.1862 0.6181, 2.9232 -0.1862 0.6181, 2.9783 -0.1862 0.2047, 2.9232 -0.1862 0.2047, 3.372 -0.6415 0.2746, 3.372 -0.6188 0.2047, 3.3169 -0.6415 0.2746, 3.3169 -0.6188 0.2047, 3.372 -0.9171 0.185, 3.3169 -0.9171 0.185, 3.3169 -0.9241 0.1817, 3.372 -0.9241 0.1817, 3.3169 -0.9301 0.1768, 3.372 -0.9301 0.1768, 3.3169 -0.9347 0.1705, 3.372 -0.9347 0.1705, 3.3169 -0.9376 0.1632, 3.372 -0.9376 0.1632, 3.3169 -0.9385 0.1555, 3.372 -0.9385 0.1555, 3.3169 -0.9376 0.1478, 3.372 -0.9376 0.1478, 3.3169 -0.9347 0.1406, 3.372 -0.9347 0.1406, 3.3169 -0.9301 0.1343, 3.372 -0.9301 0.1343, 3.3169 -0.9241 0.1293, 3.372 -0.9241 0.1293, 3.3169 -0.9171 0.126, 3.372 -0.9171 0.126, 3.372 0.2145 0.126, 3.3169 0.2145 0.126, 3.372 0.2281 0.1244, 3.3169 0.2281 0.1244, 3.372 0.241 0.1197, 3.3169 0.241 0.1197, 3.372 0.2524 0.1122, 3.3169 0.2524 0.1122, 3.372 0.2618 0.1022, 3.3169 0.2618 0.1022, 3.372 0.2687 0.0903, 3.3169 0.2687 0.0903, 3.372 0.2726 0.0772, 3.3169 0.2726 0.0772, 3.372 0.2776 0.0488, 3.3169 0.2776 0.0488, 3.3169 0.2815 0.0357, 3.372 0.2815 0.0357, 3.3169 0.2884 0.0238, 3.372 0.2884 0.0238, 3.3169 0.2978 0.0138, 3.372 0.2978 0.0138, 3.3169 0.3093 0.0063, 3.372 0.3093 0.0063, 3.3169 0.3222 0.0016, 3.372 0.3222 0.0016, 3.3169 0.3358 0.0, 3.372 0.3358 0.0, 3.372 0.5815 0.0, 3.3169 0.5815 0.0, 3.3169 0.5917 0.0013, 3.372 0.5917 0.0013, 3.3169 0.6012 0.0053, 3.372 0.6012 0.0053, 3.3169 0.6093 0.0115, 3.372 0.6093 0.0115, 3.3169 0.6156 0.0197, 3.372 0.6156 0.0197, 3.3169 0.6195 0.0292, 3.372 0.6195 0.0292, 3.3169 0.6209 0.0394, 3.372 0.6209 0.0394, 3.372 0.6209 0.0591, 3.3169 0.6209 0.0591, 3.3169 0.6189 0.0743, 3.372 0.6189 0.0743, 3.3169 0.613 0.0886, 3.372 0.613 0.0886, 3.3169 0.6036 0.1008, 3.372 0.6036 0.1008, 3.3169 0.5913 0.1102, 3.372 0.5913 0.1102, 3.3169 0.5771 0.1161, 3.372 0.5771 0.1161, 3.3169 0.5618 0.1181, 3.372 0.5618 0.1181, 3.372 0.3754 0.1181, 3.3169 0.3754 0.1181, 3.372 0.2862 0.2244, 3.3169 0.2862 0.2244, 3.372 0.2862 0.6969, 3.3169 0.2862 0.6969, 3.372 -0.7374 0.6969, 3.3169 -0.7374 0.6969, 3.372 -1.0524 0.6413, 3.3169 -1.0524 0.6413, 3.3169 -1.0622 0.6382, 3.372 -1.0622 0.6382, 3.3169 -1.0708 0.6327, 3.372 -1.0708 0.6327, 3.3169 -1.0778 0.6251, 3.372 -1.0778 0.6251, 3.3169 -1.0825 0.616, 3.372 -1.0825 0.616, 3.3169 -1.0847 0.606, 3.372 -1.0847 0.606, 3.3169 -1.0843 0.5957, 3.372 -1.0843 0.5957, 3.3169 -1.0812 0.5859, 3.372 -1.0812 0.5859, 3.3169 -1.0757 0.5772, 3.372 -1.0757 0.5772, 3.3169 -1.0681 0.5703, 3.372 -1.0681 0.5703, 3.3169 -1.059 0.5655, 3.372 -1.059 0.5655, 3.3169 -1.049 0.5633, 3.372 -1.049 0.5633, 3.3169 -1.0387 0.5638, 3.372 -1.0387 0.5638, 3.372 -0.7305 0.6181, 3.3169 -0.7305 0.6181, 3.372 -0.1862 0.6181, 3.3169 -0.1862 0.6181, 3.372 -0.1862 0.2047, 3.3169 -0.1862 0.2047, 3.7657 -0.6415 0.2746, 3.7657 -0.6188 0.2047, 3.7106 -0.6415 0.2746, 3.7106 -0.6188 0.2047, 3.7657 -0.9171 0.185, 3.7106 -0.9171 0.185, 3.7106 -0.9241 0.1817, 3.7657 -0.9241 0.1817, 3.7106 -0.9301 0.1768, 3.7657 -0.9301 0.1768, 3.7106 -0.9347 0.1705, 3.7657 -0.9347 0.1705, 3.7106 -0.9376 0.1632, 3.7657 -0.9376 0.1632, 3.7106 -0.9385 0.1555, 3.7657 -0.9385 0.1555, 3.7106 -0.9376 0.1478, 3.7657 -0.9376 0.1478, 3.7106 -0.9347 0.1406, 3.7657 -0.9347 0.1406, 3.7106 -0.9301 0.1343, 3.7657 -0.9301 0.1343, 3.7106 -0.9241 0.1293, 3.7657 -0.9241 0.1293, 3.7106 -0.9171 0.126, 3.7657 -0.9171 0.126, 3.7657 0.2145 0.126, 3.7106 0.2145 0.126, 3.7657 0.2281 0.1244, 3.7106 0.2281 0.1244, 3.7657 0.241 0.1197, 3.7106 0.241 0.1197, 3.7657 0.2524 0.1122, 3.7106 0.2524 0.1122, 3.7657 0.2618 0.1022, 3.7106 0.2618 0.1022, 3.7657 0.2687 0.0903, 3.7106 0.2687 0.0903, 3.7657 0.2726 0.0772, 3.7106 0.2726 0.0772, 3.7657 0.2776 0.0488, 3.7106 0.2776 0.0488, 3.7106 0.2815 0.0357, 3.7657 0.2815 0.0357, 3.7106 0.2884 0.0238, 3.7657 0.2884 0.0238, 3.7106 0.2978 0.0138, 3.7657 0.2978 0.0138, 3.7106 0.3093 0.0063, 3.7657 0.3093 0.0063, 3.7106 0.3222 0.0016, 3.7657 0.3222 0.0016, 3.7106 0.3358 0.0, 3.7657 0.3358 0.0, 3.7657 0.5815 0.0, 3.7106 0.5815 0.0, 3.7106 0.5917 0.0013, 3.7657 0.5917 0.0013, 3.7106 0.6012 0.0053, 3.7657 0.6012 0.0053, 3.7106 0.6093 0.0115, 3.7657 0.6093 0.0115, 3.7106 0.6156 0.0197, 3.7657 0.6156 0.0197, 3.7106 0.6195 0.0292, 3.7657 0.6195 0.0292, 3.7106 0.6209 0.0394, 3.7657 0.6209 0.0394, 3.7657 0.6209 0.0591, 3.7106 0.6209 0.0591, 3.7106 0.6189 0.0743, 3.7657 0.6189 0.0743, 3.7106 0.613 0.0886, 3.7657 0.613 0.0886, 3.7106 0.6036 0.1008, 3.7657 0.6036 0.1008, 3.7106 0.5913 0.1102, 3.7657 0.5913 0.1102, 3.7106 0.5771 0.1161, 3.7657 0.5771 0.1161, 3.7106 0.5618 0.1181, 3.7657 0.5618 0.1181, 3.7657 0.3754 0.1181, 3.7106 0.3754 0.1181, 3.7657 0.2862 0.2244, 3.7106 0.2862 0.2244, 3.7657 0.2862 0.6969, 3.7106 0.2862 0.6969, 3.7657 -0.7374 0.6969, 3.7106 -0.7374 0.6969, 3.7657 -1.0524 0.6413, 3.7106 -1.0524 0.6413, 3.7106 -1.0622 0.6382, 3.7657 -1.0622 0.6382, 3.7106 -1.0708 0.6327, 3.7657 -1.0708 0.6327, 3.7106 -1.0778 0.6251, 3.7657 -1.0778 0.6251, 3.7106 -1.0825 0.616, 3.7657 -1.0825 0.616, 3.7106 -1.0847 0.606, 3.7657 -1.0847 0.606, 3.7106 -1.0843 0.5957, 3.7657 -1.0843 0.5957, 3.7106 -1.0812 0.5859, 3.7657 -1.0812 0.5859, 3.7106 -1.0757 0.5772, 3.7657 -1.0757 0.5772, 3.7106 -1.0681 0.5703, 3.7657 -1.0681 0.5703, 3.7106 -1.059 0.5655, 3.7657 -1.059 0.5655, 3.7106 -1.049 0.5633, 3.7657 -1.049 0.5633, 3.7106 -1.0387 0.5638, 3.7657 -1.0387 0.5638, 3.7657 -0.7305 0.6181, 3.7106 -0.7305 0.6181, 3.7657 -0.1862 0.6181, 3.7106 -0.1862 0.6181, 3.7657 -0.1862 0.2047, 3.7106 -0.1862 0.2047, 4.1594 -0.6415 0.2746, 4.1594 -0.6188 0.2047, 4.1043 -0.6415 0.2746, 4.1043 -0.6188 0.2047, 4.1594 -0.9171 0.185, 4.1043 -0.9171 0.185, 4.1043 -0.9241 0.1817, 4.1594 -0.9241 0.1817, 4.1043 -0.9301 0.1768, 4.1594 -0.9301 0.1768, 4.1043 -0.9347 0.1705, 4.1594 -0.9347 0.1705, 4.1043 -0.9376 0.1632, 4.1594 -0.9376 0.1632, 4.1043 -0.9385 0.1555, 4.1594 -0.9385 0.1555, 4.1043 -0.9376 0.1478, 4.1594 -0.9376 0.1478, 4.1043 -0.9347 0.1406, 4.1594 -0.9347 0.1406, 4.1043 -0.9301 0.1343, 4.1594 -0.9301 0.1343, 4.1043 -0.9241 0.1293, 4.1594 -0.9241 0.1293, 4.1043 -0.9171 0.126, 4.1594 -0.9171 0.126, 4.1594 0.2145 0.126, 4.1043 0.2145 0.126, 4.1594 0.2281 0.1244, 4.1043 0.2281 0.1244, 4.1594 0.241 0.1197, 4.1043 0.241 0.1197, 4.1594 0.2524 0.1122, 4.1043 0.2524 0.1122, 4.1594 0.2618 0.1022, 4.1043 0.2618 0.1022, 4.1594 0.2687 0.0903, 4.1043 0.2687 0.0903, 4.1594 0.2726 0.0772, 4.1043 0.2726 0.0772, 4.1594 0.2776 0.0488, 4.1043 0.2776 0.0488, 4.1043 0.2815 0.0357, 4.1594 0.2815 0.0357, 4.1043 0.2884 0.0238, 4.1594 0.2884 0.0238, 4.1043 0.2978 0.0138, 4.1594 0.2978 0.0138, 4.1043 0.3093 0.0063, 4.1594 0.3093 0.0063, 4.1043 0.3222 0.0016, 4.1594 0.3222 0.0016, 4.1043 0.3358 0.0, 4.1594 0.3358 0.0, 4.1594 0.5815 0.0, 4.1043 0.5815 0.0, 4.1043 0.5917 0.0013, 4.1594 0.5917 0.0013, 4.1043 0.6012 0.0053, 4.1594 0.6012 0.0053, 4.1043 0.6093 0.0115, 4.1594 0.6093 0.0115, 4.1043 0.6156 0.0197, 4.1594 0.6156 0.0197, 4.1043 0.6195 0.0292, 4.1594 0.6195 0.0292, 4.1043 0.6209 0.0394, 4.1594 0.6209 0.0394, 4.1594 0.6209 0.0591, 4.1043 0.6209 0.0591, 4.1043 0.6189 0.0743, 4.1594 0.6189 0.0743, 4.1043 0.613 0.0886, 4.1594 0.613 0.0886, 4.1043 0.6036 0.1008, 4.1594 0.6036 0.1008, 4.1043 0.5913 0.1102, 4.1594 0.5913 0.1102, 4.1043 0.5771 0.1161, 4.1594 0.5771 0.1161, 4.1043 0.5618 0.1181, 4.1594 0.5618 0.1181, 4.1594 0.3754 0.1181, 4.1043 0.3754 0.1181, 4.1594 0.2862 0.2244, 4.1043 0.2862 0.2244, 4.1594 0.2862 0.6969, 4.1043 0.2862 0.6969, 4.1594 -0.7374 0.6969, 4.1043 -0.7374 0.6969, 4.1594 -1.0524 0.6413, 4.1043 -1.0524 0.6413, 4.1043 -1.0622 0.6382, 4.1594 -1.0622 0.6382, 4.1043 -1.0708 0.6327, 4.1594 -1.0708 0.6327, 4.1043 -1.0778 0.6251, 4.1594 -1.0778 0.6251, 4.1043 -1.0825 0.616, 4.1594 -1.0825 0.616, 4.1043 -1.0847 0.606, 4.1594 -1.0847 0.606, 4.1043 -1.0843 0.5957, 4.1594 -1.0843 0.5957, 4.1043 -1.0812 0.5859, 4.1594 -1.0812 0.5859, 4.1043 -1.0757 0.5772, 4.1594 -1.0757 0.5772, 4.1043 -1.0681 0.5703, 4.1594 -1.0681 0.5703, 4.1043 -1.059 0.5655, 4.1594 -1.059 0.5655, 4.1043 -1.049 0.5633, 4.1594 -1.049 0.5633, 4.1043 -1.0387 0.5638, 4.1594 -1.0387 0.5638, 4.1594 -0.7305 0.6181, 4.1043 -0.7305 0.6181, 4.1594 -0.1862 0.6181, 4.1043 -0.1862 0.6181, 4.1594 -0.1862 0.2047, 4.1043 -0.1862 0.2047, 4.5531 -0.6415 0.2746, 4.5531 -0.6188 0.2047, 4.498 -0.6415 0.2746, 4.498 -0.6188 0.2047, 4.5531 -0.9171 0.185, 4.498 -0.9171 0.185, 4.498 -0.9241 0.1817, 4.5531 -0.9241 0.1817, 4.498 -0.9301 0.1768, 4.5531 -0.9301 0.1768, 4.498 -0.9347 0.1705, 4.5531 -0.9347 0.1705, 4.498 -0.9376 0.1632, 4.5531 -0.9376 0.1632, 4.498 -0.9385 0.1555, 4.5531 -0.9385 0.1555, 4.498 -0.9376 0.1478, 4.5531 -0.9376 0.1478, 4.498 -0.9347 0.1406, 4.5531 -0.9347 0.1406, 4.498 -0.9301 0.1343, 4.5531 -0.9301 0.1343, 4.498 -0.9241 0.1293, 4.5531 -0.9241 0.1293, 4.498 -0.9171 0.126, 4.5531 -0.9171 0.126, 4.5531 0.2145 0.126, 4.498 0.2145 0.126, 4.5531 0.2281 0.1244, 4.498 0.2281 0.1244, 4.5531 0.241 0.1197, 4.498 0.241 0.1197, 4.5531 0.2524 0.1122, 4.498 0.2524 0.1122, 4.5531 0.2618 0.1022, 4.498 0.2618 0.1022, 4.5531 0.2687 0.0903, 4.498 0.2687 0.0903, 4.5531 0.2726 0.0772, 4.498 0.2726 0.0772, 4.5531 0.2776 0.0488, 4.498 0.2776 0.0488, 4.498 0.2815 0.0357, 4.5531 0.2815 0.0357, 4.498 0.2884 0.0238, 4.5531 0.2884 0.0238, 4.498 0.2978 0.0138, 4.5531 0.2978 0.0138, 4.498 0.3093 0.0063, 4.5531 0.3093 0.0063, 4.498 0.3222 0.0016, 4.5531 0.3222 0.0016, 4.498 0.3358 0.0, 4.5531 0.3358 0.0, 4.5531 0.5815 0.0, 4.498 0.5815 0.0, 4.498 0.5917 0.0013, 4.5531 0.5917 0.0013, 4.498 0.6012 0.0053, 4.5531 0.6012 0.0053, 4.498 0.6093 0.0115, 4.5531 0.6093 0.0115, 4.498 0.6156 0.0197, 4.5531 0.6156 0.0197, 4.498 0.6195 0.0292, 4.5531 0.6195 0.0292, 4.498 0.6209 0.0394, 4.5531 0.6209 0.0394, 4.5531 0.6209 0.0591, 4.498 0.6209 0.0591, 4.498 0.6189 0.0743, 4.5531 0.6189 0.0743, 4.498 0.613 0.0886, 4.5531 0.613 0.0886, 4.498 0.6036 0.1008, 4.5531 0.6036 0.1008, 4.498 0.5913 0.1102, 4.5531 0.5913 0.1102, 4.498 0.5771 0.1161, 4.5531 0.5771 0.1161, 4.498 0.5618 0.1181, 4.5531 0.5618 0.1181, 4.5531 0.3754 0.1181, 4.498 0.3754 0.1181, 4.5531 0.2862 0.2244, 4.498 0.2862 0.2244, 4.5531 0.2862 0.6969, 4.498 0.2862 0.6969, 4.5531 -0.7374 0.6969, 4.498 -0.7374 0.6969, 4.5531 -1.0524 0.6413, 4.498 -1.0524 0.6413, 4.498 -1.0622 0.6382, 4.5531 -1.0622 0.6382, 4.498 -1.0708 0.6327, 4.5531 -1.0708 0.6327, 4.498 -1.0778 0.6251, 4.5531 -1.0778 0.6251, 4.498 -1.0825 0.616, 4.5531 -1.0825 0.616, 4.498 -1.0847 0.606, 4.5531 -1.0847 0.606, 4.498 -1.0843 0.5957, 4.5531 -1.0843 0.5957, 4.498 -1.0812 0.5859, 4.5531 -1.0812 0.5859, 4.498 -1.0757 0.5772, 4.5531 -1.0757 0.5772, 4.498 -1.0681 0.5703, 4.5531 -1.0681 0.5703, 4.498 -1.059 0.5655, 4.5531 -1.059 0.5655, 4.498 -1.049 0.5633, 4.5531 -1.049 0.5633, 4.498 -1.0387 0.5638, 4.5531 -1.0387 0.5638, 4.5531 -0.7305 0.6181, 4.498 -0.7305 0.6181, 4.5531 -0.1862 0.6181, 4.498 -0.1862 0.6181, 4.5531 -0.1862 0.2047, 4.498 -0.1862 0.2047, -0.1713 -0.6415 0.2746, -0.1713 -0.6188 0.2047, -0.2264 -0.6415 0.2746, -0.2264 -0.6188 0.2047, -0.1713 -0.9171 0.185, -0.2264 -0.9171 0.185, -0.2264 -0.9241 0.1817, -0.1713 -0.9241 0.1817, -0.2264 -0.9301 0.1768, -0.1713 -0.9301 0.1768, -0.2264 -0.9347 0.1705, -0.1713 -0.9347 0.1705, -0.2264 -0.9376 0.1632, -0.1713 -0.9376 0.1632, -0.2264 -0.9385 0.1555, -0.1713 -0.9385 0.1555, -0.2264 -0.9376 0.1478, -0.1713 -0.9376 0.1478, -0.2264 -0.9347 0.1406, -0.1713 -0.9347 0.1406, -0.2264 -0.9301 0.1343, -0.1713 -0.9301 0.1343, -0.2264 -0.9241 0.1293, -0.1713 -0.9241 0.1293, -0.2264 -0.9171 0.126, -0.1713 -0.9171 0.126, -0.1713 0.2145 0.126, -0.2264 0.2145 0.126, -0.1713 0.2281 0.1244, -0.2264 0.2281 0.1244, -0.1713 0.241 0.1197, -0.2264 0.241 0.1197, -0.1713 0.2524 0.1122, -0.2264 0.2524 0.1122, -0.1713 0.2618 0.1022, -0.2264 0.2618 0.1022, -0.1713 0.2687 0.0903, -0.2264 0.2687 0.0903, -0.1713 0.2726 0.0772, -0.2264 0.2726 0.0772, -0.1713 0.2776 0.0488, -0.2264 0.2776 0.0488, -0.2264 0.2815 0.0357, -0.1713 0.2815 0.0357, -0.2264 0.2884 0.0238, -0.1713 0.2884 0.0238, -0.2264 0.2978 0.0138, -0.1713 0.2978 0.0138, -0.2264 0.3093 0.0063, -0.1713 0.3093 0.0063, -0.2264 0.3222 0.0016, -0.1713 0.3222 0.0016, -0.2264 0.3358 0.0, -0.1713 0.3358 0.0, -0.1713 0.5815 0.0, -0.2264 0.5815 0.0, -0.2264 0.5917 0.0013, -0.1713 0.5917 0.0013, -0.2264 0.6012 0.0053, -0.1713 0.6012 0.0053, -0.2264 0.6093 0.0115, -0.1713 0.6093 0.0115, -0.2264 0.6156 0.0197, -0.1713 0.6156 0.0197, -0.2264 0.6195 0.0292, -0.1713 0.6195 0.0292, -0.2264 0.6209 0.0394, -0.1713 0.6209 0.0394, -0.1713 0.6209 0.0591, -0.2264 0.6209 0.0591, -0.2264 0.6189 0.0743, -0.1713 0.6189 0.0743, -0.2264 0.613 0.0886, -0.1713 0.613 0.0886, -0.2264 0.6036 0.1008, -0.1713 0.6036 0.1008, -0.2264 0.5913 0.1102, -0.1713 0.5913 0.1102, -0.2264 0.5771 0.1161, -0.1713 0.5771 0.1161, -0.2264 0.5618 0.1181, -0.1713 0.5618 0.1181, -0.1713 0.3754 0.1181, -0.2264 0.3754 0.1181, -0.1713 0.2862 0.2244, -0.2264 0.2862 0.2244, -0.1713 0.2862 0.6969, -0.2264 0.2862 0.6969, -0.1713 -0.7374 0.6969, -0.2264 -0.7374 0.6969, -0.1713 -1.0524 0.6413, -0.2264 -1.0524 0.6413, -0.2264 -1.0622 0.6382, -0.1713 -1.0622 0.6382, -0.2264 -1.0708 0.6327, -0.1713 -1.0708 0.6327, -0.2264 -1.0778 0.6251, -0.1713 -1.0778 0.6251, -0.2264 -1.0825 0.616, -0.1713 -1.0825 0.616, -0.2264 -1.0847 0.606, -0.1713 -1.0847 0.606, -0.2264 -1.0843 0.5957, -0.1713 -1.0843 0.5957, -0.2264 -1.0812 0.5859, -0.1713 -1.0812 0.5859, -0.2264 -1.0757 0.5772, -0.1713 -1.0757 0.5772, -0.2264 -1.0681 0.5703, -0.1713 -1.0681 0.5703, -0.2264 -1.059 0.5655, -0.1713 -1.059 0.5655, -0.2264 -1.049 0.5633, -0.1713 -1.049 0.5633, -0.2264 -1.0387 0.5638, -0.1713 -1.0387 0.5638, -0.1713 -0.7305 0.6181, -0.2264 -0.7305 0.6181, -0.1713 -0.1862 0.6181, -0.2264 -0.1862 0.6181, -0.1713 -0.1862 0.2047, -0.2264 -0.1862 0.2047, -0.565 -0.6415 0.2746, -0.565 -0.6188 0.2047, -0.6201 -0.6415 0.2746, -0.6201 -0.6188 0.2047, -0.565 -0.9171 0.185, -0.6201 -0.9171 0.185, -0.6201 -0.9241 0.1817, -0.565 -0.9241 0.1817, -0.6201 -0.9301 0.1768, -0.565 -0.9301 0.1768, -0.6201 -0.9347 0.1705, -0.565 -0.9347 0.1705, -0.6201 -0.9376 0.1632, -0.565 -0.9376 0.1632, -0.6201 -0.9385 0.1555, -0.565 -0.9385 0.1555, -0.6201 -0.9376 0.1478, -0.565 -0.9376 0.1478, -0.6201 -0.9347 0.1406, -0.565 -0.9347 0.1406, -0.6201 -0.9301 0.1343, -0.565 -0.9301 0.1343, -0.6201 -0.9241 0.1293, -0.565 -0.9241 0.1293, -0.6201 -0.9171 0.126, -0.565 -0.9171 0.126, -0.565 0.2145 0.126, -0.6201 0.2145 0.126, -0.565 0.2281 0.1244, -0.6201 0.2281 0.1244, -0.565 0.241 0.1197, -0.6201 0.241 0.1197, -0.565 0.2524 0.1122, -0.6201 0.2524 0.1122, -0.565 0.2618 0.1022, -0.6201 0.2618 0.1022, -0.565 0.2687 0.0903, -0.6201 0.2687 0.0903, -0.565 0.2726 0.0772, -0.6201 0.2726 0.0772, -0.565 0.2776 0.0488, -0.6201 0.2776 0.0488, -0.6201 0.2815 0.0357, -0.565 0.2815 0.0357, -0.6201 0.2884 0.0238, -0.565 0.2884 0.0238, -0.6201 0.2978 0.0138, -0.565 0.2978 0.0138, -0.6201 0.3093 0.0063, -0.565 0.3093 0.0063, -0.6201 0.3222 0.0016, -0.565 0.3222 0.0016, -0.6201 0.3358 0.0, -0.565 0.3358 0.0, -0.565 0.5815 0.0, -0.6201 0.5815 0.0, -0.6201 0.5917 0.0013, -0.565 0.5917 0.0013, -0.6201 0.6012 0.0053, -0.565 0.6012 0.0053, -0.6201 0.6093 0.0115, -0.565 0.6093 0.0115, -0.6201 0.6156 0.0197, -0.565 0.6156 0.0197, -0.6201 0.6195 0.0292, -0.565 0.6195 0.0292, -0.6201 0.6209 0.0394, -0.565 0.6209 0.0394, -0.565 0.6209 0.0591, -0.6201 0.6209 0.0591, -0.6201 0.6189 0.0743, -0.565 0.6189 0.0743, -0.6201 0.613 0.0886, -0.565 0.613 0.0886, -0.6201 0.6036 0.1008, -0.565 0.6036 0.1008, -0.6201 0.5913 0.1102, -0.565 0.5913 0.1102, -0.6201 0.5771 0.1161, -0.565 0.5771 0.1161, -0.6201 0.5618 0.1181, -0.565 0.5618 0.1181, -0.565 0.3754 0.1181, -0.6201 0.3754 0.1181, -0.565 0.2862 0.2244, -0.6201 0.2862 0.2244, -0.565 0.2862 0.6969, -0.6201 0.2862 0.6969, -0.565 -0.7374 0.6969, -0.6201 -0.7374 0.6969, -0.565 -1.0524 0.6413, -0.6201 -1.0524 0.6413, -0.6201 -1.0622 0.6382, -0.565 -1.0622 0.6382, -0.6201 -1.0708 0.6327, -0.565 -1.0708 0.6327, -0.6201 -1.0778 0.6251, -0.565 -1.0778 0.6251, -0.6201 -1.0825 0.616, -0.565 -1.0825 0.616, -0.6201 -1.0847 0.606, -0.565 -1.0847 0.606, -0.6201 -1.0843 0.5957, -0.565 -1.0843 0.5957, -0.6201 -1.0812 0.5859, -0.565 -1.0812 0.5859, -0.6201 -1.0757 0.5772, -0.565 -1.0757 0.5772, -0.6201 -1.0681 0.5703, -0.565 -1.0681 0.5703, -0.6201 -1.059 0.5655, -0.565 -1.059 0.5655, -0.6201 -1.049 0.5633, -0.565 -1.049 0.5633, -0.6201 -1.0387 0.5638, -0.565 -1.0387 0.5638, -0.565 -0.7305 0.6181, -0.6201 -0.7305 0.6181, -0.565 -0.1862 0.6181, -0.6201 -0.1862 0.6181, -0.565 -0.1862 0.2047, -0.6201 -0.1862 0.2047, -0.9587 -0.6415 0.2746, -0.9587 -0.6188 0.2047, -1.0138 -0.6415 0.2746, -1.0138 -0.6188 0.2047, -0.9587 -0.9171 0.185, -1.0138 -0.9171 0.185, -1.0138 -0.9241 0.1817, -0.9587 -0.9241 0.1817, -1.0138 -0.9301 0.1768, -0.9587 -0.9301 0.1768, -1.0138 -0.9347 0.1705, -0.9587 -0.9347 0.1705, -1.0138 -0.9376 0.1632, -0.9587 -0.9376 0.1632, -1.0138 -0.9385 0.1555, -0.9587 -0.9385 0.1555, -1.0138 -0.9376 0.1478, -0.9587 -0.9376 0.1478, -1.0138 -0.9347 0.1406, -0.9587 -0.9347 0.1406, -1.0138 -0.9301 0.1343, -0.9587 -0.9301 0.1343, -1.0138 -0.9241 0.1293, -0.9587 -0.9241 0.1293, -1.0138 -0.9171 0.126, -0.9587 -0.9171 0.126, -0.9587 0.2145 0.126, -1.0138 0.2145 0.126, -0.9587 0.2281 0.1244, -1.0138 0.2281 0.1244, -0.9587 0.241 0.1197, -1.0138 0.241 0.1197, -0.9587 0.2524 0.1122, -1.0138 0.2524 0.1122, -0.9587 0.2618 0.1022, -1.0138 0.2618 0.1022, -0.9587 0.2687 0.0903, -1.0138 0.2687 0.0903, -0.9587 0.2726 0.0772, -1.0138 0.2726 0.0772, -0.9587 0.2776 0.0488, -1.0138 0.2776 0.0488, -1.0138 0.2815 0.0357, -0.9587 0.2815 0.0357, -1.0138 0.2884 0.0238, -0.9587 0.2884 0.0238, -1.0138 0.2978 0.0138, -0.9587 0.2978 0.0138, -1.0138 0.3093 0.0063, -0.9587 0.3093 0.0063, -1.0138 0.3222 0.0016, -0.9587 0.3222 0.0016, -1.0138 0.3358 0.0, -0.9587 0.3358 0.0, -0.9587 0.5815 0.0, -1.0138 0.5815 0.0, -1.0138 0.5917 0.0013, -0.9587 0.5917 0.0013, -1.0138 0.6012 0.0053, -0.9587 0.6012 0.0053, -1.0138 0.6093 0.0115, -0.9587 0.6093 0.0115, -1.0138 0.6156 0.0197, -0.9587 0.6156 0.0197, -1.0138 0.6195 0.0292, -0.9587 0.6195 0.0292, -1.0138 0.6209 0.0394, -0.9587 0.6209 0.0394, -0.9587 0.6209 0.0591, -1.0138 0.6209 0.0591, -1.0138 0.6189 0.0743, -0.9587 0.6189 0.0743, -1.0138 0.613 0.0886, -0.9587 0.613 0.0886, -1.0138 0.6036 0.1008, -0.9587 0.6036 0.1008, -1.0138 0.5913 0.1102, -0.9587 0.5913 0.1102, -1.0138 0.5771 0.1161, -0.9587 0.5771 0.1161, -1.0138 0.5618 0.1181, -0.9587 0.5618 0.1181, -0.9587 0.3754 0.1181, -1.0138 0.3754 0.1181, -0.9587 0.2862 0.2244, -1.0138 0.2862 0.2244, -0.9587 0.2862 0.6969, -1.0138 0.2862 0.6969, -0.9587 -0.7374 0.6969, -1.0138 -0.7374 0.6969, -0.9587 -1.0524 0.6413, -1.0138 -1.0524 0.6413, -1.0138 -1.0622 0.6382, -0.9587 -1.0622 0.6382, -1.0138 -1.0708 0.6327, -0.9587 -1.0708 0.6327, -1.0138 -1.0778 0.6251, -0.9587 -1.0778 0.6251, -1.0138 -1.0825 0.616, -0.9587 -1.0825 0.616, -1.0138 -1.0847 0.606, -0.9587 -1.0847 0.606, -1.0138 -1.0843 0.5957, -0.9587 -1.0843 0.5957, -1.0138 -1.0812 0.5859, -0.9587 -1.0812 0.5859, -1.0138 -1.0757 0.5772, -0.9587 -1.0757 0.5772, -1.0138 -1.0681 0.5703, -0.9587 -1.0681 0.5703, -1.0138 -1.059 0.5655, -0.9587 -1.059 0.5655, -1.0138 -1.049 0.5633, -0.9587 -1.049 0.5633, -1.0138 -1.0387 0.5638, -0.9587 -1.0387 0.5638, -0.9587 -0.7305 0.6181, -1.0138 -0.7305 0.6181, -0.9587 -0.1862 0.6181, -1.0138 -0.1862 0.6181, -0.9587 -0.1862 0.2047, -1.0138 -0.1862 0.2047, -1.3524 -0.6415 0.2746, -1.3524 -0.6188 0.2047, -1.4075 -0.6415 0.2746, -1.4075 -0.6188 0.2047, -1.3524 -0.9171 0.185, -1.4075 -0.9171 0.185, -1.4075 -0.9241 0.1817, -1.3524 -0.9241 0.1817, -1.4075 -0.9301 0.1768, -1.3524 -0.9301 0.1768, -1.4075 -0.9347 0.1705, -1.3524 -0.9347 0.1705, -1.4075 -0.9376 0.1632, -1.3524 -0.9376 0.1632, -1.4075 -0.9385 0.1555, -1.3524 -0.9385 0.1555, -1.4075 -0.9376 0.1478, -1.3524 -0.9376 0.1478, -1.4075 -0.9347 0.1406, -1.3524 -0.9347 0.1406, -1.4075 -0.9301 0.1343, -1.3524 -0.9301 0.1343, -1.4075 -0.9241 0.1293, -1.3524 -0.9241 0.1293, -1.4075 -0.9171 0.126, -1.3524 -0.9171 0.126, -1.3524 0.2145 0.126, -1.4075 0.2145 0.126, -1.3524 0.2281 0.1244, -1.4075 0.2281 0.1244, -1.3524 0.241 0.1197, -1.4075 0.241 0.1197, -1.3524 0.2524 0.1122, -1.4075 0.2524 0.1122, -1.3524 0.2618 0.1022, -1.4075 0.2618 0.1022, -1.3524 0.2687 0.0903, -1.4075 0.2687 0.0903, -1.3524 0.2726 0.0772, -1.4075 0.2726 0.0772, -1.3524 0.2776 0.0488, -1.4075 0.2776 0.0488, -1.4075 0.2815 0.0357, -1.3524 0.2815 0.0357, -1.4075 0.2884 0.0238, -1.3524 0.2884 0.0238, -1.4075 0.2978 0.0138, -1.3524 0.2978 0.0138, -1.4075 0.3093 0.0063, -1.3524 0.3093 0.0063, -1.4075 0.3222 0.0016, -1.3524 0.3222 0.0016, -1.4075 0.3358 0.0, -1.3524 0.3358 0.0, -1.3524 0.5815 0.0, -1.4075 0.5815 0.0, -1.4075 0.5917 0.0013, -1.3524 0.5917 0.0013, -1.4075 0.6012 0.0053, -1.3524 0.6012 0.0053, -1.4075 0.6093 0.0115, -1.3524 0.6093 0.0115, -1.4075 0.6156 0.0197, -1.3524 0.6156 0.0197, -1.4075 0.6195 0.0292, -1.3524 0.6195 0.0292, -1.4075 0.6209 0.0394, -1.3524 0.6209 0.0394, -1.3524 0.6209 0.0591, -1.4075 0.6209 0.0591, -1.4075 0.6189 0.0743, -1.3524 0.6189 0.0743, -1.4075 0.613 0.0886, -1.3524 0.613 0.0886, -1.4075 0.6036 0.1008, -1.3524 0.6036 0.1008, -1.4075 0.5913 0.1102, -1.3524 0.5913 0.1102, -1.4075 0.5771 0.1161, -1.3524 0.5771 0.1161, -1.4075 0.5618 0.1181, -1.3524 0.5618 0.1181, -1.3524 0.3754 0.1181, -1.4075 0.3754 0.1181, -1.3524 0.2862 0.2244, -1.4075 0.2862 0.2244, -1.3524 0.2862 0.6969, -1.4075 0.2862 0.6969, -1.3524 -0.7374 0.6969, -1.4075 -0.7374 0.6969, -1.3524 -1.0524 0.6413, -1.4075 -1.0524 0.6413, -1.4075 -1.0622 0.6382, -1.3524 -1.0622 0.6382, -1.4075 -1.0708 0.6327, -1.3524 -1.0708 0.6327, -1.4075 -1.0778 0.6251, -1.3524 -1.0778 0.6251, -1.4075 -1.0825 0.616, -1.3524 -1.0825 0.616, -1.4075 -1.0847 0.606, -1.3524 -1.0847 0.606, -1.4075 -1.0843 0.5957, -1.3524 -1.0843 0.5957, -1.4075 -1.0812 0.5859, -1.3524 -1.0812 0.5859, -1.4075 -1.0757 0.5772, -1.3524 -1.0757 0.5772, -1.4075 -1.0681 0.5703, -1.3524 -1.0681 0.5703, -1.4075 -1.059 0.5655, -1.3524 -1.059 0.5655, -1.4075 -1.049 0.5633, -1.3524 -1.049 0.5633, -1.4075 -1.0387 0.5638, -1.3524 -1.0387 0.5638, -1.3524 -0.7305 0.6181, -1.4075 -0.7305 0.6181, -1.3524 -0.1862 0.6181, -1.4075 -0.1862 0.6181, -1.3524 -0.1862 0.2047, -1.4075 -0.1862 0.2047, -1.7461 -0.6415 0.2746, -1.7461 -0.6188 0.2047, -1.8012 -0.6415 0.2746, -1.8012 -0.6188 0.2047, -1.7461 -0.9171 0.185, -1.8012 -0.9171 0.185, -1.8012 -0.9241 0.1817, -1.7461 -0.9241 0.1817, -1.8012 -0.9301 0.1768, -1.7461 -0.9301 0.1768, -1.8012 -0.9347 0.1705, -1.7461 -0.9347 0.1705, -1.8012 -0.9376 0.1632, -1.7461 -0.9376 0.1632, -1.8012 -0.9385 0.1555, -1.7461 -0.9385 0.1555, -1.8012 -0.9376 0.1478, -1.7461 -0.9376 0.1478, -1.8012 -0.9347 0.1406, -1.7461 -0.9347 0.1406, -1.8012 -0.9301 0.1343, -1.7461 -0.9301 0.1343, -1.8012 -0.9241 0.1293, -1.7461 -0.9241 0.1293, -1.8012 -0.9171 0.126, -1.7461 -0.9171 0.126, -1.7461 0.2145 0.126, -1.8012 0.2145 0.126, -1.7461 0.2281 0.1244, -1.8012 0.2281 0.1244, -1.7461 0.241 0.1197, -1.8012 0.241 0.1197, -1.7461 0.2524 0.1122, -1.8012 0.2524 0.1122, -1.7461 0.2618 0.1022, -1.8012 0.2618 0.1022, -1.7461 0.2687 0.0903, -1.8012 0.2687 0.0903, -1.7461 0.2726 0.0772, -1.8012 0.2726 0.0772, -1.7461 0.2776 0.0488, -1.8012 0.2776 0.0488, -1.8012 0.2815 0.0357, -1.7461 0.2815 0.0357, -1.8012 0.2884 0.0238, -1.7461 0.2884 0.0238, -1.8012 0.2978 0.0138, -1.7461 0.2978 0.0138, -1.8012 0.3093 0.0063, -1.7461 0.3093 0.0063, -1.8012 0.3222 0.0016, -1.7461 0.3222 0.0016, -1.8012 0.3358 0.0, -1.7461 0.3358 0.0, -1.7461 0.5815 0.0, -1.8012 0.5815 0.0, -1.8012 0.5917 0.0013, -1.7461 0.5917 0.0013, -1.8012 0.6012 0.0053, -1.7461 0.6012 0.0053, -1.8012 0.6093 0.0115, -1.7461 0.6093 0.0115, -1.8012 0.6156 0.0197, -1.7461 0.6156 0.0197, -1.8012 0.6195 0.0292, -1.7461 0.6195 0.0292, -1.8012 0.6209 0.0394, -1.7461 0.6209 0.0394, -1.7461 0.6209 0.0591, -1.8012 0.6209 0.0591, -1.8012 0.6189 0.0743, -1.7461 0.6189 0.0743, -1.8012 0.613 0.0886, -1.7461 0.613 0.0886, -1.8012 0.6036 0.1008, -1.7461 0.6036 0.1008, -1.8012 0.5913 0.1102, -1.7461 0.5913 0.1102, -1.8012 0.5771 0.1161, -1.7461 0.5771 0.1161, -1.8012 0.5618 0.1181, -1.7461 0.5618 0.1181, -1.7461 0.3754 0.1181, -1.8012 0.3754 0.1181, -1.7461 0.2862 0.2244, -1.8012 0.2862 0.2244, -1.7461 0.2862 0.6969, -1.8012 0.2862 0.6969, -1.7461 -0.7374 0.6969, -1.8012 -0.7374 0.6969, -1.7461 -1.0524 0.6413, -1.8012 -1.0524 0.6413, -1.8012 -1.0622 0.6382, -1.7461 -1.0622 0.6382, -1.8012 -1.0708 0.6327, -1.7461 -1.0708 0.6327, -1.8012 -1.0778 0.6251, -1.7461 -1.0778 0.6251, -1.8012 -1.0825 0.616, -1.7461 -1.0825 0.616, -1.8012 -1.0847 0.606, -1.7461 -1.0847 0.606, -1.8012 -1.0843 0.5957, -1.7461 -1.0843 0.5957, -1.8012 -1.0812 0.5859, -1.7461 -1.0812 0.5859, -1.8012 -1.0757 0.5772, -1.7461 -1.0757 0.5772, -1.8012 -1.0681 0.5703, -1.7461 -1.0681 0.5703, -1.8012 -1.059 0.5655, -1.7461 -1.059 0.5655, -1.8012 -1.049 0.5633, -1.7461 -1.049 0.5633, -1.8012 -1.0387 0.5638, -1.7461 -1.0387 0.5638, -1.7461 -0.7305 0.6181, -1.8012 -0.7305 0.6181, -1.7461 -0.1862 0.6181, -1.8012 -0.1862 0.6181, -1.7461 -0.1862 0.2047, -1.8012 -0.1862 0.2047, -2.1398 -0.6415 0.2746, -2.1398 -0.6188 0.2047, -2.1949 -0.6415 0.2746, -2.1949 -0.6188 0.2047, -2.1398 -0.9171 0.185, -2.1949 -0.9171 0.185, -2.1949 -0.9241 0.1817, -2.1398 -0.9241 0.1817, -2.1949 -0.9301 0.1768, -2.1398 -0.9301 0.1768, -2.1949 -0.9347 0.1705, -2.1398 -0.9347 0.1705, -2.1949 -0.9376 0.1632, -2.1398 -0.9376 0.1632, -2.1949 -0.9385 0.1555, -2.1398 -0.9385 0.1555, -2.1949 -0.9376 0.1478, -2.1398 -0.9376 0.1478, -2.1949 -0.9347 0.1406, -2.1398 -0.9347 0.1406, -2.1949 -0.9301 0.1343, -2.1398 -0.9301 0.1343, -2.1949 -0.9241 0.1293, -2.1398 -0.9241 0.1293, -2.1949 -0.9171 0.126, -2.1398 -0.9171 0.126, -2.1398 0.2145 0.126, -2.1949 0.2145 0.126, -2.1398 0.2281 0.1244, -2.1949 0.2281 0.1244, -2.1398 0.241 0.1197, -2.1949 0.241 0.1197, -2.1398 0.2524 0.1122, -2.1949 0.2524 0.1122, -2.1398 0.2618 0.1022, -2.1949 0.2618 0.1022, -2.1398 0.2687 0.0903, -2.1949 0.2687 0.0903, -2.1398 0.2726 0.0772, -2.1949 0.2726 0.0772, -2.1398 0.2776 0.0488, -2.1949 0.2776 0.0488, -2.1949 0.2815 0.0357, -2.1398 0.2815 0.0357, -2.1949 0.2884 0.0238, -2.1398 0.2884 0.0238, -2.1949 0.2978 0.0138, -2.1398 0.2978 0.0138, -2.1949 0.3093 0.0063, -2.1398 0.3093 0.0063, -2.1949 0.3222 0.0016, -2.1398 0.3222 0.0016, -2.1949 0.3358 0.0, -2.1398 0.3358 0.0, -2.1398 0.5815 0.0, -2.1949 0.5815 0.0, -2.1949 0.5917 0.0013, -2.1398 0.5917 0.0013, -2.1949 0.6012 0.0053, -2.1398 0.6012 0.0053, -2.1949 0.6093 0.0115, -2.1398 0.6093 0.0115, -2.1949 0.6156 0.0197, -2.1398 0.6156 0.0197, -2.1949 0.6195 0.0292, -2.1398 0.6195 0.0292, -2.1949 0.6209 0.0394, -2.1398 0.6209 0.0394, -2.1398 0.6209 0.0591, -2.1949 0.6209 0.0591, -2.1949 0.6189 0.0743, -2.1398 0.6189 0.0743, -2.1949 0.613 0.0886, -2.1398 0.613 0.0886, -2.1949 0.6036 0.1008, -2.1398 0.6036 0.1008, -2.1949 0.5913 0.1102, -2.1398 0.5913 0.1102, -2.1949 0.5771 0.1161, -2.1398 0.5771 0.1161, -2.1949 0.5618 0.1181, -2.1398 0.5618 0.1181, -2.1398 0.3754 0.1181, -2.1949 0.3754 0.1181, -2.1398 0.2862 0.2244, -2.1949 0.2862 0.2244, -2.1398 0.2862 0.6969, -2.1949 0.2862 0.6969, -2.1398 -0.7374 0.6969, -2.1949 -0.7374 0.6969, -2.1398 -1.0524 0.6413, -2.1949 -1.0524 0.6413, -2.1949 -1.0622 0.6382, -2.1398 -1.0622 0.6382, -2.1949 -1.0708 0.6327, -2.1398 -1.0708 0.6327, -2.1949 -1.0778 0.6251, -2.1398 -1.0778 0.6251, -2.1949 -1.0825 0.616, -2.1398 -1.0825 0.616, -2.1949 -1.0847 0.606, -2.1398 -1.0847 0.606, -2.1949 -1.0843 0.5957, -2.1398 -1.0843 0.5957, -2.1949 -1.0812 0.5859, -2.1398 -1.0812 0.5859, -2.1949 -1.0757 0.5772, -2.1398 -1.0757 0.5772, -2.1949 -1.0681 0.5703, -2.1398 -1.0681 0.5703, -2.1949 -1.059 0.5655, -2.1398 -1.059 0.5655, -2.1949 -1.049 0.5633, -2.1398 -1.049 0.5633, -2.1949 -1.0387 0.5638, -2.1398 -1.0387 0.5638, -2.1398 -0.7305 0.6181, -2.1949 -0.7305 0.6181, -2.1398 -0.1862 0.6181, -2.1949 -0.1862 0.6181, -2.1398 -0.1862 0.2047, -2.1949 -0.1862 0.2047, -2.5335 -0.6415 0.2746, -2.5335 -0.6188 0.2047, -2.5886 -0.6415 0.2746, -2.5886 -0.6188 0.2047, -2.5335 -0.9171 0.185, -2.5886 -0.9171 0.185, -2.5886 -0.9241 0.1817, -2.5335 -0.9241 0.1817, -2.5886 -0.9301 0.1768, -2.5335 -0.9301 0.1768, -2.5886 -0.9347 0.1705, -2.5335 -0.9347 0.1705, -2.5886 -0.9376 0.1632, -2.5335 -0.9376 0.1632, -2.5886 -0.9385 0.1555, -2.5335 -0.9385 0.1555, -2.5886 -0.9376 0.1478, -2.5335 -0.9376 0.1478, -2.5886 -0.9347 0.1406, -2.5335 -0.9347 0.1406, -2.5886 -0.9301 0.1343, -2.5335 -0.9301 0.1343, -2.5886 -0.9241 0.1293, -2.5335 -0.9241 0.1293, -2.5886 -0.9171 0.126, -2.5335 -0.9171 0.126, -2.5335 0.2145 0.126, -2.5886 0.2145 0.126, -2.5335 0.2281 0.1244, -2.5886 0.2281 0.1244, -2.5335 0.241 0.1197, -2.5886 0.241 0.1197, -2.5335 0.2524 0.1122, -2.5886 0.2524 0.1122, -2.5335 0.2618 0.1022, -2.5886 0.2618 0.1022, -2.5335 0.2687 0.0903, -2.5886 0.2687 0.0903, -2.5335 0.2726 0.0772, -2.5886 0.2726 0.0772, -2.5335 0.2776 0.0488, -2.5886 0.2776 0.0488, -2.5886 0.2815 0.0357, -2.5335 0.2815 0.0357, -2.5886 0.2884 0.0238, -2.5335 0.2884 0.0238, -2.5886 0.2978 0.0138, -2.5335 0.2978 0.0138, -2.5886 0.3093 0.0063, -2.5335 0.3093 0.0063, -2.5886 0.3222 0.0016, -2.5335 0.3222 0.0016, -2.5886 0.3358 0.0, -2.5335 0.3358 0.0, -2.5335 0.5815 0.0, -2.5886 0.5815 0.0, -2.5886 0.5917 0.0013, -2.5335 0.5917 0.0013, -2.5886 0.6012 0.0053, -2.5335 0.6012 0.0053, -2.5886 0.6093 0.0115, -2.5335 0.6093 0.0115, -2.5886 0.6156 0.0197, -2.5335 0.6156 0.0197, -2.5886 0.6195 0.0292, -2.5335 0.6195 0.0292, -2.5886 0.6209 0.0394, -2.5335 0.6209 0.0394, -2.5335 0.6209 0.0591, -2.5886 0.6209 0.0591, -2.5886 0.6189 0.0743, -2.5335 0.6189 0.0743, -2.5886 0.613 0.0886, -2.5335 0.613 0.0886, -2.5886 0.6036 0.1008, -2.5335 0.6036 0.1008, -2.5886 0.5913 0.1102, -2.5335 0.5913 0.1102, -2.5886 0.5771 0.1161, -2.5335 0.5771 0.1161, -2.5886 0.5618 0.1181, -2.5335 0.5618 0.1181, -2.5335 0.3754 0.1181, -2.5886 0.3754 0.1181, -2.5335 0.2862 0.2244, -2.5886 0.2862 0.2244, -2.5335 0.2862 0.6969, -2.5886 0.2862 0.6969, -2.5335 -0.7374 0.6969, -2.5886 -0.7374 0.6969, -2.5335 -1.0524 0.6413, -2.5886 -1.0524 0.6413, -2.5886 -1.0622 0.6382, -2.5335 -1.0622 0.6382, -2.5886 -1.0708 0.6327, -2.5335 -1.0708 0.6327, -2.5886 -1.0778 0.6251, -2.5335 -1.0778 0.6251, -2.5886 -1.0825 0.616, -2.5335 -1.0825 0.616, -2.5886 -1.0847 0.606, -2.5335 -1.0847 0.606, -2.5886 -1.0843 0.5957, -2.5335 -1.0843 0.5957, -2.5886 -1.0812 0.5859, -2.5335 -1.0812 0.5859, -2.5886 -1.0757 0.5772, -2.5335 -1.0757 0.5772, -2.5886 -1.0681 0.5703, -2.5335 -1.0681 0.5703, -2.5886 -1.059 0.5655, -2.5335 -1.059 0.5655, -2.5886 -1.049 0.5633, -2.5335 -1.049 0.5633, -2.5886 -1.0387 0.5638, -2.5335 -1.0387 0.5638, -2.5335 -0.7305 0.6181, -2.5886 -0.7305 0.6181, -2.5335 -0.1862 0.6181, -2.5886 -0.1862 0.6181, -2.5335 -0.1862 0.2047, -2.5886 -0.1862 0.2047, -2.9272 -0.6415 0.2746, -2.9272 -0.6188 0.2047, -2.9823 -0.6415 0.2746, -2.9823 -0.6188 0.2047, -2.9272 -0.9171 0.185, -2.9823 -0.9171 0.185, -2.9823 -0.9241 0.1817, -2.9272 -0.9241 0.1817, -2.9823 -0.9301 0.1768, -2.9272 -0.9301 0.1768, -2.9823 -0.9347 0.1705, -2.9272 -0.9347 0.1705, -2.9823 -0.9376 0.1632, -2.9272 -0.9376 0.1632, -2.9823 -0.9385 0.1555, -2.9272 -0.9385 0.1555, -2.9823 -0.9376 0.1478, -2.9272 -0.9376 0.1478, -2.9823 -0.9347 0.1406, -2.9272 -0.9347 0.1406, -2.9823 -0.9301 0.1343, -2.9272 -0.9301 0.1343, -2.9823 -0.9241 0.1293, -2.9272 -0.9241 0.1293, -2.9823 -0.9171 0.126, -2.9272 -0.9171 0.126, -2.9272 0.2145 0.126, -2.9823 0.2145 0.126, -2.9272 0.2281 0.1244, -2.9823 0.2281 0.1244, -2.9272 0.241 0.1197, -2.9823 0.241 0.1197, -2.9272 0.2524 0.1122, -2.9823 0.2524 0.1122, -2.9272 0.2618 0.1022, -2.9823 0.2618 0.1022, -2.9272 0.2687 0.0903, -2.9823 0.2687 0.0903, -2.9272 0.2726 0.0772, -2.9823 0.2726 0.0772, -2.9272 0.2776 0.0488, -2.9823 0.2776 0.0488, -2.9823 0.2815 0.0357, -2.9272 0.2815 0.0357, -2.9823 0.2884 0.0238, -2.9272 0.2884 0.0238, -2.9823 0.2978 0.0138, -2.9272 0.2978 0.0138, -2.9823 0.3093 0.0063, -2.9272 0.3093 0.0063, -2.9823 0.3222 0.0016, -2.9272 0.3222 0.0016, -2.9823 0.3358 0.0, -2.9272 0.3358 0.0, -2.9272 0.5815 0.0, -2.9823 0.5815 0.0, -2.9823 0.5917 0.0013, -2.9272 0.5917 0.0013, -2.9823 0.6012 0.0053, -2.9272 0.6012 0.0053, -2.9823 0.6093 0.0115, -2.9272 0.6093 0.0115, -2.9823 0.6156 0.0197, -2.9272 0.6156 0.0197, -2.9823 0.6195 0.0292, -2.9272 0.6195 0.0292, -2.9823 0.6209 0.0394, -2.9272 0.6209 0.0394, -2.9272 0.6209 0.0591, -2.9823 0.6209 0.0591, -2.9823 0.6189 0.0743, -2.9272 0.6189 0.0743, -2.9823 0.613 0.0886, -2.9272 0.613 0.0886, -2.9823 0.6036 0.1008, -2.9272 0.6036 0.1008, -2.9823 0.5913 0.1102, -2.9272 0.5913 0.1102, -2.9823 0.5771 0.1161, -2.9272 0.5771 0.1161, -2.9823 0.5618 0.1181, -2.9272 0.5618 0.1181, -2.9272 0.3754 0.1181, -2.9823 0.3754 0.1181, -2.9272 0.2862 0.2244, -2.9823 0.2862 0.2244, -2.9272 0.2862 0.6969, -2.9823 0.2862 0.6969, -2.9272 -0.7374 0.6969, -2.9823 -0.7374 0.6969, -2.9272 -1.0524 0.6413, -2.9823 -1.0524 0.6413, -2.9823 -1.0622 0.6382, -2.9272 -1.0622 0.6382, -2.9823 -1.0708 0.6327, -2.9272 -1.0708 0.6327, -2.9823 -1.0778 0.6251, -2.9272 -1.0778 0.6251, -2.9823 -1.0825 0.616, -2.9272 -1.0825 0.616, -2.9823 -1.0847 0.606, -2.9272 -1.0847 0.606, -2.9823 -1.0843 0.5957, -2.9272 -1.0843 0.5957, -2.9823 -1.0812 0.5859, -2.9272 -1.0812 0.5859, -2.9823 -1.0757 0.5772, -2.9272 -1.0757 0.5772, -2.9823 -1.0681 0.5703, -2.9272 -1.0681 0.5703, -2.9823 -1.059 0.5655, -2.9272 -1.059 0.5655, -2.9823 -1.049 0.5633, -2.9272 -1.049 0.5633, -2.9823 -1.0387 0.5638, -2.9272 -1.0387 0.5638, -2.9272 -0.7305 0.6181, -2.9823 -0.7305 0.6181, -2.9272 -0.1862 0.6181, -2.9823 -0.1862 0.6181, -2.9272 -0.1862 0.2047, -2.9823 -0.1862 0.2047, -3.3209 -0.6415 0.2746, -3.3209 -0.6188 0.2047, -3.376 -0.6415 0.2746, -3.376 -0.6188 0.2047, -3.3209 -0.9171 0.185, -3.376 -0.9171 0.185, -3.376 -0.9241 0.1817, -3.3209 -0.9241 0.1817, -3.376 -0.9301 0.1768, -3.3209 -0.9301 0.1768, -3.376 -0.9347 0.1705, -3.3209 -0.9347 0.1705, -3.376 -0.9376 0.1632, -3.3209 -0.9376 0.1632, -3.376 -0.9385 0.1555, -3.3209 -0.9385 0.1555, -3.376 -0.9376 0.1478, -3.3209 -0.9376 0.1478, -3.376 -0.9347 0.1406, -3.3209 -0.9347 0.1406, -3.376 -0.9301 0.1343, -3.3209 -0.9301 0.1343, -3.376 -0.9241 0.1293, -3.3209 -0.9241 0.1293, -3.376 -0.9171 0.126, -3.3209 -0.9171 0.126, -3.3209 0.2145 0.126, -3.376 0.2145 0.126, -3.3209 0.2281 0.1244, -3.376 0.2281 0.1244, -3.3209 0.241 0.1197, -3.376 0.241 0.1197, -3.3209 0.2524 0.1122, -3.376 0.2524 0.1122, -3.3209 0.2618 0.1022, -3.376 0.2618 0.1022, -3.3209 0.2687 0.0903, -3.376 0.2687 0.0903, -3.3209 0.2726 0.0772, -3.376 0.2726 0.0772, -3.3209 0.2776 0.0488, -3.376 0.2776 0.0488, -3.376 0.2815 0.0357, -3.3209 0.2815 0.0357, -3.376 0.2884 0.0238, -3.3209 0.2884 0.0238, -3.376 0.2978 0.0138, -3.3209 0.2978 0.0138, -3.376 0.3093 0.0063, -3.3209 0.3093 0.0063, -3.376 0.3222 0.0016, -3.3209 0.3222 0.0016, -3.376 0.3358 0.0, -3.3209 0.3358 0.0, -3.3209 0.5815 0.0, -3.376 0.5815 0.0, -3.376 0.5917 0.0013, -3.3209 0.5917 0.0013, -3.376 0.6012 0.0053, -3.3209 0.6012 0.0053, -3.376 0.6093 0.0115, -3.3209 0.6093 0.0115, -3.376 0.6156 0.0197, -3.3209 0.6156 0.0197, -3.376 0.6195 0.0292, -3.3209 0.6195 0.0292, -3.376 0.6209 0.0394, -3.3209 0.6209 0.0394, -3.3209 0.6209 0.0591, -3.376 0.6209 0.0591, -3.376 0.6189 0.0743, -3.3209 0.6189 0.0743, -3.376 0.613 0.0886, -3.3209 0.613 0.0886, -3.376 0.6036 0.1008, -3.3209 0.6036 0.1008, -3.376 0.5913 0.1102, -3.3209 0.5913 0.1102, -3.376 0.5771 0.1161, -3.3209 0.5771 0.1161, -3.376 0.5618 0.1181, -3.3209 0.5618 0.1181, -3.3209 0.3754 0.1181, -3.376 0.3754 0.1181, -3.3209 0.2862 0.2244, -3.376 0.2862 0.2244, -3.3209 0.2862 0.6969, -3.376 0.2862 0.6969, -3.3209 -0.7374 0.6969, -3.376 -0.7374 0.6969, -3.3209 -1.0524 0.6413, -3.376 -1.0524 0.6413, -3.376 -1.0622 0.6382, -3.3209 -1.0622 0.6382, -3.376 -1.0708 0.6327, -3.3209 -1.0708 0.6327, -3.376 -1.0778 0.6251, -3.3209 -1.0778 0.6251, -3.376 -1.0825 0.616, -3.3209 -1.0825 0.616, -3.376 -1.0847 0.606, -3.3209 -1.0847 0.606, -3.376 -1.0843 0.5957, -3.3209 -1.0843 0.5957, -3.376 -1.0812 0.5859, -3.3209 -1.0812 0.5859, -3.376 -1.0757 0.5772, -3.3209 -1.0757 0.5772, -3.376 -1.0681 0.5703, -3.3209 -1.0681 0.5703, -3.376 -1.059 0.5655, -3.3209 -1.059 0.5655, -3.376 -1.049 0.5633, -3.3209 -1.049 0.5633, -3.376 -1.0387 0.5638, -3.3209 -1.0387 0.5638, -3.3209 -0.7305 0.6181, -3.376 -0.7305 0.6181, -3.3209 -0.1862 0.6181, -3.376 -0.1862 0.6181, -3.3209 -0.1862 0.2047, -3.376 -0.1862 0.2047, -3.7146 -0.6415 0.2746, -3.7146 -0.6188 0.2047, -3.7697 -0.6415 0.2746, -3.7697 -0.6188 0.2047, -3.7146 -0.9171 0.185, -3.7697 -0.9171 0.185, -3.7697 -0.9241 0.1817, -3.7146 -0.9241 0.1817, -3.7697 -0.9301 0.1768, -3.7146 -0.9301 0.1768, -3.7697 -0.9347 0.1705, -3.7146 -0.9347 0.1705, -3.7697 -0.9376 0.1632, -3.7146 -0.9376 0.1632, -3.7697 -0.9385 0.1555, -3.7146 -0.9385 0.1555, -3.7697 -0.9376 0.1478, -3.7146 -0.9376 0.1478, -3.7697 -0.9347 0.1406, -3.7146 -0.9347 0.1406, -3.7697 -0.9301 0.1343, -3.7146 -0.9301 0.1343, -3.7697 -0.9241 0.1293, -3.7146 -0.9241 0.1293, -3.7697 -0.9171 0.126, -3.7146 -0.9171 0.126, -3.7146 0.2145 0.126, -3.7697 0.2145 0.126, -3.7146 0.2281 0.1244, -3.7697 0.2281 0.1244, -3.7146 0.241 0.1197, -3.7697 0.241 0.1197, -3.7146 0.2524 0.1122, -3.7697 0.2524 0.1122, -3.7146 0.2618 0.1022, -3.7697 0.2618 0.1022, -3.7146 0.2687 0.0903, -3.7697 0.2687 0.0903, -3.7146 0.2726 0.0772, -3.7697 0.2726 0.0772, -3.7146 0.2776 0.0488, -3.7697 0.2776 0.0488, -3.7697 0.2815 0.0357, -3.7146 0.2815 0.0357, -3.7697 0.2884 0.0238, -3.7146 0.2884 0.0238, -3.7697 0.2978 0.0138, -3.7146 0.2978 0.0138, -3.7697 0.3093 0.0063, -3.7146 0.3093 0.0063, -3.7697 0.3222 0.0016, -3.7146 0.3222 0.0016, -3.7697 0.3358 0.0, -3.7146 0.3358 0.0, -3.7146 0.5815 0.0, -3.7697 0.5815 0.0, -3.7697 0.5917 0.0013, -3.7146 0.5917 0.0013, -3.7697 0.6012 0.0053, -3.7146 0.6012 0.0053, -3.7697 0.6093 0.0115, -3.7146 0.6093 0.0115, -3.7697 0.6156 0.0197, -3.7146 0.6156 0.0197, -3.7697 0.6195 0.0292, -3.7146 0.6195 0.0292, -3.7697 0.6209 0.0394, -3.7146 0.6209 0.0394, -3.7146 0.6209 0.0591, -3.7697 0.6209 0.0591, -3.7697 0.6189 0.0743, -3.7146 0.6189 0.0743, -3.7697 0.613 0.0886, -3.7146 0.613 0.0886, -3.7697 0.6036 0.1008, -3.7146 0.6036 0.1008, -3.7697 0.5913 0.1102, -3.7146 0.5913 0.1102, -3.7697 0.5771 0.1161, -3.7146 0.5771 0.1161, -3.7697 0.5618 0.1181, -3.7146 0.5618 0.1181, -3.7146 0.3754 0.1181, -3.7697 0.3754 0.1181, -3.7146 0.2862 0.2244, -3.7697 0.2862 0.2244, -3.7146 0.2862 0.6969, -3.7697 0.2862 0.6969, -3.7146 -0.7374 0.6969, -3.7697 -0.7374 0.6969, -3.7146 -1.0524 0.6413, -3.7697 -1.0524 0.6413, -3.7697 -1.0622 0.6382, -3.7146 -1.0622 0.6382, -3.7697 -1.0708 0.6327, -3.7146 -1.0708 0.6327, -3.7697 -1.0778 0.6251, -3.7146 -1.0778 0.6251, -3.7697 -1.0825 0.616, -3.7146 -1.0825 0.616, -3.7697 -1.0847 0.606, -3.7146 -1.0847 0.606, -3.7697 -1.0843 0.5957, -3.7146 -1.0843 0.5957, -3.7697 -1.0812 0.5859, -3.7146 -1.0812 0.5859, -3.7697 -1.0757 0.5772, -3.7146 -1.0757 0.5772, -3.7697 -1.0681 0.5703, -3.7146 -1.0681 0.5703, -3.7697 -1.059 0.5655, -3.7146 -1.059 0.5655, -3.7697 -1.049 0.5633, -3.7146 -1.049 0.5633, -3.7697 -1.0387 0.5638, -3.7146 -1.0387 0.5638, -3.7146 -0.7305 0.6181, -3.7697 -0.7305 0.6181, -3.7146 -0.1862 0.6181, -3.7697 -0.1862 0.6181, -3.7146 -0.1862 0.2047, -3.7697 -0.1862 0.2047, -4.1083 -0.6415 0.2746, -4.1083 -0.6188 0.2047, -4.1634 -0.6415 0.2746, -4.1634 -0.6188 0.2047, -4.1083 -0.9171 0.185, -4.1634 -0.9171 0.185, -4.1634 -0.9241 0.1817, -4.1083 -0.9241 0.1817, -4.1634 -0.9301 0.1768, -4.1083 -0.9301 0.1768, -4.1634 -0.9347 0.1705, -4.1083 -0.9347 0.1705, -4.1634 -0.9376 0.1632, -4.1083 -0.9376 0.1632, -4.1634 -0.9385 0.1555, -4.1083 -0.9385 0.1555, -4.1634 -0.9376 0.1478, -4.1083 -0.9376 0.1478, -4.1634 -0.9347 0.1406, -4.1083 -0.9347 0.1406, -4.1634 -0.9301 0.1343, -4.1083 -0.9301 0.1343, -4.1634 -0.9241 0.1293, -4.1083 -0.9241 0.1293, -4.1634 -0.9171 0.126, -4.1083 -0.9171 0.126, -4.1083 0.2145 0.126, -4.1634 0.2145 0.126, -4.1083 0.2281 0.1244, -4.1634 0.2281 0.1244, -4.1083 0.241 0.1197, -4.1634 0.241 0.1197, -4.1083 0.2524 0.1122, -4.1634 0.2524 0.1122, -4.1083 0.2618 0.1022, -4.1634 0.2618 0.1022, -4.1083 0.2687 0.0903, -4.1634 0.2687 0.0903, -4.1083 0.2726 0.0772, -4.1634 0.2726 0.0772, -4.1083 0.2776 0.0488, -4.1634 0.2776 0.0488, -4.1634 0.2815 0.0357, -4.1083 0.2815 0.0357, -4.1634 0.2884 0.0238, -4.1083 0.2884 0.0238, -4.1634 0.2978 0.0138, -4.1083 0.2978 0.0138, -4.1634 0.3093 0.0063, -4.1083 0.3093 0.0063, -4.1634 0.3222 0.0016, -4.1083 0.3222 0.0016, -4.1634 0.3358 0.0, -4.1083 0.3358 0.0, -4.1083 0.5815 0.0, -4.1634 0.5815 0.0, -4.1634 0.5917 0.0013, -4.1083 0.5917 0.0013, -4.1634 0.6012 0.0053, -4.1083 0.6012 0.0053, -4.1634 0.6093 0.0115, -4.1083 0.6093 0.0115, -4.1634 0.6156 0.0197, -4.1083 0.6156 0.0197, -4.1634 0.6195 0.0292, -4.1083 0.6195 0.0292, -4.1634 0.6209 0.0394, -4.1083 0.6209 0.0394, -4.1083 0.6209 0.0591, -4.1634 0.6209 0.0591, -4.1634 0.6189 0.0743, -4.1083 0.6189 0.0743, -4.1634 0.613 0.0886, -4.1083 0.613 0.0886, -4.1634 0.6036 0.1008, -4.1083 0.6036 0.1008, -4.1634 0.5913 0.1102, -4.1083 0.5913 0.1102, -4.1634 0.5771 0.1161, -4.1083 0.5771 0.1161, -4.1634 0.5618 0.1181, -4.1083 0.5618 0.1181, -4.1083 0.3754 0.1181, -4.1634 0.3754 0.1181, -4.1083 0.2862 0.2244, -4.1634 0.2862 0.2244, -4.1083 0.2862 0.6969, -4.1634 0.2862 0.6969, -4.1083 -0.7374 0.6969, -4.1634 -0.7374 0.6969, -4.1083 -1.0524 0.6413, -4.1634 -1.0524 0.6413, -4.1634 -1.0622 0.6382, -4.1083 -1.0622 0.6382, -4.1634 -1.0708 0.6327, -4.1083 -1.0708 0.6327, -4.1634 -1.0778 0.6251, -4.1083 -1.0778 0.6251, -4.1634 -1.0825 0.616, -4.1083 -1.0825 0.616, -4.1634 -1.0847 0.606, -4.1083 -1.0847 0.606, -4.1634 -1.0843 0.5957, -4.1083 -1.0843 0.5957, -4.1634 -1.0812 0.5859, -4.1083 -1.0812 0.5859, -4.1634 -1.0757 0.5772, -4.1083 -1.0757 0.5772, -4.1634 -1.0681 0.5703, -4.1083 -1.0681 0.5703, -4.1634 -1.059 0.5655, -4.1083 -1.059 0.5655, -4.1634 -1.049 0.5633, -4.1083 -1.049 0.5633, -4.1634 -1.0387 0.5638, -4.1083 -1.0387 0.5638, -4.1083 -0.7305 0.6181, -4.1634 -0.7305 0.6181, -4.1083 -0.1862 0.6181, -4.1634 -0.1862 0.6181, -4.1083 -0.1862 0.2047, -4.1634 -0.1862 0.2047, -4.502 -0.6415 0.2746, -4.502 -0.6188 0.2047, -4.5571 -0.6415 0.2746, -4.5571 -0.6188 0.2047, -4.502 -0.9171 0.185, -4.5571 -0.9171 0.185, -4.5571 -0.9241 0.1817, -4.502 -0.9241 0.1817, -4.5571 -0.9301 0.1768, -4.502 -0.9301 0.1768, -4.5571 -0.9347 0.1705, -4.502 -0.9347 0.1705, -4.5571 -0.9376 0.1632, -4.502 -0.9376 0.1632, -4.5571 -0.9385 0.1555, -4.502 -0.9385 0.1555, -4.5571 -0.9376 0.1478, -4.502 -0.9376 0.1478, -4.5571 -0.9347 0.1406, -4.502 -0.9347 0.1406, -4.5571 -0.9301 0.1343, -4.502 -0.9301 0.1343, -4.5571 -0.9241 0.1293, -4.502 -0.9241 0.1293, -4.5571 -0.9171 0.126, -4.502 -0.9171 0.126, -4.502 0.2145 0.126, -4.5571 0.2145 0.126, -4.502 0.2281 0.1244, -4.5571 0.2281 0.1244, -4.502 0.241 0.1197, -4.5571 0.241 0.1197, -4.502 0.2524 0.1122, -4.5571 0.2524 0.1122, -4.502 0.2618 0.1022, -4.5571 0.2618 0.1022, -4.502 0.2687 0.0903, -4.5571 0.2687 0.0903, -4.502 0.2726 0.0772, -4.5571 0.2726 0.0772, -4.502 0.2776 0.0488, -4.5571 0.2776 0.0488, -4.5571 0.2815 0.0357, -4.502 0.2815 0.0357, -4.5571 0.2884 0.0238, -4.502 0.2884 0.0238, -4.5571 0.2978 0.0138, -4.502 0.2978 0.0138, -4.5571 0.3093 0.0063, -4.502 0.3093 0.0063, -4.5571 0.3222 0.0016, -4.502 0.3222 0.0016, -4.5571 0.3358 0.0, -4.502 0.3358 0.0, -4.502 0.5815 0.0, -4.5571 0.5815 0.0, -4.5571 0.5917 0.0013, -4.502 0.5917 0.0013, -4.5571 0.6012 0.0053, -4.502 0.6012 0.0053, -4.5571 0.6093 0.0115, -4.502 0.6093 0.0115, -4.5571 0.6156 0.0197, -4.502 0.6156 0.0197, -4.5571 0.6195 0.0292, -4.502 0.6195 0.0292, -4.5571 0.6209 0.0394, -4.502 0.6209 0.0394, -4.502 0.6209 0.0591, -4.5571 0.6209 0.0591, -4.5571 0.6189 0.0743, -4.502 0.6189 0.0743, -4.5571 0.613 0.0886, -4.502 0.613 0.0886, -4.5571 0.6036 0.1008, -4.502 0.6036 0.1008, -4.5571 0.5913 0.1102, -4.502 0.5913 0.1102, -4.5571 0.5771 0.1161, -4.502 0.5771 0.1161, -4.5571 0.5618 0.1181, -4.502 0.5618 0.1181, -4.502 0.3754 0.1181, -4.5571 0.3754 0.1181, -4.502 0.2862 0.2244, -4.5571 0.2862 0.2244, -4.502 0.2862 0.6969, -4.5571 0.2862 0.6969, -4.502 -0.7374 0.6969, -4.5571 -0.7374 0.6969, -4.502 -1.0524 0.6413, -4.5571 -1.0524 0.6413, -4.5571 -1.0622 0.6382, -4.502 -1.0622 0.6382, -4.5571 -1.0708 0.6327, -4.502 -1.0708 0.6327, -4.5571 -1.0778 0.6251, -4.502 -1.0778 0.6251, -4.5571 -1.0825 0.616, -4.502 -1.0825 0.616, -4.5571 -1.0847 0.606, -4.502 -1.0847 0.606, -4.5571 -1.0843 0.5957, -4.502 -1.0843 0.5957, -4.5571 -1.0812 0.5859, -4.502 -1.0812 0.5859, -4.5571 -1.0757 0.5772, -4.502 -1.0757 0.5772, -4.5571 -1.0681 0.5703, -4.502 -1.0681 0.5703, -4.5571 -1.059 0.5655, -4.502 -1.059 0.5655, -4.5571 -1.049 0.5633, -4.502 -1.049 0.5633, -4.5571 -1.0387 0.5638, -4.502 -1.0387 0.5638, -4.502 -0.7305 0.6181, -4.5571 -0.7305 0.6181, -4.502 -0.1862 0.6181, -4.5571 -0.1862 0.6181, -4.502 -0.1862 0.2047, -4.5571 -0.1862 0.2047, 5.687 -0.6587 0.0, 5.687 -0.6125 0.0, 5.687 -0.6587 0.0787, 5.687 -0.6125 0.0787, 5.6106 -0.5204 0.0, 5.6176 -0.5384 0.0, 5.1358 -0.698 0.0, 5.6288 -0.5542 0.0, 5.6476 -0.698 0.0, 5.6435 -0.5668 0.0, 5.6608 -0.5754 0.0, 5.6288 -0.4482 0.0, 5.1358 -0.3043 0.0, 5.6435 -0.4356 0.0, 5.6476 -0.3043 0.0, 5.6608 -0.4269 0.0, 5.6176 -0.464 0.0, 5.6106 -0.482 0.0, 5.6083 -0.5012 0.0, 5.6823 -0.5939 0.0, 5.6767 -0.586 0.0, 5.6694 -0.5797 0.0, 5.6858 -0.6029 0.0, 5.6673 -0.3096 0.0, 5.6755 -0.3159 0.0, 5.6817 -0.324 0.0, 5.6767 -0.4163 0.0, 5.687 -0.3898 0.0, 5.6823 -0.4084 0.0, 5.6858 -0.3994 0.0, 5.6694 -0.4226 0.0, 5.687 -0.3437 0.0, 5.6857 -0.3335 0.0, 5.6817 -0.6783 0.0, 5.6755 -0.6865 0.0, 5.6673 -0.6928 0.0, 5.6857 -0.6689 0.0, 5.6578 -0.6967 0.0, 5.6578 -0.3057 0.0, 5.1128 -0.698 0.0023, 5.02 0.2075 0.0951, 5.0245 0.2075 0.0787, 5.0245 -0.3043 0.0787, 5.1128 -0.3043 0.0023, 5.0906 -0.698 0.009, 5.0906 -0.3043 0.009, 5.0702 -0.698 0.0199, 5.0702 -0.3043 0.0199, 5.0523 -0.698 0.0346, 5.0523 -0.3043 0.0346, 5.0376 -0.698 0.0525, 5.0376 -0.3043 0.0525, 5.0267 -0.698 0.0729, 5.0267 -0.3043 0.0729, 5.02 -0.698 0.0951, 5.0177 -0.698 0.1181, 5.0177 0.2075 0.1181, 5.0177 0.2075 0.1969, 5.0177 -0.698 0.1969, 5.0965 0.2075 0.1969, 5.0965 -0.698 0.1969, 5.0965 0.2075 0.1181, 5.0965 -0.698 0.1181, 5.1358 -0.3043 0.0787, 5.1358 0.2075 0.0787, 5.1256 0.2075 0.0801, 5.1358 -0.698 0.0787, 5.1256 -0.698 0.0801, 5.1161 -0.698 0.084, 5.1161 0.2075 0.084, 5.108 -0.698 0.0903, 5.108 0.2075 0.0903, 5.1017 -0.698 0.0984, 5.1017 0.2075 0.0984, 5.0978 -0.698 0.1079, 5.0978 0.2075 0.1079, 5.6288 -0.5542 0.0787, 5.6435 -0.5668 0.0787, 5.6476 -0.698 0.0787, 5.6608 -0.5754 0.0787, 5.6857 -0.6689 0.0787, 5.6106 -0.482 0.0787, 5.6176 -0.464 0.0787, 5.6288 -0.4482 0.0787, 5.6476 -0.3043 0.0787, 5.6435 -0.4356 0.0787, 5.6608 -0.4269 0.0787, 5.6673 -0.6928 0.0787, 5.6755 -0.6865 0.0787, 5.6817 -0.6783 0.0787, 5.6858 -0.6029 0.0787, 5.6823 -0.5939 0.0787, 5.6767 -0.586 0.0787, 5.6694 -0.5797 0.0787, 5.6176 -0.5384 0.0787, 5.6106 -0.5204 0.0787, 5.6083 -0.5012 0.0787, 5.6694 -0.4226 0.0787, 5.6767 -0.4163 0.0787, 5.687 -0.3898 0.0787, 5.6823 -0.4084 0.0787, 5.6858 -0.3994 0.0787, 5.687 -0.3437 0.0787, 5.6578 -0.6967 0.0787, 5.6817 -0.324 0.0787, 5.6755 -0.3159 0.0787, 5.6673 -0.3096 0.0787, 5.6857 -0.3335 0.0787, 5.6578 -0.3057 0.0787
            ]
        }
        coordIndex [
            0,1,2,-1,2,1,3,-1,4,0,5,-1,5,0,2,-1,4,5,6,-1,4,6,7,-1,7,6,8,-1,7,8,9,-1,9,8,10,-1,9,10,11,-1,11,10,12,-1,11,12,13,-1,13,12,14,-1,13,14,15,-1,15,14,16,-1,15,16,17,-1,17,16,18,-1,17,18,19,-1,19,18,20,-1,19,20,21,-1,21,20,22,-1,21,22,23,-1,23,22,24,-1,23,24,25,-1,26,25,27,-1,27,25,24,-1,26,27,28,-1,28,27,29,-1,28,29,30,-1,30,29,31,-1,30,31,32,-1,32,31,33,-1,32,33,34,-1,34,33,35,-1,34,35,36,-1,36,35,37,-1,36,37,38,-1,38,37,39,-1,40,38,41,-1,41,38,39,-1,40,41,42,-1,40,42,43,-1,43,42,44,-1,43,44,45,-1,45,44,46,-1,45,46,47,-1,47,46,48,-1,47,48,49,-1,49,48,50,-1,49,50,51,-1,51,50,52,-1,51,52,53,-1,54,53,55,-1,55,53,52,-1,54,55,56,-1,54,56,57,-1,57,56,58,-1,57,58,59,-1,59,58,60,-1,59,60,61,-1,61,60,62,-1,61,62,63,-1,63,62,64,-1,63,64,65,-1,65,64,66,-1,65,66,67,-1,68,67,69,-1,69,67,66,-1,68,69,70,-1,68,70,71,-1,71,70,72,-1,71,72,73,-1,73,72,74,-1,73,74,75,-1,75,74,76,-1,75,76,77,-1,77,76,78,-1,77,78,79,-1,79,78,80,-1,79,80,81,-1,82,81,83,-1,83,81,80,-1,84,82,85,-1,85,82,83,-1,86,84,87,-1,87,84,85,-1,88,86,89,-1,89,86,87,-1,90,88,91,-1,91,88,89,-1,90,91,92,-1,90,92,93,-1,93,92,94,-1,93,94,95,-1,95,94,96,-1,95,96,97,-1,97,96,98,-1,97,98,99,-1,99,98,100,-1,99,100,101,-1,101,100,102,-1,101,102,103,-1,103,102,104,-1,103,104,105,-1,105,104,106,-1,105,106,107,-1,107,106,108,-1,107,108,109,-1,109,108,110,-1,109,110,111,-1,111,110,112,-1,111,112,113,-1,113,112,114,-1,113,114,115,-1,116,115,117,-1,117,115,114,-1,118,116,119,-1,119,116,117,-1,120,118,121,-1,121,118,119,-1,1,120,3,-1,3,120,121,-1,115,116,88,-1,88,116,118,-1,81,82,53,-1,53,82,51,-1,65,67,54,-1,120,84,118,-1,118,84,86,-1,118,86,88,-1,0,4,25,-1,88,90,115,-1,115,90,93,-1,115,93,95,-1,95,97,115,-1,115,97,99,-1,115,99,101,-1,101,103,115,-1,115,103,105,-1,115,105,107,-1,107,109,115,-1,115,109,111,-1,115,111,113,-1,59,61,63,-1,28,84,26,-1,26,84,120,-1,26,120,25,-1,25,120,1,-1,25,1,0,-1,4,7,25,-1,25,7,9,-1,25,9,11,-1,21,23,19,-1,19,23,25,-1,19,25,17,-1,54,67,53,-1,53,67,68,-1,53,68,81,-1,28,30,84,-1,84,30,32,-1,84,32,82,-1,32,34,82,-1,82,34,36,-1,82,36,38,-1,11,13,25,-1,25,13,15,-1,25,15,17,-1,65,54,63,-1,63,54,57,-1,63,57,59,-1,73,75,77,-1,68,71,81,-1,81,71,73,-1,81,73,79,-1,79,73,77,-1,38,40,82,-1,82,40,43,-1,82,43,45,-1,45,47,82,-1,82,47,49,-1,82,49,51,-1,5,2,3,-1,55,52,66,-1,20,18,5,-1,66,52,69,-1,85,121,87,-1,87,121,119,-1,87,119,89,-1,89,119,117,-1,89,117,91,-1,91,117,114,-1,8,14,10,-1,10,14,12,-1,18,16,5,-1,5,16,14,-1,5,14,6,-1,6,14,8,-1,37,35,83,-1,85,31,29,-1,85,29,121,-1,121,29,27,-1,121,27,3,-1,3,27,24,-1,3,24,5,-1,5,24,22,-1,5,22,20,-1,83,35,85,-1,85,35,33,-1,85,33,31,-1,62,60,58,-1,102,100,114,-1,114,100,98,-1,114,98,96,-1,96,94,114,-1,114,94,92,-1,114,92,91,-1,42,41,83,-1,83,41,39,-1,83,39,37,-1,83,80,69,-1,69,80,78,-1,69,78,76,-1,66,64,55,-1,55,64,62,-1,55,62,56,-1,56,62,58,-1,108,114,110,-1,110,114,112,-1,108,106,114,-1,114,106,104,-1,114,104,102,-1,69,52,83,-1,83,52,50,-1,83,50,48,-1,76,74,69,-1,69,74,72,-1,69,72,70,-1,48,46,83,-1,83,46,44,-1,83,44,42,-1,122,123,124,-1,124,123,125,-1,126,122,127,-1,127,122,124,-1,126,127,128,-1,126,128,129,-1,129,128,130,-1,129,130,131,-1,131,130,132,-1,131,132,133,-1,133,132,134,-1,133,134,135,-1,135,134,136,-1,135,136,137,-1,137,136,138,-1,137,138,139,-1,139,138,140,-1,139,140,141,-1,141,140,142,-1,141,142,143,-1,143,142,144,-1,143,144,145,-1,145,144,146,-1,145,146,147,-1,148,147,149,-1,149,147,146,-1,148,149,150,-1,150,149,151,-1,150,151,152,-1,152,151,153,-1,152,153,154,-1,154,153,155,-1,154,155,156,-1,156,155,157,-1,156,157,158,-1,158,157,159,-1,158,159,160,-1,160,159,161,-1,162,160,163,-1,163,160,161,-1,162,163,164,-1,162,164,165,-1,165,164,166,-1,165,166,167,-1,167,166,168,-1,167,168,169,-1,169,168,170,-1,169,170,171,-1,171,170,172,-1,171,172,173,-1,173,172,174,-1,173,174,175,-1,176,175,177,-1,177,175,174,-1,176,177,178,-1,176,178,179,-1,179,178,180,-1,179,180,181,-1,181,180,182,-1,181,182,183,-1,183,182,184,-1,183,184,185,-1,185,184,186,-1,185,186,187,-1,187,186,188,-1,187,188,189,-1,190,189,191,-1,191,189,188,-1,190,191,192,-1,190,192,193,-1,193,192,194,-1,193,194,195,-1,195,194,196,-1,195,196,197,-1,197,196,198,-1,197,198,199,-1,199,198,200,-1,199,200,201,-1,201,200,202,-1,201,202,203,-1,204,203,205,-1,205,203,202,-1,206,204,207,-1,207,204,205,-1,208,206,209,-1,209,206,207,-1,210,208,211,-1,211,208,209,-1,212,210,213,-1,213,210,211,-1,212,213,214,-1,212,214,215,-1,215,214,216,-1,215,216,217,-1,217,216,218,-1,217,218,219,-1,219,218,220,-1,219,220,221,-1,221,220,222,-1,221,222,223,-1,223,222,224,-1,223,224,225,-1,225,224,226,-1,225,226,227,-1,227,226,228,-1,227,228,229,-1,229,228,230,-1,229,230,231,-1,231,230,232,-1,231,232,233,-1,233,232,234,-1,233,234,235,-1,235,234,236,-1,235,236,237,-1,238,237,239,-1,239,237,236,-1,240,238,241,-1,241,238,239,-1,242,240,243,-1,243,240,241,-1,123,242,125,-1,125,242,243,-1,237,238,210,-1,210,238,240,-1,203,204,175,-1,175,204,173,-1,187,189,176,-1,242,206,240,-1,240,206,208,-1,240,208,210,-1,122,126,147,-1,210,212,237,-1,237,212,215,-1,237,215,217,-1,217,219,237,-1,237,219,221,-1,237,221,223,-1,223,225,237,-1,237,225,227,-1,237,227,229,-1,229,231,237,-1,237,231,233,-1,237,233,235,-1,181,183,185,-1,150,206,148,-1,148,206,242,-1,148,242,147,-1,147,242,123,-1,147,123,122,-1,126,129,147,-1,147,129,131,-1,147,131,133,-1,143,145,141,-1,141,145,147,-1,141,147,139,-1,176,189,175,-1,175,189,190,-1,175,190,203,-1,150,152,206,-1,206,152,154,-1,206,154,204,-1,154,156,204,-1,204,156,158,-1,204,158,160,-1,133,135,147,-1,147,135,137,-1,147,137,139,-1,187,176,185,-1,185,176,179,-1,185,179,181,-1,195,197,199,-1,190,193,203,-1,203,193,195,-1,203,195,201,-1,201,195,199,-1,160,162,204,-1,204,162,165,-1,204,165,167,-1,167,169,204,-1,204,169,171,-1,204,171,173,-1,127,124,125,-1,177,174,188,-1,142,140,127,-1,188,174,191,-1,207,243,209,-1,209,243,241,-1,209,241,211,-1,211,241,239,-1,211,239,213,-1,213,239,236,-1,130,136,132,-1,132,136,134,-1,140,138,127,-1,127,138,136,-1,127,136,128,-1,128,136,130,-1,159,157,205,-1,207,153,151,-1,207,151,243,-1,243,151,149,-1,243,149,125,-1,125,149,146,-1,125,146,127,-1,127,146,144,-1,127,144,142,-1,205,157,207,-1,207,157,155,-1,207,155,153,-1,184,182,180,-1,224,222,236,-1,236,222,220,-1,236,220,218,-1,218,216,236,-1,236,216,214,-1,236,214,213,-1,164,163,205,-1,205,163,161,-1,205,161,159,-1,205,202,191,-1,191,202,200,-1,191,200,198,-1,188,186,177,-1,177,186,184,-1,177,184,178,-1,178,184,180,-1,230,236,232,-1,232,236,234,-1,230,228,236,-1,236,228,226,-1,236,226,224,-1,191,174,205,-1,205,174,172,-1,205,172,170,-1,198,196,191,-1,191,196,194,-1,191,194,192,-1,170,168,205,-1,205,168,166,-1,205,166,164,-1,244,245,246,-1,246,245,247,-1,248,244,249,-1,249,244,246,-1,248,249,250,-1,248,250,251,-1,251,250,252,-1,251,252,253,-1,253,252,254,-1,253,254,255,-1,255,254,256,-1,255,256,257,-1,257,256,258,-1,257,258,259,-1,259,258,260,-1,259,260,261,-1,261,260,262,-1,261,262,263,-1,263,262,264,-1,263,264,265,-1,265,264,266,-1,265,266,267,-1,267,266,268,-1,267,268,269,-1,270,269,271,-1,271,269,268,-1,270,271,272,-1,272,271,273,-1,272,273,274,-1,274,273,275,-1,274,275,276,-1,276,275,277,-1,276,277,278,-1,278,277,279,-1,278,279,280,-1,280,279,281,-1,280,281,282,-1,282,281,283,-1,284,282,285,-1,285,282,283,-1,284,285,286,-1,284,286,287,-1,287,286,288,-1,287,288,289,-1,289,288,290,-1,289,290,291,-1,291,290,292,-1,291,292,293,-1,293,292,294,-1,293,294,295,-1,295,294,296,-1,295,296,297,-1,298,297,299,-1,299,297,296,-1,298,299,300,-1,298,300,301,-1,301,300,302,-1,301,302,303,-1,303,302,304,-1,303,304,305,-1,305,304,306,-1,305,306,307,-1,307,306,308,-1,307,308,309,-1,309,308,310,-1,309,310,311,-1,312,311,313,-1,313,311,310,-1,312,313,314,-1,312,314,315,-1,315,314,316,-1,315,316,317,-1,317,316,318,-1,317,318,319,-1,319,318,320,-1,319,320,321,-1,321,320,322,-1,321,322,323,-1,323,322,324,-1,323,324,325,-1,326,325,327,-1,327,325,324,-1,328,326,329,-1,329,326,327,-1,330,328,331,-1,331,328,329,-1,332,330,333,-1,333,330,331,-1,334,332,335,-1,335,332,333,-1,334,335,336,-1,334,336,337,-1,337,336,338,-1,337,338,339,-1,339,338,340,-1,339,340,341,-1,341,340,342,-1,341,342,343,-1,343,342,344,-1,343,344,345,-1,345,344,346,-1,345,346,347,-1,347,346,348,-1,347,348,349,-1,349,348,350,-1,349,350,351,-1,351,350,352,-1,351,352,353,-1,353,352,354,-1,353,354,355,-1,355,354,356,-1,355,356,357,-1,357,356,358,-1,357,358,359,-1,360,359,361,-1,361,359,358,-1,362,360,363,-1,363,360,361,-1,364,362,365,-1,365,362,363,-1,245,364,247,-1,247,364,365,-1,359,360,332,-1,332,360,362,-1,325,326,297,-1,297,326,295,-1,309,311,298,-1,364,328,362,-1,362,328,330,-1,362,330,332,-1,244,248,269,-1,332,334,359,-1,359,334,337,-1,359,337,339,-1,339,341,359,-1,359,341,343,-1,359,343,345,-1,345,347,359,-1,359,347,349,-1,359,349,351,-1,351,353,359,-1,359,353,355,-1,359,355,357,-1,303,305,307,-1,272,328,270,-1,270,328,364,-1,270,364,269,-1,269,364,245,-1,269,245,244,-1,248,251,269,-1,269,251,253,-1,269,253,255,-1,265,267,263,-1,263,267,269,-1,263,269,261,-1,298,311,297,-1,297,311,312,-1,297,312,325,-1,272,274,328,-1,328,274,276,-1,328,276,326,-1,276,278,326,-1,326,278,280,-1,326,280,282,-1,255,257,269,-1,269,257,259,-1,269,259,261,-1,309,298,307,-1,307,298,301,-1,307,301,303,-1,317,319,321,-1,312,315,325,-1,325,315,317,-1,325,317,323,-1,323,317,321,-1,282,284,326,-1,326,284,287,-1,326,287,289,-1,289,291,326,-1,326,291,293,-1,326,293,295,-1,249,246,247,-1,299,296,310,-1,264,262,249,-1,310,296,313,-1,329,365,331,-1,331,365,363,-1,331,363,333,-1,333,363,361,-1,333,361,335,-1,335,361,358,-1,252,258,254,-1,254,258,256,-1,262,260,249,-1,249,260,258,-1,249,258,250,-1,250,258,252,-1,281,279,327,-1,329,275,273,-1,329,273,365,-1,365,273,271,-1,365,271,247,-1,247,271,268,-1,247,268,249,-1,249,268,266,-1,249,266,264,-1,327,279,329,-1,329,279,277,-1,329,277,275,-1,306,304,302,-1,346,344,358,-1,358,344,342,-1,358,342,340,-1,340,338,358,-1,358,338,336,-1,358,336,335,-1,286,285,327,-1,327,285,283,-1,327,283,281,-1,327,324,313,-1,313,324,322,-1,313,322,320,-1,310,308,299,-1,299,308,306,-1,299,306,300,-1,300,306,302,-1,352,358,354,-1,354,358,356,-1,352,350,358,-1,358,350,348,-1,358,348,346,-1,313,296,327,-1,327,296,294,-1,327,294,292,-1,320,318,313,-1,313,318,316,-1,313,316,314,-1,292,290,327,-1,327,290,288,-1,327,288,286,-1,366,367,368,-1,368,367,369,-1,370,366,371,-1,371,366,368,-1,370,371,372,-1,370,372,373,-1,373,372,374,-1,373,374,375,-1,375,374,376,-1,375,376,377,-1,377,376,378,-1,377,378,379,-1,379,378,380,-1,379,380,381,-1,381,380,382,-1,381,382,383,-1,383,382,384,-1,383,384,385,-1,385,384,386,-1,385,386,387,-1,387,386,388,-1,387,388,389,-1,389,388,390,-1,389,390,391,-1,392,391,393,-1,393,391,390,-1,392,393,394,-1,394,393,395,-1,394,395,396,-1,396,395,397,-1,396,397,398,-1,398,397,399,-1,398,399,400,-1,400,399,401,-1,400,401,402,-1,402,401,403,-1,402,403,404,-1,404,403,405,-1,406,404,407,-1,407,404,405,-1,406,407,408,-1,406,408,409,-1,409,408,410,-1,409,410,411,-1,411,410,412,-1,411,412,413,-1,413,412,414,-1,413,414,415,-1,415,414,416,-1,415,416,417,-1,417,416,418,-1,417,418,419,-1,420,419,421,-1,421,419,418,-1,420,421,422,-1,420,422,423,-1,423,422,424,-1,423,424,425,-1,425,424,426,-1,425,426,427,-1,427,426,428,-1,427,428,429,-1,429,428,430,-1,429,430,431,-1,431,430,432,-1,431,432,433,-1,434,433,435,-1,435,433,432,-1,434,435,436,-1,434,436,437,-1,437,436,438,-1,437,438,439,-1,439,438,440,-1,439,440,441,-1,441,440,442,-1,441,442,443,-1,443,442,444,-1,443,444,445,-1,445,444,446,-1,445,446,447,-1,448,447,449,-1,449,447,446,-1,450,448,451,-1,451,448,449,-1,452,450,453,-1,453,450,451,-1,454,452,455,-1,455,452,453,-1,456,454,457,-1,457,454,455,-1,456,457,458,-1,456,458,459,-1,459,458,460,-1,459,460,461,-1,461,460,462,-1,461,462,463,-1,463,462,464,-1,463,464,465,-1,465,464,466,-1,465,466,467,-1,467,466,468,-1,467,468,469,-1,469,468,470,-1,469,470,471,-1,471,470,472,-1,471,472,473,-1,473,472,474,-1,473,474,475,-1,475,474,476,-1,475,476,477,-1,477,476,478,-1,477,478,479,-1,479,478,480,-1,479,480,481,-1,482,481,483,-1,483,481,480,-1,484,482,485,-1,485,482,483,-1,486,484,487,-1,487,484,485,-1,367,486,369,-1,369,486,487,-1,481,482,454,-1,454,482,484,-1,447,448,419,-1,419,448,417,-1,431,433,420,-1,486,450,484,-1,484,450,452,-1,484,452,454,-1,366,370,391,-1,454,456,481,-1,481,456,459,-1,481,459,461,-1,461,463,481,-1,481,463,465,-1,481,465,467,-1,467,469,481,-1,481,469,471,-1,481,471,473,-1,473,475,481,-1,481,475,477,-1,481,477,479,-1,425,427,429,-1,394,450,392,-1,392,450,486,-1,392,486,391,-1,391,486,367,-1,391,367,366,-1,370,373,391,-1,391,373,375,-1,391,375,377,-1,387,389,385,-1,385,389,391,-1,385,391,383,-1,420,433,419,-1,419,433,434,-1,419,434,447,-1,394,396,450,-1,450,396,398,-1,450,398,448,-1,398,400,448,-1,448,400,402,-1,448,402,404,-1,377,379,391,-1,391,379,381,-1,391,381,383,-1,431,420,429,-1,429,420,423,-1,429,423,425,-1,439,441,443,-1,434,437,447,-1,447,437,439,-1,447,439,445,-1,445,439,443,-1,404,406,448,-1,448,406,409,-1,448,409,411,-1,411,413,448,-1,448,413,415,-1,448,415,417,-1,371,368,369,-1,421,418,432,-1,386,384,371,-1,432,418,435,-1,451,487,453,-1,453,487,485,-1,453,485,455,-1,455,485,483,-1,455,483,457,-1,457,483,480,-1,374,380,376,-1,376,380,378,-1,384,382,371,-1,371,382,380,-1,371,380,372,-1,372,380,374,-1,403,401,449,-1,451,397,395,-1,451,395,487,-1,487,395,393,-1,487,393,369,-1,369,393,390,-1,369,390,371,-1,371,390,388,-1,371,388,386,-1,449,401,451,-1,451,401,399,-1,451,399,397,-1,428,426,424,-1,468,466,480,-1,480,466,464,-1,480,464,462,-1,462,460,480,-1,480,460,458,-1,480,458,457,-1,408,407,449,-1,449,407,405,-1,449,405,403,-1,449,446,435,-1,435,446,444,-1,435,444,442,-1,432,430,421,-1,421,430,428,-1,421,428,422,-1,422,428,424,-1,474,480,476,-1,476,480,478,-1,474,472,480,-1,480,472,470,-1,480,470,468,-1,435,418,449,-1,449,418,416,-1,449,416,414,-1,442,440,435,-1,435,440,438,-1,435,438,436,-1,414,412,449,-1,449,412,410,-1,449,410,408,-1,488,489,490,-1,490,489,491,-1,492,488,493,-1,493,488,490,-1,492,493,494,-1,492,494,495,-1,495,494,496,-1,495,496,497,-1,497,496,498,-1,497,498,499,-1,499,498,500,-1,499,500,501,-1,501,500,502,-1,501,502,503,-1,503,502,504,-1,503,504,505,-1,505,504,506,-1,505,506,507,-1,507,506,508,-1,507,508,509,-1,509,508,510,-1,509,510,511,-1,511,510,512,-1,511,512,513,-1,514,513,515,-1,515,513,512,-1,514,515,516,-1,516,515,517,-1,516,517,518,-1,518,517,519,-1,518,519,520,-1,520,519,521,-1,520,521,522,-1,522,521,523,-1,522,523,524,-1,524,523,525,-1,524,525,526,-1,526,525,527,-1,528,526,529,-1,529,526,527,-1,528,529,530,-1,528,530,531,-1,531,530,532,-1,531,532,533,-1,533,532,534,-1,533,534,535,-1,535,534,536,-1,535,536,537,-1,537,536,538,-1,537,538,539,-1,539,538,540,-1,539,540,541,-1,542,541,543,-1,543,541,540,-1,542,543,544,-1,542,544,545,-1,545,544,546,-1,545,546,547,-1,547,546,548,-1,547,548,549,-1,549,548,550,-1,549,550,551,-1,551,550,552,-1,551,552,553,-1,553,552,554,-1,553,554,555,-1,556,555,557,-1,557,555,554,-1,556,557,558,-1,556,558,559,-1,559,558,560,-1,559,560,561,-1,561,560,562,-1,561,562,563,-1,563,562,564,-1,563,564,565,-1,565,564,566,-1,565,566,567,-1,567,566,568,-1,567,568,569,-1,570,569,571,-1,571,569,568,-1,572,570,573,-1,573,570,571,-1,574,572,575,-1,575,572,573,-1,576,574,577,-1,577,574,575,-1,578,576,579,-1,579,576,577,-1,578,579,580,-1,578,580,581,-1,581,580,582,-1,581,582,583,-1,583,582,584,-1,583,584,585,-1,585,584,586,-1,585,586,587,-1,587,586,588,-1,587,588,589,-1,589,588,590,-1,589,590,591,-1,591,590,592,-1,591,592,593,-1,593,592,594,-1,593,594,595,-1,595,594,596,-1,595,596,597,-1,597,596,598,-1,597,598,599,-1,599,598,600,-1,599,600,601,-1,601,600,602,-1,601,602,603,-1,604,603,605,-1,605,603,602,-1,606,604,607,-1,607,604,605,-1,608,606,609,-1,609,606,607,-1,489,608,491,-1,491,608,609,-1,603,604,576,-1,576,604,606,-1,569,570,541,-1,541,570,539,-1,553,555,542,-1,608,572,606,-1,606,572,574,-1,606,574,576,-1,488,492,513,-1,576,578,603,-1,603,578,581,-1,603,581,583,-1,583,585,603,-1,603,585,587,-1,603,587,589,-1,589,591,603,-1,603,591,593,-1,603,593,595,-1,595,597,603,-1,603,597,599,-1,603,599,601,-1,547,549,551,-1,516,572,514,-1,514,572,608,-1,514,608,513,-1,513,608,489,-1,513,489,488,-1,492,495,513,-1,513,495,497,-1,513,497,499,-1,509,511,507,-1,507,511,513,-1,507,513,505,-1,542,555,541,-1,541,555,556,-1,541,556,569,-1,516,518,572,-1,572,518,520,-1,572,520,570,-1,520,522,570,-1,570,522,524,-1,570,524,526,-1,499,501,513,-1,513,501,503,-1,513,503,505,-1,553,542,551,-1,551,542,545,-1,551,545,547,-1,561,563,565,-1,556,559,569,-1,569,559,561,-1,569,561,567,-1,567,561,565,-1,526,528,570,-1,570,528,531,-1,570,531,533,-1,533,535,570,-1,570,535,537,-1,570,537,539,-1,493,490,491,-1,543,540,554,-1,508,506,493,-1,554,540,557,-1,573,609,575,-1,575,609,607,-1,575,607,577,-1,577,607,605,-1,577,605,579,-1,579,605,602,-1,496,502,498,-1,498,502,500,-1,506,504,493,-1,493,504,502,-1,493,502,494,-1,494,502,496,-1,525,523,571,-1,573,519,517,-1,573,517,609,-1,609,517,515,-1,609,515,491,-1,491,515,512,-1,491,512,493,-1,493,512,510,-1,493,510,508,-1,571,523,573,-1,573,523,521,-1,573,521,519,-1,550,548,546,-1,590,588,602,-1,602,588,586,-1,602,586,584,-1,584,582,602,-1,602,582,580,-1,602,580,579,-1,530,529,571,-1,571,529,527,-1,571,527,525,-1,571,568,557,-1,557,568,566,-1,557,566,564,-1,554,552,543,-1,543,552,550,-1,543,550,544,-1,544,550,546,-1,596,602,598,-1,598,602,600,-1,596,594,602,-1,602,594,592,-1,602,592,590,-1,557,540,571,-1,571,540,538,-1,571,538,536,-1,564,562,557,-1,557,562,560,-1,557,560,558,-1,536,534,571,-1,571,534,532,-1,571,532,530,-1,610,611,612,-1,612,611,613,-1,614,610,615,-1,615,610,612,-1,614,615,616,-1,614,616,617,-1,617,616,618,-1,617,618,619,-1,619,618,620,-1,619,620,621,-1,621,620,622,-1,621,622,623,-1,623,622,624,-1,623,624,625,-1,625,624,626,-1,625,626,627,-1,627,626,628,-1,627,628,629,-1,629,628,630,-1,629,630,631,-1,631,630,632,-1,631,632,633,-1,633,632,634,-1,633,634,635,-1,636,635,637,-1,637,635,634,-1,636,637,638,-1,638,637,639,-1,638,639,640,-1,640,639,641,-1,640,641,642,-1,642,641,643,-1,642,643,644,-1,644,643,645,-1,644,645,646,-1,646,645,647,-1,646,647,648,-1,648,647,649,-1,650,648,651,-1,651,648,649,-1,650,651,652,-1,650,652,653,-1,653,652,654,-1,653,654,655,-1,655,654,656,-1,655,656,657,-1,657,656,658,-1,657,658,659,-1,659,658,660,-1,659,660,661,-1,661,660,662,-1,661,662,663,-1,664,663,665,-1,665,663,662,-1,664,665,666,-1,664,666,667,-1,667,666,668,-1,667,668,669,-1,669,668,670,-1,669,670,671,-1,671,670,672,-1,671,672,673,-1,673,672,674,-1,673,674,675,-1,675,674,676,-1,675,676,677,-1,678,677,679,-1,679,677,676,-1,678,679,680,-1,678,680,681,-1,681,680,682,-1,681,682,683,-1,683,682,684,-1,683,684,685,-1,685,684,686,-1,685,686,687,-1,687,686,688,-1,687,688,689,-1,689,688,690,-1,689,690,691,-1,692,691,693,-1,693,691,690,-1,694,692,695,-1,695,692,693,-1,696,694,697,-1,697,694,695,-1,698,696,699,-1,699,696,697,-1,700,698,701,-1,701,698,699,-1,700,701,702,-1,700,702,703,-1,703,702,704,-1,703,704,705,-1,705,704,706,-1,705,706,707,-1,707,706,708,-1,707,708,709,-1,709,708,710,-1,709,710,711,-1,711,710,712,-1,711,712,713,-1,713,712,714,-1,713,714,715,-1,715,714,716,-1,715,716,717,-1,717,716,718,-1,717,718,719,-1,719,718,720,-1,719,720,721,-1,721,720,722,-1,721,722,723,-1,723,722,724,-1,723,724,725,-1,726,725,727,-1,727,725,724,-1,728,726,729,-1,729,726,727,-1,730,728,731,-1,731,728,729,-1,611,730,613,-1,613,730,731,-1,725,726,698,-1,698,726,728,-1,691,692,663,-1,663,692,661,-1,675,677,664,-1,730,694,728,-1,728,694,696,-1,728,696,698,-1,610,614,635,-1,698,700,725,-1,725,700,703,-1,725,703,705,-1,705,707,725,-1,725,707,709,-1,725,709,711,-1,711,713,725,-1,725,713,715,-1,725,715,717,-1,717,719,725,-1,725,719,721,-1,725,721,723,-1,669,671,673,-1,638,694,636,-1,636,694,730,-1,636,730,635,-1,635,730,611,-1,635,611,610,-1,614,617,635,-1,635,617,619,-1,635,619,621,-1,631,633,629,-1,629,633,635,-1,629,635,627,-1,664,677,663,-1,663,677,678,-1,663,678,691,-1,638,640,694,-1,694,640,642,-1,694,642,692,-1,642,644,692,-1,692,644,646,-1,692,646,648,-1,621,623,635,-1,635,623,625,-1,635,625,627,-1,675,664,673,-1,673,664,667,-1,673,667,669,-1,683,685,687,-1,678,681,691,-1,691,681,683,-1,691,683,689,-1,689,683,687,-1,648,650,692,-1,692,650,653,-1,692,653,655,-1,655,657,692,-1,692,657,659,-1,692,659,661,-1,615,612,613,-1,665,662,676,-1,630,628,615,-1,676,662,679,-1,695,731,697,-1,697,731,729,-1,697,729,699,-1,699,729,727,-1,699,727,701,-1,701,727,724,-1,618,624,620,-1,620,624,622,-1,628,626,615,-1,615,626,624,-1,615,624,616,-1,616,624,618,-1,647,645,693,-1,695,641,639,-1,695,639,731,-1,731,639,637,-1,731,637,613,-1,613,637,634,-1,613,634,615,-1,615,634,632,-1,615,632,630,-1,693,645,695,-1,695,645,643,-1,695,643,641,-1,672,670,668,-1,712,710,724,-1,724,710,708,-1,724,708,706,-1,706,704,724,-1,724,704,702,-1,724,702,701,-1,652,651,693,-1,693,651,649,-1,693,649,647,-1,693,690,679,-1,679,690,688,-1,679,688,686,-1,676,674,665,-1,665,674,672,-1,665,672,666,-1,666,672,668,-1,718,724,720,-1,720,724,722,-1,718,716,724,-1,724,716,714,-1,724,714,712,-1,679,662,693,-1,693,662,660,-1,693,660,658,-1,686,684,679,-1,679,684,682,-1,679,682,680,-1,658,656,693,-1,693,656,654,-1,693,654,652,-1,732,733,734,-1,734,733,735,-1,736,732,737,-1,737,732,734,-1,736,737,738,-1,736,738,739,-1,739,738,740,-1,739,740,741,-1,741,740,742,-1,741,742,743,-1,743,742,744,-1,743,744,745,-1,745,744,746,-1,745,746,747,-1,747,746,748,-1,747,748,749,-1,749,748,750,-1,749,750,751,-1,751,750,752,-1,751,752,753,-1,753,752,754,-1,753,754,755,-1,755,754,756,-1,755,756,757,-1,758,757,759,-1,759,757,756,-1,758,759,760,-1,760,759,761,-1,760,761,762,-1,762,761,763,-1,762,763,764,-1,764,763,765,-1,764,765,766,-1,766,765,767,-1,766,767,768,-1,768,767,769,-1,768,769,770,-1,770,769,771,-1,772,770,773,-1,773,770,771,-1,772,773,774,-1,772,774,775,-1,775,774,776,-1,775,776,777,-1,777,776,778,-1,777,778,779,-1,779,778,780,-1,779,780,781,-1,781,780,782,-1,781,782,783,-1,783,782,784,-1,783,784,785,-1,786,785,787,-1,787,785,784,-1,786,787,788,-1,786,788,789,-1,789,788,790,-1,789,790,791,-1,791,790,792,-1,791,792,793,-1,793,792,794,-1,793,794,795,-1,795,794,796,-1,795,796,797,-1,797,796,798,-1,797,798,799,-1,800,799,801,-1,801,799,798,-1,800,801,802,-1,800,802,803,-1,803,802,804,-1,803,804,805,-1,805,804,806,-1,805,806,807,-1,807,806,808,-1,807,808,809,-1,809,808,810,-1,809,810,811,-1,811,810,812,-1,811,812,813,-1,814,813,815,-1,815,813,812,-1,816,814,817,-1,817,814,815,-1,818,816,819,-1,819,816,817,-1,820,818,821,-1,821,818,819,-1,822,820,823,-1,823,820,821,-1,822,823,824,-1,822,824,825,-1,825,824,826,-1,825,826,827,-1,827,826,828,-1,827,828,829,-1,829,828,830,-1,829,830,831,-1,831,830,832,-1,831,832,833,-1,833,832,834,-1,833,834,835,-1,835,834,836,-1,835,836,837,-1,837,836,838,-1,837,838,839,-1,839,838,840,-1,839,840,841,-1,841,840,842,-1,841,842,843,-1,843,842,844,-1,843,844,845,-1,845,844,846,-1,845,846,847,-1,848,847,849,-1,849,847,846,-1,850,848,851,-1,851,848,849,-1,852,850,853,-1,853,850,851,-1,733,852,735,-1,735,852,853,-1,847,848,820,-1,820,848,850,-1,813,814,785,-1,785,814,783,-1,797,799,786,-1,852,816,850,-1,850,816,818,-1,850,818,820,-1,732,736,757,-1,820,822,847,-1,847,822,825,-1,847,825,827,-1,827,829,847,-1,847,829,831,-1,847,831,833,-1,833,835,847,-1,847,835,837,-1,847,837,839,-1,839,841,847,-1,847,841,843,-1,847,843,845,-1,791,793,795,-1,760,816,758,-1,758,816,852,-1,758,852,757,-1,757,852,733,-1,757,733,732,-1,736,739,757,-1,757,739,741,-1,757,741,743,-1,753,755,751,-1,751,755,757,-1,751,757,749,-1,786,799,785,-1,785,799,800,-1,785,800,813,-1,760,762,816,-1,816,762,764,-1,816,764,814,-1,764,766,814,-1,814,766,768,-1,814,768,770,-1,743,745,757,-1,757,745,747,-1,757,747,749,-1,797,786,795,-1,795,786,789,-1,795,789,791,-1,805,807,809,-1,800,803,813,-1,813,803,805,-1,813,805,811,-1,811,805,809,-1,770,772,814,-1,814,772,775,-1,814,775,777,-1,777,779,814,-1,814,779,781,-1,814,781,783,-1,737,734,735,-1,787,784,798,-1,752,750,737,-1,798,784,801,-1,817,853,819,-1,819,853,851,-1,819,851,821,-1,821,851,849,-1,821,849,823,-1,823,849,846,-1,740,746,742,-1,742,746,744,-1,750,748,737,-1,737,748,746,-1,737,746,738,-1,738,746,740,-1,769,767,815,-1,817,763,761,-1,817,761,853,-1,853,761,759,-1,853,759,735,-1,735,759,756,-1,735,756,737,-1,737,756,754,-1,737,754,752,-1,815,767,817,-1,817,767,765,-1,817,765,763,-1,794,792,790,-1,834,832,846,-1,846,832,830,-1,846,830,828,-1,828,826,846,-1,846,826,824,-1,846,824,823,-1,774,773,815,-1,815,773,771,-1,815,771,769,-1,815,812,801,-1,801,812,810,-1,801,810,808,-1,798,796,787,-1,787,796,794,-1,787,794,788,-1,788,794,790,-1,840,846,842,-1,842,846,844,-1,840,838,846,-1,846,838,836,-1,846,836,834,-1,801,784,815,-1,815,784,782,-1,815,782,780,-1,808,806,801,-1,801,806,804,-1,801,804,802,-1,780,778,815,-1,815,778,776,-1,815,776,774,-1,854,855,856,-1,856,855,857,-1,858,854,859,-1,859,854,856,-1,858,859,860,-1,858,860,861,-1,861,860,862,-1,861,862,863,-1,863,862,864,-1,863,864,865,-1,865,864,866,-1,865,866,867,-1,867,866,868,-1,867,868,869,-1,869,868,870,-1,869,870,871,-1,871,870,872,-1,871,872,873,-1,873,872,874,-1,873,874,875,-1,875,874,876,-1,875,876,877,-1,877,876,878,-1,877,878,879,-1,880,879,881,-1,881,879,878,-1,880,881,882,-1,882,881,883,-1,882,883,884,-1,884,883,885,-1,884,885,886,-1,886,885,887,-1,886,887,888,-1,888,887,889,-1,888,889,890,-1,890,889,891,-1,890,891,892,-1,892,891,893,-1,894,892,895,-1,895,892,893,-1,894,895,896,-1,894,896,897,-1,897,896,898,-1,897,898,899,-1,899,898,900,-1,899,900,901,-1,901,900,902,-1,901,902,903,-1,903,902,904,-1,903,904,905,-1,905,904,906,-1,905,906,907,-1,908,907,909,-1,909,907,906,-1,908,909,910,-1,908,910,911,-1,911,910,912,-1,911,912,913,-1,913,912,914,-1,913,914,915,-1,915,914,916,-1,915,916,917,-1,917,916,918,-1,917,918,919,-1,919,918,920,-1,919,920,921,-1,922,921,923,-1,923,921,920,-1,922,923,924,-1,922,924,925,-1,925,924,926,-1,925,926,927,-1,927,926,928,-1,927,928,929,-1,929,928,930,-1,929,930,931,-1,931,930,932,-1,931,932,933,-1,933,932,934,-1,933,934,935,-1,936,935,937,-1,937,935,934,-1,938,936,939,-1,939,936,937,-1,940,938,941,-1,941,938,939,-1,942,940,943,-1,943,940,941,-1,944,942,945,-1,945,942,943,-1,944,945,946,-1,944,946,947,-1,947,946,948,-1,947,948,949,-1,949,948,950,-1,949,950,951,-1,951,950,952,-1,951,952,953,-1,953,952,954,-1,953,954,955,-1,955,954,956,-1,955,956,957,-1,957,956,958,-1,957,958,959,-1,959,958,960,-1,959,960,961,-1,961,960,962,-1,961,962,963,-1,963,962,964,-1,963,964,965,-1,965,964,966,-1,965,966,967,-1,967,966,968,-1,967,968,969,-1,970,969,971,-1,971,969,968,-1,972,970,973,-1,973,970,971,-1,974,972,975,-1,975,972,973,-1,855,974,857,-1,857,974,975,-1,969,970,942,-1,942,970,972,-1,935,936,907,-1,907,936,905,-1,919,921,908,-1,974,938,972,-1,972,938,940,-1,972,940,942,-1,854,858,879,-1,942,944,969,-1,969,944,947,-1,969,947,949,-1,949,951,969,-1,969,951,953,-1,969,953,955,-1,955,957,969,-1,969,957,959,-1,969,959,961,-1,961,963,969,-1,969,963,965,-1,969,965,967,-1,913,915,917,-1,882,938,880,-1,880,938,974,-1,880,974,879,-1,879,974,855,-1,879,855,854,-1,858,861,879,-1,879,861,863,-1,879,863,865,-1,875,877,873,-1,873,877,879,-1,873,879,871,-1,908,921,907,-1,907,921,922,-1,907,922,935,-1,882,884,938,-1,938,884,886,-1,938,886,936,-1,886,888,936,-1,936,888,890,-1,936,890,892,-1,865,867,879,-1,879,867,869,-1,879,869,871,-1,919,908,917,-1,917,908,911,-1,917,911,913,-1,927,929,931,-1,922,925,935,-1,935,925,927,-1,935,927,933,-1,933,927,931,-1,892,894,936,-1,936,894,897,-1,936,897,899,-1,899,901,936,-1,936,901,903,-1,936,903,905,-1,859,856,857,-1,909,906,920,-1,874,872,859,-1,920,906,923,-1,939,975,941,-1,941,975,973,-1,941,973,943,-1,943,973,971,-1,943,971,945,-1,945,971,968,-1,862,868,864,-1,864,868,866,-1,872,870,859,-1,859,870,868,-1,859,868,860,-1,860,868,862,-1,891,889,937,-1,939,885,883,-1,939,883,975,-1,975,883,881,-1,975,881,857,-1,857,881,878,-1,857,878,859,-1,859,878,876,-1,859,876,874,-1,937,889,939,-1,939,889,887,-1,939,887,885,-1,916,914,912,-1,956,954,968,-1,968,954,952,-1,968,952,950,-1,950,948,968,-1,968,948,946,-1,968,946,945,-1,896,895,937,-1,937,895,893,-1,937,893,891,-1,937,934,923,-1,923,934,932,-1,923,932,930,-1,920,918,909,-1,909,918,916,-1,909,916,910,-1,910,916,912,-1,962,968,964,-1,964,968,966,-1,962,960,968,-1,968,960,958,-1,968,958,956,-1,923,906,937,-1,937,906,904,-1,937,904,902,-1,930,928,923,-1,923,928,926,-1,923,926,924,-1,902,900,937,-1,937,900,898,-1,937,898,896,-1,976,977,978,-1,978,977,979,-1,980,976,981,-1,981,976,978,-1,980,981,982,-1,980,982,983,-1,983,982,984,-1,983,984,985,-1,985,984,986,-1,985,986,987,-1,987,986,988,-1,987,988,989,-1,989,988,990,-1,989,990,991,-1,991,990,992,-1,991,992,993,-1,993,992,994,-1,993,994,995,-1,995,994,996,-1,995,996,997,-1,997,996,998,-1,997,998,999,-1,999,998,1000,-1,999,1000,1001,-1,1002,1001,1003,-1,1003,1001,1000,-1,1002,1003,1004,-1,1004,1003,1005,-1,1004,1005,1006,-1,1006,1005,1007,-1,1006,1007,1008,-1,1008,1007,1009,-1,1008,1009,1010,-1,1010,1009,1011,-1,1010,1011,1012,-1,1012,1011,1013,-1,1012,1013,1014,-1,1014,1013,1015,-1,1016,1014,1017,-1,1017,1014,1015,-1,1016,1017,1018,-1,1016,1018,1019,-1,1019,1018,1020,-1,1019,1020,1021,-1,1021,1020,1022,-1,1021,1022,1023,-1,1023,1022,1024,-1,1023,1024,1025,-1,1025,1024,1026,-1,1025,1026,1027,-1,1027,1026,1028,-1,1027,1028,1029,-1,1030,1029,1031,-1,1031,1029,1028,-1,1030,1031,1032,-1,1030,1032,1033,-1,1033,1032,1034,-1,1033,1034,1035,-1,1035,1034,1036,-1,1035,1036,1037,-1,1037,1036,1038,-1,1037,1038,1039,-1,1039,1038,1040,-1,1039,1040,1041,-1,1041,1040,1042,-1,1041,1042,1043,-1,1044,1043,1045,-1,1045,1043,1042,-1,1044,1045,1046,-1,1044,1046,1047,-1,1047,1046,1048,-1,1047,1048,1049,-1,1049,1048,1050,-1,1049,1050,1051,-1,1051,1050,1052,-1,1051,1052,1053,-1,1053,1052,1054,-1,1053,1054,1055,-1,1055,1054,1056,-1,1055,1056,1057,-1,1058,1057,1059,-1,1059,1057,1056,-1,1060,1058,1061,-1,1061,1058,1059,-1,1062,1060,1063,-1,1063,1060,1061,-1,1064,1062,1065,-1,1065,1062,1063,-1,1066,1064,1067,-1,1067,1064,1065,-1,1066,1067,1068,-1,1066,1068,1069,-1,1069,1068,1070,-1,1069,1070,1071,-1,1071,1070,1072,-1,1071,1072,1073,-1,1073,1072,1074,-1,1073,1074,1075,-1,1075,1074,1076,-1,1075,1076,1077,-1,1077,1076,1078,-1,1077,1078,1079,-1,1079,1078,1080,-1,1079,1080,1081,-1,1081,1080,1082,-1,1081,1082,1083,-1,1083,1082,1084,-1,1083,1084,1085,-1,1085,1084,1086,-1,1085,1086,1087,-1,1087,1086,1088,-1,1087,1088,1089,-1,1089,1088,1090,-1,1089,1090,1091,-1,1092,1091,1093,-1,1093,1091,1090,-1,1094,1092,1095,-1,1095,1092,1093,-1,1096,1094,1097,-1,1097,1094,1095,-1,977,1096,979,-1,979,1096,1097,-1,1091,1092,1064,-1,1064,1092,1094,-1,1057,1058,1029,-1,1029,1058,1027,-1,1041,1043,1030,-1,1096,1060,1094,-1,1094,1060,1062,-1,1094,1062,1064,-1,976,980,1001,-1,1064,1066,1091,-1,1091,1066,1069,-1,1091,1069,1071,-1,1071,1073,1091,-1,1091,1073,1075,-1,1091,1075,1077,-1,1077,1079,1091,-1,1091,1079,1081,-1,1091,1081,1083,-1,1083,1085,1091,-1,1091,1085,1087,-1,1091,1087,1089,-1,1035,1037,1039,-1,1004,1060,1002,-1,1002,1060,1096,-1,1002,1096,1001,-1,1001,1096,977,-1,1001,977,976,-1,980,983,1001,-1,1001,983,985,-1,1001,985,987,-1,997,999,995,-1,995,999,1001,-1,995,1001,993,-1,1030,1043,1029,-1,1029,1043,1044,-1,1029,1044,1057,-1,1004,1006,1060,-1,1060,1006,1008,-1,1060,1008,1058,-1,1008,1010,1058,-1,1058,1010,1012,-1,1058,1012,1014,-1,987,989,1001,-1,1001,989,991,-1,1001,991,993,-1,1041,1030,1039,-1,1039,1030,1033,-1,1039,1033,1035,-1,1049,1051,1053,-1,1044,1047,1057,-1,1057,1047,1049,-1,1057,1049,1055,-1,1055,1049,1053,-1,1014,1016,1058,-1,1058,1016,1019,-1,1058,1019,1021,-1,1021,1023,1058,-1,1058,1023,1025,-1,1058,1025,1027,-1,981,978,979,-1,1031,1028,1042,-1,996,994,981,-1,1042,1028,1045,-1,1061,1097,1063,-1,1063,1097,1095,-1,1063,1095,1065,-1,1065,1095,1093,-1,1065,1093,1067,-1,1067,1093,1090,-1,984,990,986,-1,986,990,988,-1,994,992,981,-1,981,992,990,-1,981,990,982,-1,982,990,984,-1,1013,1011,1059,-1,1061,1007,1005,-1,1061,1005,1097,-1,1097,1005,1003,-1,1097,1003,979,-1,979,1003,1000,-1,979,1000,981,-1,981,1000,998,-1,981,998,996,-1,1059,1011,1061,-1,1061,1011,1009,-1,1061,1009,1007,-1,1038,1036,1034,-1,1078,1076,1090,-1,1090,1076,1074,-1,1090,1074,1072,-1,1072,1070,1090,-1,1090,1070,1068,-1,1090,1068,1067,-1,1018,1017,1059,-1,1059,1017,1015,-1,1059,1015,1013,-1,1059,1056,1045,-1,1045,1056,1054,-1,1045,1054,1052,-1,1042,1040,1031,-1,1031,1040,1038,-1,1031,1038,1032,-1,1032,1038,1034,-1,1084,1090,1086,-1,1086,1090,1088,-1,1084,1082,1090,-1,1090,1082,1080,-1,1090,1080,1078,-1,1045,1028,1059,-1,1059,1028,1026,-1,1059,1026,1024,-1,1052,1050,1045,-1,1045,1050,1048,-1,1045,1048,1046,-1,1024,1022,1059,-1,1059,1022,1020,-1,1059,1020,1018,-1,1098,1099,1100,-1,1100,1099,1101,-1,1102,1098,1103,-1,1103,1098,1100,-1,1102,1103,1104,-1,1102,1104,1105,-1,1105,1104,1106,-1,1105,1106,1107,-1,1107,1106,1108,-1,1107,1108,1109,-1,1109,1108,1110,-1,1109,1110,1111,-1,1111,1110,1112,-1,1111,1112,1113,-1,1113,1112,1114,-1,1113,1114,1115,-1,1115,1114,1116,-1,1115,1116,1117,-1,1117,1116,1118,-1,1117,1118,1119,-1,1119,1118,1120,-1,1119,1120,1121,-1,1121,1120,1122,-1,1121,1122,1123,-1,1124,1123,1125,-1,1125,1123,1122,-1,1124,1125,1126,-1,1126,1125,1127,-1,1126,1127,1128,-1,1128,1127,1129,-1,1128,1129,1130,-1,1130,1129,1131,-1,1130,1131,1132,-1,1132,1131,1133,-1,1132,1133,1134,-1,1134,1133,1135,-1,1134,1135,1136,-1,1136,1135,1137,-1,1138,1136,1139,-1,1139,1136,1137,-1,1138,1139,1140,-1,1138,1140,1141,-1,1141,1140,1142,-1,1141,1142,1143,-1,1143,1142,1144,-1,1143,1144,1145,-1,1145,1144,1146,-1,1145,1146,1147,-1,1147,1146,1148,-1,1147,1148,1149,-1,1149,1148,1150,-1,1149,1150,1151,-1,1152,1151,1153,-1,1153,1151,1150,-1,1152,1153,1154,-1,1152,1154,1155,-1,1155,1154,1156,-1,1155,1156,1157,-1,1157,1156,1158,-1,1157,1158,1159,-1,1159,1158,1160,-1,1159,1160,1161,-1,1161,1160,1162,-1,1161,1162,1163,-1,1163,1162,1164,-1,1163,1164,1165,-1,1166,1165,1167,-1,1167,1165,1164,-1,1166,1167,1168,-1,1166,1168,1169,-1,1169,1168,1170,-1,1169,1170,1171,-1,1171,1170,1172,-1,1171,1172,1173,-1,1173,1172,1174,-1,1173,1174,1175,-1,1175,1174,1176,-1,1175,1176,1177,-1,1177,1176,1178,-1,1177,1178,1179,-1,1180,1179,1181,-1,1181,1179,1178,-1,1182,1180,1183,-1,1183,1180,1181,-1,1184,1182,1185,-1,1185,1182,1183,-1,1186,1184,1187,-1,1187,1184,1185,-1,1188,1186,1189,-1,1189,1186,1187,-1,1188,1189,1190,-1,1188,1190,1191,-1,1191,1190,1192,-1,1191,1192,1193,-1,1193,1192,1194,-1,1193,1194,1195,-1,1195,1194,1196,-1,1195,1196,1197,-1,1197,1196,1198,-1,1197,1198,1199,-1,1199,1198,1200,-1,1199,1200,1201,-1,1201,1200,1202,-1,1201,1202,1203,-1,1203,1202,1204,-1,1203,1204,1205,-1,1205,1204,1206,-1,1205,1206,1207,-1,1207,1206,1208,-1,1207,1208,1209,-1,1209,1208,1210,-1,1209,1210,1211,-1,1211,1210,1212,-1,1211,1212,1213,-1,1214,1213,1215,-1,1215,1213,1212,-1,1216,1214,1217,-1,1217,1214,1215,-1,1218,1216,1219,-1,1219,1216,1217,-1,1099,1218,1101,-1,1101,1218,1219,-1,1213,1214,1186,-1,1186,1214,1216,-1,1179,1180,1151,-1,1151,1180,1149,-1,1163,1165,1152,-1,1218,1182,1216,-1,1216,1182,1184,-1,1216,1184,1186,-1,1098,1102,1123,-1,1186,1188,1213,-1,1213,1188,1191,-1,1213,1191,1193,-1,1193,1195,1213,-1,1213,1195,1197,-1,1213,1197,1199,-1,1199,1201,1213,-1,1213,1201,1203,-1,1213,1203,1205,-1,1205,1207,1213,-1,1213,1207,1209,-1,1213,1209,1211,-1,1157,1159,1161,-1,1126,1182,1124,-1,1124,1182,1218,-1,1124,1218,1123,-1,1123,1218,1099,-1,1123,1099,1098,-1,1102,1105,1123,-1,1123,1105,1107,-1,1123,1107,1109,-1,1119,1121,1117,-1,1117,1121,1123,-1,1117,1123,1115,-1,1152,1165,1151,-1,1151,1165,1166,-1,1151,1166,1179,-1,1126,1128,1182,-1,1182,1128,1130,-1,1182,1130,1180,-1,1130,1132,1180,-1,1180,1132,1134,-1,1180,1134,1136,-1,1109,1111,1123,-1,1123,1111,1113,-1,1123,1113,1115,-1,1163,1152,1161,-1,1161,1152,1155,-1,1161,1155,1157,-1,1171,1173,1175,-1,1166,1169,1179,-1,1179,1169,1171,-1,1179,1171,1177,-1,1177,1171,1175,-1,1136,1138,1180,-1,1180,1138,1141,-1,1180,1141,1143,-1,1143,1145,1180,-1,1180,1145,1147,-1,1180,1147,1149,-1,1103,1100,1101,-1,1153,1150,1164,-1,1118,1116,1103,-1,1164,1150,1167,-1,1183,1219,1185,-1,1185,1219,1217,-1,1185,1217,1187,-1,1187,1217,1215,-1,1187,1215,1189,-1,1189,1215,1212,-1,1106,1112,1108,-1,1108,1112,1110,-1,1116,1114,1103,-1,1103,1114,1112,-1,1103,1112,1104,-1,1104,1112,1106,-1,1135,1133,1181,-1,1183,1129,1127,-1,1183,1127,1219,-1,1219,1127,1125,-1,1219,1125,1101,-1,1101,1125,1122,-1,1101,1122,1103,-1,1103,1122,1120,-1,1103,1120,1118,-1,1181,1133,1183,-1,1183,1133,1131,-1,1183,1131,1129,-1,1160,1158,1156,-1,1200,1198,1212,-1,1212,1198,1196,-1,1212,1196,1194,-1,1194,1192,1212,-1,1212,1192,1190,-1,1212,1190,1189,-1,1140,1139,1181,-1,1181,1139,1137,-1,1181,1137,1135,-1,1181,1178,1167,-1,1167,1178,1176,-1,1167,1176,1174,-1,1164,1162,1153,-1,1153,1162,1160,-1,1153,1160,1154,-1,1154,1160,1156,-1,1206,1212,1208,-1,1208,1212,1210,-1,1206,1204,1212,-1,1212,1204,1202,-1,1212,1202,1200,-1,1167,1150,1181,-1,1181,1150,1148,-1,1181,1148,1146,-1,1174,1172,1167,-1,1167,1172,1170,-1,1167,1170,1168,-1,1146,1144,1181,-1,1181,1144,1142,-1,1181,1142,1140,-1,1220,1221,1222,-1,1222,1221,1223,-1,1224,1220,1225,-1,1225,1220,1222,-1,1224,1225,1226,-1,1224,1226,1227,-1,1227,1226,1228,-1,1227,1228,1229,-1,1229,1228,1230,-1,1229,1230,1231,-1,1231,1230,1232,-1,1231,1232,1233,-1,1233,1232,1234,-1,1233,1234,1235,-1,1235,1234,1236,-1,1235,1236,1237,-1,1237,1236,1238,-1,1237,1238,1239,-1,1239,1238,1240,-1,1239,1240,1241,-1,1241,1240,1242,-1,1241,1242,1243,-1,1243,1242,1244,-1,1243,1244,1245,-1,1246,1245,1247,-1,1247,1245,1244,-1,1246,1247,1248,-1,1248,1247,1249,-1,1248,1249,1250,-1,1250,1249,1251,-1,1250,1251,1252,-1,1252,1251,1253,-1,1252,1253,1254,-1,1254,1253,1255,-1,1254,1255,1256,-1,1256,1255,1257,-1,1256,1257,1258,-1,1258,1257,1259,-1,1260,1258,1261,-1,1261,1258,1259,-1,1260,1261,1262,-1,1260,1262,1263,-1,1263,1262,1264,-1,1263,1264,1265,-1,1265,1264,1266,-1,1265,1266,1267,-1,1267,1266,1268,-1,1267,1268,1269,-1,1269,1268,1270,-1,1269,1270,1271,-1,1271,1270,1272,-1,1271,1272,1273,-1,1274,1273,1275,-1,1275,1273,1272,-1,1274,1275,1276,-1,1274,1276,1277,-1,1277,1276,1278,-1,1277,1278,1279,-1,1279,1278,1280,-1,1279,1280,1281,-1,1281,1280,1282,-1,1281,1282,1283,-1,1283,1282,1284,-1,1283,1284,1285,-1,1285,1284,1286,-1,1285,1286,1287,-1,1288,1287,1289,-1,1289,1287,1286,-1,1288,1289,1290,-1,1288,1290,1291,-1,1291,1290,1292,-1,1291,1292,1293,-1,1293,1292,1294,-1,1293,1294,1295,-1,1295,1294,1296,-1,1295,1296,1297,-1,1297,1296,1298,-1,1297,1298,1299,-1,1299,1298,1300,-1,1299,1300,1301,-1,1302,1301,1303,-1,1303,1301,1300,-1,1304,1302,1305,-1,1305,1302,1303,-1,1306,1304,1307,-1,1307,1304,1305,-1,1308,1306,1309,-1,1309,1306,1307,-1,1310,1308,1311,-1,1311,1308,1309,-1,1310,1311,1312,-1,1310,1312,1313,-1,1313,1312,1314,-1,1313,1314,1315,-1,1315,1314,1316,-1,1315,1316,1317,-1,1317,1316,1318,-1,1317,1318,1319,-1,1319,1318,1320,-1,1319,1320,1321,-1,1321,1320,1322,-1,1321,1322,1323,-1,1323,1322,1324,-1,1323,1324,1325,-1,1325,1324,1326,-1,1325,1326,1327,-1,1327,1326,1328,-1,1327,1328,1329,-1,1329,1328,1330,-1,1329,1330,1331,-1,1331,1330,1332,-1,1331,1332,1333,-1,1333,1332,1334,-1,1333,1334,1335,-1,1336,1335,1337,-1,1337,1335,1334,-1,1338,1336,1339,-1,1339,1336,1337,-1,1340,1338,1341,-1,1341,1338,1339,-1,1221,1340,1223,-1,1223,1340,1341,-1,1335,1336,1308,-1,1308,1336,1338,-1,1301,1302,1273,-1,1273,1302,1271,-1,1285,1287,1274,-1,1340,1304,1338,-1,1338,1304,1306,-1,1338,1306,1308,-1,1220,1224,1245,-1,1308,1310,1335,-1,1335,1310,1313,-1,1335,1313,1315,-1,1315,1317,1335,-1,1335,1317,1319,-1,1335,1319,1321,-1,1321,1323,1335,-1,1335,1323,1325,-1,1335,1325,1327,-1,1327,1329,1335,-1,1335,1329,1331,-1,1335,1331,1333,-1,1279,1281,1283,-1,1248,1304,1246,-1,1246,1304,1340,-1,1246,1340,1245,-1,1245,1340,1221,-1,1245,1221,1220,-1,1224,1227,1245,-1,1245,1227,1229,-1,1245,1229,1231,-1,1241,1243,1239,-1,1239,1243,1245,-1,1239,1245,1237,-1,1274,1287,1273,-1,1273,1287,1288,-1,1273,1288,1301,-1,1248,1250,1304,-1,1304,1250,1252,-1,1304,1252,1302,-1,1252,1254,1302,-1,1302,1254,1256,-1,1302,1256,1258,-1,1231,1233,1245,-1,1245,1233,1235,-1,1245,1235,1237,-1,1285,1274,1283,-1,1283,1274,1277,-1,1283,1277,1279,-1,1293,1295,1297,-1,1288,1291,1301,-1,1301,1291,1293,-1,1301,1293,1299,-1,1299,1293,1297,-1,1258,1260,1302,-1,1302,1260,1263,-1,1302,1263,1265,-1,1265,1267,1302,-1,1302,1267,1269,-1,1302,1269,1271,-1,1225,1222,1223,-1,1275,1272,1286,-1,1240,1238,1225,-1,1286,1272,1289,-1,1305,1341,1307,-1,1307,1341,1339,-1,1307,1339,1309,-1,1309,1339,1337,-1,1309,1337,1311,-1,1311,1337,1334,-1,1228,1234,1230,-1,1230,1234,1232,-1,1238,1236,1225,-1,1225,1236,1234,-1,1225,1234,1226,-1,1226,1234,1228,-1,1257,1255,1303,-1,1305,1251,1249,-1,1305,1249,1341,-1,1341,1249,1247,-1,1341,1247,1223,-1,1223,1247,1244,-1,1223,1244,1225,-1,1225,1244,1242,-1,1225,1242,1240,-1,1303,1255,1305,-1,1305,1255,1253,-1,1305,1253,1251,-1,1282,1280,1278,-1,1322,1320,1334,-1,1334,1320,1318,-1,1334,1318,1316,-1,1316,1314,1334,-1,1334,1314,1312,-1,1334,1312,1311,-1,1262,1261,1303,-1,1303,1261,1259,-1,1303,1259,1257,-1,1303,1300,1289,-1,1289,1300,1298,-1,1289,1298,1296,-1,1286,1284,1275,-1,1275,1284,1282,-1,1275,1282,1276,-1,1276,1282,1278,-1,1328,1334,1330,-1,1330,1334,1332,-1,1328,1326,1334,-1,1334,1326,1324,-1,1334,1324,1322,-1,1289,1272,1303,-1,1303,1272,1270,-1,1303,1270,1268,-1,1296,1294,1289,-1,1289,1294,1292,-1,1289,1292,1290,-1,1268,1266,1303,-1,1303,1266,1264,-1,1303,1264,1262,-1,1342,1343,1344,-1,1344,1343,1345,-1,1346,1342,1347,-1,1347,1342,1344,-1,1346,1347,1348,-1,1346,1348,1349,-1,1349,1348,1350,-1,1349,1350,1351,-1,1351,1350,1352,-1,1351,1352,1353,-1,1353,1352,1354,-1,1353,1354,1355,-1,1355,1354,1356,-1,1355,1356,1357,-1,1357,1356,1358,-1,1357,1358,1359,-1,1359,1358,1360,-1,1359,1360,1361,-1,1361,1360,1362,-1,1361,1362,1363,-1,1363,1362,1364,-1,1363,1364,1365,-1,1365,1364,1366,-1,1365,1366,1367,-1,1368,1367,1369,-1,1369,1367,1366,-1,1368,1369,1370,-1,1370,1369,1371,-1,1370,1371,1372,-1,1372,1371,1373,-1,1372,1373,1374,-1,1374,1373,1375,-1,1374,1375,1376,-1,1376,1375,1377,-1,1376,1377,1378,-1,1378,1377,1379,-1,1378,1379,1380,-1,1380,1379,1381,-1,1382,1380,1383,-1,1383,1380,1381,-1,1382,1383,1384,-1,1382,1384,1385,-1,1385,1384,1386,-1,1385,1386,1387,-1,1387,1386,1388,-1,1387,1388,1389,-1,1389,1388,1390,-1,1389,1390,1391,-1,1391,1390,1392,-1,1391,1392,1393,-1,1393,1392,1394,-1,1393,1394,1395,-1,1396,1395,1397,-1,1397,1395,1394,-1,1396,1397,1398,-1,1396,1398,1399,-1,1399,1398,1400,-1,1399,1400,1401,-1,1401,1400,1402,-1,1401,1402,1403,-1,1403,1402,1404,-1,1403,1404,1405,-1,1405,1404,1406,-1,1405,1406,1407,-1,1407,1406,1408,-1,1407,1408,1409,-1,1410,1409,1411,-1,1411,1409,1408,-1,1410,1411,1412,-1,1410,1412,1413,-1,1413,1412,1414,-1,1413,1414,1415,-1,1415,1414,1416,-1,1415,1416,1417,-1,1417,1416,1418,-1,1417,1418,1419,-1,1419,1418,1420,-1,1419,1420,1421,-1,1421,1420,1422,-1,1421,1422,1423,-1,1424,1423,1425,-1,1425,1423,1422,-1,1426,1424,1427,-1,1427,1424,1425,-1,1428,1426,1429,-1,1429,1426,1427,-1,1430,1428,1431,-1,1431,1428,1429,-1,1432,1430,1433,-1,1433,1430,1431,-1,1432,1433,1434,-1,1432,1434,1435,-1,1435,1434,1436,-1,1435,1436,1437,-1,1437,1436,1438,-1,1437,1438,1439,-1,1439,1438,1440,-1,1439,1440,1441,-1,1441,1440,1442,-1,1441,1442,1443,-1,1443,1442,1444,-1,1443,1444,1445,-1,1445,1444,1446,-1,1445,1446,1447,-1,1447,1446,1448,-1,1447,1448,1449,-1,1449,1448,1450,-1,1449,1450,1451,-1,1451,1450,1452,-1,1451,1452,1453,-1,1453,1452,1454,-1,1453,1454,1455,-1,1455,1454,1456,-1,1455,1456,1457,-1,1458,1457,1459,-1,1459,1457,1456,-1,1460,1458,1461,-1,1461,1458,1459,-1,1462,1460,1463,-1,1463,1460,1461,-1,1343,1462,1345,-1,1345,1462,1463,-1,1457,1458,1430,-1,1430,1458,1460,-1,1423,1424,1395,-1,1395,1424,1393,-1,1407,1409,1396,-1,1462,1426,1460,-1,1460,1426,1428,-1,1460,1428,1430,-1,1342,1346,1367,-1,1430,1432,1457,-1,1457,1432,1435,-1,1457,1435,1437,-1,1437,1439,1457,-1,1457,1439,1441,-1,1457,1441,1443,-1,1443,1445,1457,-1,1457,1445,1447,-1,1457,1447,1449,-1,1449,1451,1457,-1,1457,1451,1453,-1,1457,1453,1455,-1,1401,1403,1405,-1,1370,1426,1368,-1,1368,1426,1462,-1,1368,1462,1367,-1,1367,1462,1343,-1,1367,1343,1342,-1,1346,1349,1367,-1,1367,1349,1351,-1,1367,1351,1353,-1,1363,1365,1361,-1,1361,1365,1367,-1,1361,1367,1359,-1,1396,1409,1395,-1,1395,1409,1410,-1,1395,1410,1423,-1,1370,1372,1426,-1,1426,1372,1374,-1,1426,1374,1424,-1,1374,1376,1424,-1,1424,1376,1378,-1,1424,1378,1380,-1,1353,1355,1367,-1,1367,1355,1357,-1,1367,1357,1359,-1,1407,1396,1405,-1,1405,1396,1399,-1,1405,1399,1401,-1,1415,1417,1419,-1,1410,1413,1423,-1,1423,1413,1415,-1,1423,1415,1421,-1,1421,1415,1419,-1,1380,1382,1424,-1,1424,1382,1385,-1,1424,1385,1387,-1,1387,1389,1424,-1,1424,1389,1391,-1,1424,1391,1393,-1,1347,1344,1345,-1,1397,1394,1408,-1,1362,1360,1347,-1,1408,1394,1411,-1,1427,1463,1429,-1,1429,1463,1461,-1,1429,1461,1431,-1,1431,1461,1459,-1,1431,1459,1433,-1,1433,1459,1456,-1,1350,1356,1352,-1,1352,1356,1354,-1,1360,1358,1347,-1,1347,1358,1356,-1,1347,1356,1348,-1,1348,1356,1350,-1,1379,1377,1425,-1,1427,1373,1371,-1,1427,1371,1463,-1,1463,1371,1369,-1,1463,1369,1345,-1,1345,1369,1366,-1,1345,1366,1347,-1,1347,1366,1364,-1,1347,1364,1362,-1,1425,1377,1427,-1,1427,1377,1375,-1,1427,1375,1373,-1,1404,1402,1400,-1,1444,1442,1456,-1,1456,1442,1440,-1,1456,1440,1438,-1,1438,1436,1456,-1,1456,1436,1434,-1,1456,1434,1433,-1,1384,1383,1425,-1,1425,1383,1381,-1,1425,1381,1379,-1,1425,1422,1411,-1,1411,1422,1420,-1,1411,1420,1418,-1,1408,1406,1397,-1,1397,1406,1404,-1,1397,1404,1398,-1,1398,1404,1400,-1,1450,1456,1452,-1,1452,1456,1454,-1,1450,1448,1456,-1,1456,1448,1446,-1,1456,1446,1444,-1,1411,1394,1425,-1,1425,1394,1392,-1,1425,1392,1390,-1,1418,1416,1411,-1,1411,1416,1414,-1,1411,1414,1412,-1,1390,1388,1425,-1,1425,1388,1386,-1,1425,1386,1384,-1,1464,1465,1466,-1,1466,1465,1467,-1,1468,1464,1469,-1,1469,1464,1466,-1,1468,1469,1470,-1,1468,1470,1471,-1,1471,1470,1472,-1,1471,1472,1473,-1,1473,1472,1474,-1,1473,1474,1475,-1,1475,1474,1476,-1,1475,1476,1477,-1,1477,1476,1478,-1,1477,1478,1479,-1,1479,1478,1480,-1,1479,1480,1481,-1,1481,1480,1482,-1,1481,1482,1483,-1,1483,1482,1484,-1,1483,1484,1485,-1,1485,1484,1486,-1,1485,1486,1487,-1,1487,1486,1488,-1,1487,1488,1489,-1,1490,1489,1491,-1,1491,1489,1488,-1,1490,1491,1492,-1,1492,1491,1493,-1,1492,1493,1494,-1,1494,1493,1495,-1,1494,1495,1496,-1,1496,1495,1497,-1,1496,1497,1498,-1,1498,1497,1499,-1,1498,1499,1500,-1,1500,1499,1501,-1,1500,1501,1502,-1,1502,1501,1503,-1,1504,1502,1505,-1,1505,1502,1503,-1,1504,1505,1506,-1,1504,1506,1507,-1,1507,1506,1508,-1,1507,1508,1509,-1,1509,1508,1510,-1,1509,1510,1511,-1,1511,1510,1512,-1,1511,1512,1513,-1,1513,1512,1514,-1,1513,1514,1515,-1,1515,1514,1516,-1,1515,1516,1517,-1,1518,1517,1519,-1,1519,1517,1516,-1,1518,1519,1520,-1,1518,1520,1521,-1,1521,1520,1522,-1,1521,1522,1523,-1,1523,1522,1524,-1,1523,1524,1525,-1,1525,1524,1526,-1,1525,1526,1527,-1,1527,1526,1528,-1,1527,1528,1529,-1,1529,1528,1530,-1,1529,1530,1531,-1,1532,1531,1533,-1,1533,1531,1530,-1,1532,1533,1534,-1,1532,1534,1535,-1,1535,1534,1536,-1,1535,1536,1537,-1,1537,1536,1538,-1,1537,1538,1539,-1,1539,1538,1540,-1,1539,1540,1541,-1,1541,1540,1542,-1,1541,1542,1543,-1,1543,1542,1544,-1,1543,1544,1545,-1,1546,1545,1547,-1,1547,1545,1544,-1,1548,1546,1549,-1,1549,1546,1547,-1,1550,1548,1551,-1,1551,1548,1549,-1,1552,1550,1553,-1,1553,1550,1551,-1,1554,1552,1555,-1,1555,1552,1553,-1,1554,1555,1556,-1,1554,1556,1557,-1,1557,1556,1558,-1,1557,1558,1559,-1,1559,1558,1560,-1,1559,1560,1561,-1,1561,1560,1562,-1,1561,1562,1563,-1,1563,1562,1564,-1,1563,1564,1565,-1,1565,1564,1566,-1,1565,1566,1567,-1,1567,1566,1568,-1,1567,1568,1569,-1,1569,1568,1570,-1,1569,1570,1571,-1,1571,1570,1572,-1,1571,1572,1573,-1,1573,1572,1574,-1,1573,1574,1575,-1,1575,1574,1576,-1,1575,1576,1577,-1,1577,1576,1578,-1,1577,1578,1579,-1,1580,1579,1581,-1,1581,1579,1578,-1,1582,1580,1583,-1,1583,1580,1581,-1,1584,1582,1585,-1,1585,1582,1583,-1,1465,1584,1467,-1,1467,1584,1585,-1,1579,1580,1552,-1,1552,1580,1582,-1,1545,1546,1517,-1,1517,1546,1515,-1,1529,1531,1518,-1,1584,1548,1582,-1,1582,1548,1550,-1,1582,1550,1552,-1,1464,1468,1489,-1,1552,1554,1579,-1,1579,1554,1557,-1,1579,1557,1559,-1,1559,1561,1579,-1,1579,1561,1563,-1,1579,1563,1565,-1,1565,1567,1579,-1,1579,1567,1569,-1,1579,1569,1571,-1,1571,1573,1579,-1,1579,1573,1575,-1,1579,1575,1577,-1,1523,1525,1527,-1,1492,1548,1490,-1,1490,1548,1584,-1,1490,1584,1489,-1,1489,1584,1465,-1,1489,1465,1464,-1,1468,1471,1489,-1,1489,1471,1473,-1,1489,1473,1475,-1,1485,1487,1483,-1,1483,1487,1489,-1,1483,1489,1481,-1,1518,1531,1517,-1,1517,1531,1532,-1,1517,1532,1545,-1,1492,1494,1548,-1,1548,1494,1496,-1,1548,1496,1546,-1,1496,1498,1546,-1,1546,1498,1500,-1,1546,1500,1502,-1,1475,1477,1489,-1,1489,1477,1479,-1,1489,1479,1481,-1,1529,1518,1527,-1,1527,1518,1521,-1,1527,1521,1523,-1,1537,1539,1541,-1,1532,1535,1545,-1,1545,1535,1537,-1,1545,1537,1543,-1,1543,1537,1541,-1,1502,1504,1546,-1,1546,1504,1507,-1,1546,1507,1509,-1,1509,1511,1546,-1,1546,1511,1513,-1,1546,1513,1515,-1,1469,1466,1467,-1,1519,1516,1530,-1,1484,1482,1469,-1,1530,1516,1533,-1,1549,1585,1551,-1,1551,1585,1583,-1,1551,1583,1553,-1,1553,1583,1581,-1,1553,1581,1555,-1,1555,1581,1578,-1,1472,1478,1474,-1,1474,1478,1476,-1,1482,1480,1469,-1,1469,1480,1478,-1,1469,1478,1470,-1,1470,1478,1472,-1,1501,1499,1547,-1,1549,1495,1493,-1,1549,1493,1585,-1,1585,1493,1491,-1,1585,1491,1467,-1,1467,1491,1488,-1,1467,1488,1469,-1,1469,1488,1486,-1,1469,1486,1484,-1,1547,1499,1549,-1,1549,1499,1497,-1,1549,1497,1495,-1,1526,1524,1522,-1,1566,1564,1578,-1,1578,1564,1562,-1,1578,1562,1560,-1,1560,1558,1578,-1,1578,1558,1556,-1,1578,1556,1555,-1,1506,1505,1547,-1,1547,1505,1503,-1,1547,1503,1501,-1,1547,1544,1533,-1,1533,1544,1542,-1,1533,1542,1540,-1,1530,1528,1519,-1,1519,1528,1526,-1,1519,1526,1520,-1,1520,1526,1522,-1,1572,1578,1574,-1,1574,1578,1576,-1,1572,1570,1578,-1,1578,1570,1568,-1,1578,1568,1566,-1,1533,1516,1547,-1,1547,1516,1514,-1,1547,1514,1512,-1,1540,1538,1533,-1,1533,1538,1536,-1,1533,1536,1534,-1,1512,1510,1547,-1,1547,1510,1508,-1,1547,1508,1506,-1,1586,1587,1588,-1,1588,1587,1589,-1,1590,1586,1591,-1,1591,1586,1588,-1,1590,1591,1592,-1,1590,1592,1593,-1,1593,1592,1594,-1,1593,1594,1595,-1,1595,1594,1596,-1,1595,1596,1597,-1,1597,1596,1598,-1,1597,1598,1599,-1,1599,1598,1600,-1,1599,1600,1601,-1,1601,1600,1602,-1,1601,1602,1603,-1,1603,1602,1604,-1,1603,1604,1605,-1,1605,1604,1606,-1,1605,1606,1607,-1,1607,1606,1608,-1,1607,1608,1609,-1,1609,1608,1610,-1,1609,1610,1611,-1,1612,1611,1613,-1,1613,1611,1610,-1,1612,1613,1614,-1,1614,1613,1615,-1,1614,1615,1616,-1,1616,1615,1617,-1,1616,1617,1618,-1,1618,1617,1619,-1,1618,1619,1620,-1,1620,1619,1621,-1,1620,1621,1622,-1,1622,1621,1623,-1,1622,1623,1624,-1,1624,1623,1625,-1,1626,1624,1627,-1,1627,1624,1625,-1,1626,1627,1628,-1,1626,1628,1629,-1,1629,1628,1630,-1,1629,1630,1631,-1,1631,1630,1632,-1,1631,1632,1633,-1,1633,1632,1634,-1,1633,1634,1635,-1,1635,1634,1636,-1,1635,1636,1637,-1,1637,1636,1638,-1,1637,1638,1639,-1,1640,1639,1641,-1,1641,1639,1638,-1,1640,1641,1642,-1,1640,1642,1643,-1,1643,1642,1644,-1,1643,1644,1645,-1,1645,1644,1646,-1,1645,1646,1647,-1,1647,1646,1648,-1,1647,1648,1649,-1,1649,1648,1650,-1,1649,1650,1651,-1,1651,1650,1652,-1,1651,1652,1653,-1,1654,1653,1655,-1,1655,1653,1652,-1,1654,1655,1656,-1,1654,1656,1657,-1,1657,1656,1658,-1,1657,1658,1659,-1,1659,1658,1660,-1,1659,1660,1661,-1,1661,1660,1662,-1,1661,1662,1663,-1,1663,1662,1664,-1,1663,1664,1665,-1,1665,1664,1666,-1,1665,1666,1667,-1,1668,1667,1669,-1,1669,1667,1666,-1,1670,1668,1671,-1,1671,1668,1669,-1,1672,1670,1673,-1,1673,1670,1671,-1,1674,1672,1675,-1,1675,1672,1673,-1,1676,1674,1677,-1,1677,1674,1675,-1,1676,1677,1678,-1,1676,1678,1679,-1,1679,1678,1680,-1,1679,1680,1681,-1,1681,1680,1682,-1,1681,1682,1683,-1,1683,1682,1684,-1,1683,1684,1685,-1,1685,1684,1686,-1,1685,1686,1687,-1,1687,1686,1688,-1,1687,1688,1689,-1,1689,1688,1690,-1,1689,1690,1691,-1,1691,1690,1692,-1,1691,1692,1693,-1,1693,1692,1694,-1,1693,1694,1695,-1,1695,1694,1696,-1,1695,1696,1697,-1,1697,1696,1698,-1,1697,1698,1699,-1,1699,1698,1700,-1,1699,1700,1701,-1,1702,1701,1703,-1,1703,1701,1700,-1,1704,1702,1705,-1,1705,1702,1703,-1,1706,1704,1707,-1,1707,1704,1705,-1,1587,1706,1589,-1,1589,1706,1707,-1,1701,1702,1674,-1,1674,1702,1704,-1,1667,1668,1639,-1,1639,1668,1637,-1,1651,1653,1640,-1,1706,1670,1704,-1,1704,1670,1672,-1,1704,1672,1674,-1,1586,1590,1611,-1,1674,1676,1701,-1,1701,1676,1679,-1,1701,1679,1681,-1,1681,1683,1701,-1,1701,1683,1685,-1,1701,1685,1687,-1,1687,1689,1701,-1,1701,1689,1691,-1,1701,1691,1693,-1,1693,1695,1701,-1,1701,1695,1697,-1,1701,1697,1699,-1,1645,1647,1649,-1,1614,1670,1612,-1,1612,1670,1706,-1,1612,1706,1611,-1,1611,1706,1587,-1,1611,1587,1586,-1,1590,1593,1611,-1,1611,1593,1595,-1,1611,1595,1597,-1,1607,1609,1605,-1,1605,1609,1611,-1,1605,1611,1603,-1,1640,1653,1639,-1,1639,1653,1654,-1,1639,1654,1667,-1,1614,1616,1670,-1,1670,1616,1618,-1,1670,1618,1668,-1,1618,1620,1668,-1,1668,1620,1622,-1,1668,1622,1624,-1,1597,1599,1611,-1,1611,1599,1601,-1,1611,1601,1603,-1,1651,1640,1649,-1,1649,1640,1643,-1,1649,1643,1645,-1,1659,1661,1663,-1,1654,1657,1667,-1,1667,1657,1659,-1,1667,1659,1665,-1,1665,1659,1663,-1,1624,1626,1668,-1,1668,1626,1629,-1,1668,1629,1631,-1,1631,1633,1668,-1,1668,1633,1635,-1,1668,1635,1637,-1,1591,1588,1589,-1,1641,1638,1652,-1,1606,1604,1591,-1,1652,1638,1655,-1,1671,1707,1673,-1,1673,1707,1705,-1,1673,1705,1675,-1,1675,1705,1703,-1,1675,1703,1677,-1,1677,1703,1700,-1,1594,1600,1596,-1,1596,1600,1598,-1,1604,1602,1591,-1,1591,1602,1600,-1,1591,1600,1592,-1,1592,1600,1594,-1,1623,1621,1669,-1,1671,1617,1615,-1,1671,1615,1707,-1,1707,1615,1613,-1,1707,1613,1589,-1,1589,1613,1610,-1,1589,1610,1591,-1,1591,1610,1608,-1,1591,1608,1606,-1,1669,1621,1671,-1,1671,1621,1619,-1,1671,1619,1617,-1,1648,1646,1644,-1,1688,1686,1700,-1,1700,1686,1684,-1,1700,1684,1682,-1,1682,1680,1700,-1,1700,1680,1678,-1,1700,1678,1677,-1,1628,1627,1669,-1,1669,1627,1625,-1,1669,1625,1623,-1,1669,1666,1655,-1,1655,1666,1664,-1,1655,1664,1662,-1,1652,1650,1641,-1,1641,1650,1648,-1,1641,1648,1642,-1,1642,1648,1644,-1,1694,1700,1696,-1,1696,1700,1698,-1,1694,1692,1700,-1,1700,1692,1690,-1,1700,1690,1688,-1,1655,1638,1669,-1,1669,1638,1636,-1,1669,1636,1634,-1,1662,1660,1655,-1,1655,1660,1658,-1,1655,1658,1656,-1,1634,1632,1669,-1,1669,1632,1630,-1,1669,1630,1628,-1,1708,1709,1710,-1,1710,1709,1711,-1,1712,1708,1713,-1,1713,1708,1710,-1,1712,1713,1714,-1,1712,1714,1715,-1,1715,1714,1716,-1,1715,1716,1717,-1,1717,1716,1718,-1,1717,1718,1719,-1,1719,1718,1720,-1,1719,1720,1721,-1,1721,1720,1722,-1,1721,1722,1723,-1,1723,1722,1724,-1,1723,1724,1725,-1,1725,1724,1726,-1,1725,1726,1727,-1,1727,1726,1728,-1,1727,1728,1729,-1,1729,1728,1730,-1,1729,1730,1731,-1,1731,1730,1732,-1,1731,1732,1733,-1,1734,1733,1735,-1,1735,1733,1732,-1,1734,1735,1736,-1,1736,1735,1737,-1,1736,1737,1738,-1,1738,1737,1739,-1,1738,1739,1740,-1,1740,1739,1741,-1,1740,1741,1742,-1,1742,1741,1743,-1,1742,1743,1744,-1,1744,1743,1745,-1,1744,1745,1746,-1,1746,1745,1747,-1,1748,1746,1749,-1,1749,1746,1747,-1,1748,1749,1750,-1,1748,1750,1751,-1,1751,1750,1752,-1,1751,1752,1753,-1,1753,1752,1754,-1,1753,1754,1755,-1,1755,1754,1756,-1,1755,1756,1757,-1,1757,1756,1758,-1,1757,1758,1759,-1,1759,1758,1760,-1,1759,1760,1761,-1,1762,1761,1763,-1,1763,1761,1760,-1,1762,1763,1764,-1,1762,1764,1765,-1,1765,1764,1766,-1,1765,1766,1767,-1,1767,1766,1768,-1,1767,1768,1769,-1,1769,1768,1770,-1,1769,1770,1771,-1,1771,1770,1772,-1,1771,1772,1773,-1,1773,1772,1774,-1,1773,1774,1775,-1,1776,1775,1777,-1,1777,1775,1774,-1,1776,1777,1778,-1,1776,1778,1779,-1,1779,1778,1780,-1,1779,1780,1781,-1,1781,1780,1782,-1,1781,1782,1783,-1,1783,1782,1784,-1,1783,1784,1785,-1,1785,1784,1786,-1,1785,1786,1787,-1,1787,1786,1788,-1,1787,1788,1789,-1,1790,1789,1791,-1,1791,1789,1788,-1,1792,1790,1793,-1,1793,1790,1791,-1,1794,1792,1795,-1,1795,1792,1793,-1,1796,1794,1797,-1,1797,1794,1795,-1,1798,1796,1799,-1,1799,1796,1797,-1,1798,1799,1800,-1,1798,1800,1801,-1,1801,1800,1802,-1,1801,1802,1803,-1,1803,1802,1804,-1,1803,1804,1805,-1,1805,1804,1806,-1,1805,1806,1807,-1,1807,1806,1808,-1,1807,1808,1809,-1,1809,1808,1810,-1,1809,1810,1811,-1,1811,1810,1812,-1,1811,1812,1813,-1,1813,1812,1814,-1,1813,1814,1815,-1,1815,1814,1816,-1,1815,1816,1817,-1,1817,1816,1818,-1,1817,1818,1819,-1,1819,1818,1820,-1,1819,1820,1821,-1,1821,1820,1822,-1,1821,1822,1823,-1,1824,1823,1825,-1,1825,1823,1822,-1,1826,1824,1827,-1,1827,1824,1825,-1,1828,1826,1829,-1,1829,1826,1827,-1,1709,1828,1711,-1,1711,1828,1829,-1,1823,1824,1796,-1,1796,1824,1826,-1,1789,1790,1761,-1,1761,1790,1759,-1,1773,1775,1762,-1,1828,1792,1826,-1,1826,1792,1794,-1,1826,1794,1796,-1,1708,1712,1733,-1,1796,1798,1823,-1,1823,1798,1801,-1,1823,1801,1803,-1,1803,1805,1823,-1,1823,1805,1807,-1,1823,1807,1809,-1,1809,1811,1823,-1,1823,1811,1813,-1,1823,1813,1815,-1,1815,1817,1823,-1,1823,1817,1819,-1,1823,1819,1821,-1,1767,1769,1771,-1,1736,1792,1734,-1,1734,1792,1828,-1,1734,1828,1733,-1,1733,1828,1709,-1,1733,1709,1708,-1,1712,1715,1733,-1,1733,1715,1717,-1,1733,1717,1719,-1,1729,1731,1727,-1,1727,1731,1733,-1,1727,1733,1725,-1,1762,1775,1761,-1,1761,1775,1776,-1,1761,1776,1789,-1,1736,1738,1792,-1,1792,1738,1740,-1,1792,1740,1790,-1,1740,1742,1790,-1,1790,1742,1744,-1,1790,1744,1746,-1,1719,1721,1733,-1,1733,1721,1723,-1,1733,1723,1725,-1,1773,1762,1771,-1,1771,1762,1765,-1,1771,1765,1767,-1,1781,1783,1785,-1,1776,1779,1789,-1,1789,1779,1781,-1,1789,1781,1787,-1,1787,1781,1785,-1,1746,1748,1790,-1,1790,1748,1751,-1,1790,1751,1753,-1,1753,1755,1790,-1,1790,1755,1757,-1,1790,1757,1759,-1,1713,1710,1711,-1,1763,1760,1774,-1,1728,1726,1713,-1,1774,1760,1777,-1,1793,1829,1795,-1,1795,1829,1827,-1,1795,1827,1797,-1,1797,1827,1825,-1,1797,1825,1799,-1,1799,1825,1822,-1,1716,1722,1718,-1,1718,1722,1720,-1,1726,1724,1713,-1,1713,1724,1722,-1,1713,1722,1714,-1,1714,1722,1716,-1,1745,1743,1791,-1,1793,1739,1737,-1,1793,1737,1829,-1,1829,1737,1735,-1,1829,1735,1711,-1,1711,1735,1732,-1,1711,1732,1713,-1,1713,1732,1730,-1,1713,1730,1728,-1,1791,1743,1793,-1,1793,1743,1741,-1,1793,1741,1739,-1,1770,1768,1766,-1,1810,1808,1822,-1,1822,1808,1806,-1,1822,1806,1804,-1,1804,1802,1822,-1,1822,1802,1800,-1,1822,1800,1799,-1,1750,1749,1791,-1,1791,1749,1747,-1,1791,1747,1745,-1,1791,1788,1777,-1,1777,1788,1786,-1,1777,1786,1784,-1,1774,1772,1763,-1,1763,1772,1770,-1,1763,1770,1764,-1,1764,1770,1766,-1,1816,1822,1818,-1,1818,1822,1820,-1,1816,1814,1822,-1,1822,1814,1812,-1,1822,1812,1810,-1,1777,1760,1791,-1,1791,1760,1758,-1,1791,1758,1756,-1,1784,1782,1777,-1,1777,1782,1780,-1,1777,1780,1778,-1,1756,1754,1791,-1,1791,1754,1752,-1,1791,1752,1750,-1,1830,1831,1832,-1,1832,1831,1833,-1,1834,1830,1835,-1,1835,1830,1832,-1,1834,1835,1836,-1,1834,1836,1837,-1,1837,1836,1838,-1,1837,1838,1839,-1,1839,1838,1840,-1,1839,1840,1841,-1,1841,1840,1842,-1,1841,1842,1843,-1,1843,1842,1844,-1,1843,1844,1845,-1,1845,1844,1846,-1,1845,1846,1847,-1,1847,1846,1848,-1,1847,1848,1849,-1,1849,1848,1850,-1,1849,1850,1851,-1,1851,1850,1852,-1,1851,1852,1853,-1,1853,1852,1854,-1,1853,1854,1855,-1,1856,1855,1857,-1,1857,1855,1854,-1,1856,1857,1858,-1,1858,1857,1859,-1,1858,1859,1860,-1,1860,1859,1861,-1,1860,1861,1862,-1,1862,1861,1863,-1,1862,1863,1864,-1,1864,1863,1865,-1,1864,1865,1866,-1,1866,1865,1867,-1,1866,1867,1868,-1,1868,1867,1869,-1,1870,1868,1871,-1,1871,1868,1869,-1,1870,1871,1872,-1,1870,1872,1873,-1,1873,1872,1874,-1,1873,1874,1875,-1,1875,1874,1876,-1,1875,1876,1877,-1,1877,1876,1878,-1,1877,1878,1879,-1,1879,1878,1880,-1,1879,1880,1881,-1,1881,1880,1882,-1,1881,1882,1883,-1,1884,1883,1885,-1,1885,1883,1882,-1,1884,1885,1886,-1,1884,1886,1887,-1,1887,1886,1888,-1,1887,1888,1889,-1,1889,1888,1890,-1,1889,1890,1891,-1,1891,1890,1892,-1,1891,1892,1893,-1,1893,1892,1894,-1,1893,1894,1895,-1,1895,1894,1896,-1,1895,1896,1897,-1,1898,1897,1899,-1,1899,1897,1896,-1,1898,1899,1900,-1,1898,1900,1901,-1,1901,1900,1902,-1,1901,1902,1903,-1,1903,1902,1904,-1,1903,1904,1905,-1,1905,1904,1906,-1,1905,1906,1907,-1,1907,1906,1908,-1,1907,1908,1909,-1,1909,1908,1910,-1,1909,1910,1911,-1,1912,1911,1913,-1,1913,1911,1910,-1,1914,1912,1915,-1,1915,1912,1913,-1,1916,1914,1917,-1,1917,1914,1915,-1,1918,1916,1919,-1,1919,1916,1917,-1,1920,1918,1921,-1,1921,1918,1919,-1,1920,1921,1922,-1,1920,1922,1923,-1,1923,1922,1924,-1,1923,1924,1925,-1,1925,1924,1926,-1,1925,1926,1927,-1,1927,1926,1928,-1,1927,1928,1929,-1,1929,1928,1930,-1,1929,1930,1931,-1,1931,1930,1932,-1,1931,1932,1933,-1,1933,1932,1934,-1,1933,1934,1935,-1,1935,1934,1936,-1,1935,1936,1937,-1,1937,1936,1938,-1,1937,1938,1939,-1,1939,1938,1940,-1,1939,1940,1941,-1,1941,1940,1942,-1,1941,1942,1943,-1,1943,1942,1944,-1,1943,1944,1945,-1,1946,1945,1947,-1,1947,1945,1944,-1,1948,1946,1949,-1,1949,1946,1947,-1,1950,1948,1951,-1,1951,1948,1949,-1,1831,1950,1833,-1,1833,1950,1951,-1,1945,1946,1918,-1,1918,1946,1948,-1,1911,1912,1883,-1,1883,1912,1881,-1,1895,1897,1884,-1,1950,1914,1948,-1,1948,1914,1916,-1,1948,1916,1918,-1,1830,1834,1855,-1,1918,1920,1945,-1,1945,1920,1923,-1,1945,1923,1925,-1,1925,1927,1945,-1,1945,1927,1929,-1,1945,1929,1931,-1,1931,1933,1945,-1,1945,1933,1935,-1,1945,1935,1937,-1,1937,1939,1945,-1,1945,1939,1941,-1,1945,1941,1943,-1,1889,1891,1893,-1,1858,1914,1856,-1,1856,1914,1950,-1,1856,1950,1855,-1,1855,1950,1831,-1,1855,1831,1830,-1,1834,1837,1855,-1,1855,1837,1839,-1,1855,1839,1841,-1,1851,1853,1849,-1,1849,1853,1855,-1,1849,1855,1847,-1,1884,1897,1883,-1,1883,1897,1898,-1,1883,1898,1911,-1,1858,1860,1914,-1,1914,1860,1862,-1,1914,1862,1912,-1,1862,1864,1912,-1,1912,1864,1866,-1,1912,1866,1868,-1,1841,1843,1855,-1,1855,1843,1845,-1,1855,1845,1847,-1,1895,1884,1893,-1,1893,1884,1887,-1,1893,1887,1889,-1,1903,1905,1907,-1,1898,1901,1911,-1,1911,1901,1903,-1,1911,1903,1909,-1,1909,1903,1907,-1,1868,1870,1912,-1,1912,1870,1873,-1,1912,1873,1875,-1,1875,1877,1912,-1,1912,1877,1879,-1,1912,1879,1881,-1,1835,1832,1833,-1,1885,1882,1896,-1,1850,1848,1835,-1,1896,1882,1899,-1,1915,1951,1917,-1,1917,1951,1949,-1,1917,1949,1919,-1,1919,1949,1947,-1,1919,1947,1921,-1,1921,1947,1944,-1,1838,1844,1840,-1,1840,1844,1842,-1,1848,1846,1835,-1,1835,1846,1844,-1,1835,1844,1836,-1,1836,1844,1838,-1,1867,1865,1913,-1,1915,1861,1859,-1,1915,1859,1951,-1,1951,1859,1857,-1,1951,1857,1833,-1,1833,1857,1854,-1,1833,1854,1835,-1,1835,1854,1852,-1,1835,1852,1850,-1,1913,1865,1915,-1,1915,1865,1863,-1,1915,1863,1861,-1,1892,1890,1888,-1,1932,1930,1944,-1,1944,1930,1928,-1,1944,1928,1926,-1,1926,1924,1944,-1,1944,1924,1922,-1,1944,1922,1921,-1,1872,1871,1913,-1,1913,1871,1869,-1,1913,1869,1867,-1,1913,1910,1899,-1,1899,1910,1908,-1,1899,1908,1906,-1,1896,1894,1885,-1,1885,1894,1892,-1,1885,1892,1886,-1,1886,1892,1888,-1,1938,1944,1940,-1,1940,1944,1942,-1,1938,1936,1944,-1,1944,1936,1934,-1,1944,1934,1932,-1,1899,1882,1913,-1,1913,1882,1880,-1,1913,1880,1878,-1,1906,1904,1899,-1,1899,1904,1902,-1,1899,1902,1900,-1,1878,1876,1913,-1,1913,1876,1874,-1,1913,1874,1872,-1,1952,1953,1954,-1,1954,1953,1955,-1,1956,1952,1957,-1,1957,1952,1954,-1,1956,1957,1958,-1,1956,1958,1959,-1,1959,1958,1960,-1,1959,1960,1961,-1,1961,1960,1962,-1,1961,1962,1963,-1,1963,1962,1964,-1,1963,1964,1965,-1,1965,1964,1966,-1,1965,1966,1967,-1,1967,1966,1968,-1,1967,1968,1969,-1,1969,1968,1970,-1,1969,1970,1971,-1,1971,1970,1972,-1,1971,1972,1973,-1,1973,1972,1974,-1,1973,1974,1975,-1,1975,1974,1976,-1,1975,1976,1977,-1,1978,1977,1979,-1,1979,1977,1976,-1,1978,1979,1980,-1,1980,1979,1981,-1,1980,1981,1982,-1,1982,1981,1983,-1,1982,1983,1984,-1,1984,1983,1985,-1,1984,1985,1986,-1,1986,1985,1987,-1,1986,1987,1988,-1,1988,1987,1989,-1,1988,1989,1990,-1,1990,1989,1991,-1,1992,1990,1993,-1,1993,1990,1991,-1,1992,1993,1994,-1,1992,1994,1995,-1,1995,1994,1996,-1,1995,1996,1997,-1,1997,1996,1998,-1,1997,1998,1999,-1,1999,1998,2000,-1,1999,2000,2001,-1,2001,2000,2002,-1,2001,2002,2003,-1,2003,2002,2004,-1,2003,2004,2005,-1,2006,2005,2007,-1,2007,2005,2004,-1,2006,2007,2008,-1,2006,2008,2009,-1,2009,2008,2010,-1,2009,2010,2011,-1,2011,2010,2012,-1,2011,2012,2013,-1,2013,2012,2014,-1,2013,2014,2015,-1,2015,2014,2016,-1,2015,2016,2017,-1,2017,2016,2018,-1,2017,2018,2019,-1,2020,2019,2021,-1,2021,2019,2018,-1,2020,2021,2022,-1,2020,2022,2023,-1,2023,2022,2024,-1,2023,2024,2025,-1,2025,2024,2026,-1,2025,2026,2027,-1,2027,2026,2028,-1,2027,2028,2029,-1,2029,2028,2030,-1,2029,2030,2031,-1,2031,2030,2032,-1,2031,2032,2033,-1,2034,2033,2035,-1,2035,2033,2032,-1,2036,2034,2037,-1,2037,2034,2035,-1,2038,2036,2039,-1,2039,2036,2037,-1,2040,2038,2041,-1,2041,2038,2039,-1,2042,2040,2043,-1,2043,2040,2041,-1,2042,2043,2044,-1,2042,2044,2045,-1,2045,2044,2046,-1,2045,2046,2047,-1,2047,2046,2048,-1,2047,2048,2049,-1,2049,2048,2050,-1,2049,2050,2051,-1,2051,2050,2052,-1,2051,2052,2053,-1,2053,2052,2054,-1,2053,2054,2055,-1,2055,2054,2056,-1,2055,2056,2057,-1,2057,2056,2058,-1,2057,2058,2059,-1,2059,2058,2060,-1,2059,2060,2061,-1,2061,2060,2062,-1,2061,2062,2063,-1,2063,2062,2064,-1,2063,2064,2065,-1,2065,2064,2066,-1,2065,2066,2067,-1,2068,2067,2069,-1,2069,2067,2066,-1,2070,2068,2071,-1,2071,2068,2069,-1,2072,2070,2073,-1,2073,2070,2071,-1,1953,2072,1955,-1,1955,2072,2073,-1,2067,2068,2040,-1,2040,2068,2070,-1,2033,2034,2005,-1,2005,2034,2003,-1,2017,2019,2006,-1,2072,2036,2070,-1,2070,2036,2038,-1,2070,2038,2040,-1,1952,1956,1977,-1,2040,2042,2067,-1,2067,2042,2045,-1,2067,2045,2047,-1,2047,2049,2067,-1,2067,2049,2051,-1,2067,2051,2053,-1,2053,2055,2067,-1,2067,2055,2057,-1,2067,2057,2059,-1,2059,2061,2067,-1,2067,2061,2063,-1,2067,2063,2065,-1,2011,2013,2015,-1,1980,2036,1978,-1,1978,2036,2072,-1,1978,2072,1977,-1,1977,2072,1953,-1,1977,1953,1952,-1,1956,1959,1977,-1,1977,1959,1961,-1,1977,1961,1963,-1,1973,1975,1971,-1,1971,1975,1977,-1,1971,1977,1969,-1,2006,2019,2005,-1,2005,2019,2020,-1,2005,2020,2033,-1,1980,1982,2036,-1,2036,1982,1984,-1,2036,1984,2034,-1,1984,1986,2034,-1,2034,1986,1988,-1,2034,1988,1990,-1,1963,1965,1977,-1,1977,1965,1967,-1,1977,1967,1969,-1,2017,2006,2015,-1,2015,2006,2009,-1,2015,2009,2011,-1,2025,2027,2029,-1,2020,2023,2033,-1,2033,2023,2025,-1,2033,2025,2031,-1,2031,2025,2029,-1,1990,1992,2034,-1,2034,1992,1995,-1,2034,1995,1997,-1,1997,1999,2034,-1,2034,1999,2001,-1,2034,2001,2003,-1,1957,1954,1955,-1,2007,2004,2018,-1,1972,1970,1957,-1,2018,2004,2021,-1,2037,2073,2039,-1,2039,2073,2071,-1,2039,2071,2041,-1,2041,2071,2069,-1,2041,2069,2043,-1,2043,2069,2066,-1,1960,1966,1962,-1,1962,1966,1964,-1,1970,1968,1957,-1,1957,1968,1966,-1,1957,1966,1958,-1,1958,1966,1960,-1,1989,1987,2035,-1,2037,1983,1981,-1,2037,1981,2073,-1,2073,1981,1979,-1,2073,1979,1955,-1,1955,1979,1976,-1,1955,1976,1957,-1,1957,1976,1974,-1,1957,1974,1972,-1,2035,1987,2037,-1,2037,1987,1985,-1,2037,1985,1983,-1,2014,2012,2010,-1,2054,2052,2066,-1,2066,2052,2050,-1,2066,2050,2048,-1,2048,2046,2066,-1,2066,2046,2044,-1,2066,2044,2043,-1,1994,1993,2035,-1,2035,1993,1991,-1,2035,1991,1989,-1,2035,2032,2021,-1,2021,2032,2030,-1,2021,2030,2028,-1,2018,2016,2007,-1,2007,2016,2014,-1,2007,2014,2008,-1,2008,2014,2010,-1,2060,2066,2062,-1,2062,2066,2064,-1,2060,2058,2066,-1,2066,2058,2056,-1,2066,2056,2054,-1,2021,2004,2035,-1,2035,2004,2002,-1,2035,2002,2000,-1,2028,2026,2021,-1,2021,2026,2024,-1,2021,2024,2022,-1,2000,1998,2035,-1,2035,1998,1996,-1,2035,1996,1994,-1,2074,2075,2076,-1,2076,2075,2077,-1,2078,2074,2079,-1,2079,2074,2076,-1,2078,2079,2080,-1,2078,2080,2081,-1,2081,2080,2082,-1,2081,2082,2083,-1,2083,2082,2084,-1,2083,2084,2085,-1,2085,2084,2086,-1,2085,2086,2087,-1,2087,2086,2088,-1,2087,2088,2089,-1,2089,2088,2090,-1,2089,2090,2091,-1,2091,2090,2092,-1,2091,2092,2093,-1,2093,2092,2094,-1,2093,2094,2095,-1,2095,2094,2096,-1,2095,2096,2097,-1,2097,2096,2098,-1,2097,2098,2099,-1,2100,2099,2101,-1,2101,2099,2098,-1,2100,2101,2102,-1,2102,2101,2103,-1,2102,2103,2104,-1,2104,2103,2105,-1,2104,2105,2106,-1,2106,2105,2107,-1,2106,2107,2108,-1,2108,2107,2109,-1,2108,2109,2110,-1,2110,2109,2111,-1,2110,2111,2112,-1,2112,2111,2113,-1,2114,2112,2115,-1,2115,2112,2113,-1,2114,2115,2116,-1,2114,2116,2117,-1,2117,2116,2118,-1,2117,2118,2119,-1,2119,2118,2120,-1,2119,2120,2121,-1,2121,2120,2122,-1,2121,2122,2123,-1,2123,2122,2124,-1,2123,2124,2125,-1,2125,2124,2126,-1,2125,2126,2127,-1,2128,2127,2129,-1,2129,2127,2126,-1,2128,2129,2130,-1,2128,2130,2131,-1,2131,2130,2132,-1,2131,2132,2133,-1,2133,2132,2134,-1,2133,2134,2135,-1,2135,2134,2136,-1,2135,2136,2137,-1,2137,2136,2138,-1,2137,2138,2139,-1,2139,2138,2140,-1,2139,2140,2141,-1,2142,2141,2143,-1,2143,2141,2140,-1,2142,2143,2144,-1,2142,2144,2145,-1,2145,2144,2146,-1,2145,2146,2147,-1,2147,2146,2148,-1,2147,2148,2149,-1,2149,2148,2150,-1,2149,2150,2151,-1,2151,2150,2152,-1,2151,2152,2153,-1,2153,2152,2154,-1,2153,2154,2155,-1,2156,2155,2157,-1,2157,2155,2154,-1,2158,2156,2159,-1,2159,2156,2157,-1,2160,2158,2161,-1,2161,2158,2159,-1,2162,2160,2163,-1,2163,2160,2161,-1,2164,2162,2165,-1,2165,2162,2163,-1,2164,2165,2166,-1,2164,2166,2167,-1,2167,2166,2168,-1,2167,2168,2169,-1,2169,2168,2170,-1,2169,2170,2171,-1,2171,2170,2172,-1,2171,2172,2173,-1,2173,2172,2174,-1,2173,2174,2175,-1,2175,2174,2176,-1,2175,2176,2177,-1,2177,2176,2178,-1,2177,2178,2179,-1,2179,2178,2180,-1,2179,2180,2181,-1,2181,2180,2182,-1,2181,2182,2183,-1,2183,2182,2184,-1,2183,2184,2185,-1,2185,2184,2186,-1,2185,2186,2187,-1,2187,2186,2188,-1,2187,2188,2189,-1,2190,2189,2191,-1,2191,2189,2188,-1,2192,2190,2193,-1,2193,2190,2191,-1,2194,2192,2195,-1,2195,2192,2193,-1,2075,2194,2077,-1,2077,2194,2195,-1,2189,2190,2162,-1,2162,2190,2192,-1,2155,2156,2127,-1,2127,2156,2125,-1,2139,2141,2128,-1,2194,2158,2192,-1,2192,2158,2160,-1,2192,2160,2162,-1,2074,2078,2099,-1,2162,2164,2189,-1,2189,2164,2167,-1,2189,2167,2169,-1,2169,2171,2189,-1,2189,2171,2173,-1,2189,2173,2175,-1,2175,2177,2189,-1,2189,2177,2179,-1,2189,2179,2181,-1,2181,2183,2189,-1,2189,2183,2185,-1,2189,2185,2187,-1,2133,2135,2137,-1,2102,2158,2100,-1,2100,2158,2194,-1,2100,2194,2099,-1,2099,2194,2075,-1,2099,2075,2074,-1,2078,2081,2099,-1,2099,2081,2083,-1,2099,2083,2085,-1,2095,2097,2093,-1,2093,2097,2099,-1,2093,2099,2091,-1,2128,2141,2127,-1,2127,2141,2142,-1,2127,2142,2155,-1,2102,2104,2158,-1,2158,2104,2106,-1,2158,2106,2156,-1,2106,2108,2156,-1,2156,2108,2110,-1,2156,2110,2112,-1,2085,2087,2099,-1,2099,2087,2089,-1,2099,2089,2091,-1,2139,2128,2137,-1,2137,2128,2131,-1,2137,2131,2133,-1,2147,2149,2151,-1,2142,2145,2155,-1,2155,2145,2147,-1,2155,2147,2153,-1,2153,2147,2151,-1,2112,2114,2156,-1,2156,2114,2117,-1,2156,2117,2119,-1,2119,2121,2156,-1,2156,2121,2123,-1,2156,2123,2125,-1,2079,2076,2077,-1,2129,2126,2140,-1,2094,2092,2079,-1,2140,2126,2143,-1,2159,2195,2161,-1,2161,2195,2193,-1,2161,2193,2163,-1,2163,2193,2191,-1,2163,2191,2165,-1,2165,2191,2188,-1,2082,2088,2084,-1,2084,2088,2086,-1,2092,2090,2079,-1,2079,2090,2088,-1,2079,2088,2080,-1,2080,2088,2082,-1,2111,2109,2157,-1,2159,2105,2103,-1,2159,2103,2195,-1,2195,2103,2101,-1,2195,2101,2077,-1,2077,2101,2098,-1,2077,2098,2079,-1,2079,2098,2096,-1,2079,2096,2094,-1,2157,2109,2159,-1,2159,2109,2107,-1,2159,2107,2105,-1,2136,2134,2132,-1,2176,2174,2188,-1,2188,2174,2172,-1,2188,2172,2170,-1,2170,2168,2188,-1,2188,2168,2166,-1,2188,2166,2165,-1,2116,2115,2157,-1,2157,2115,2113,-1,2157,2113,2111,-1,2157,2154,2143,-1,2143,2154,2152,-1,2143,2152,2150,-1,2140,2138,2129,-1,2129,2138,2136,-1,2129,2136,2130,-1,2130,2136,2132,-1,2182,2188,2184,-1,2184,2188,2186,-1,2182,2180,2188,-1,2188,2180,2178,-1,2188,2178,2176,-1,2143,2126,2157,-1,2157,2126,2124,-1,2157,2124,2122,-1,2150,2148,2143,-1,2143,2148,2146,-1,2143,2146,2144,-1,2122,2120,2157,-1,2157,2120,2118,-1,2157,2118,2116,-1,2196,2197,2198,-1,2198,2197,2199,-1,2200,2196,2201,-1,2201,2196,2198,-1,2200,2201,2202,-1,2200,2202,2203,-1,2203,2202,2204,-1,2203,2204,2205,-1,2205,2204,2206,-1,2205,2206,2207,-1,2207,2206,2208,-1,2207,2208,2209,-1,2209,2208,2210,-1,2209,2210,2211,-1,2211,2210,2212,-1,2211,2212,2213,-1,2213,2212,2214,-1,2213,2214,2215,-1,2215,2214,2216,-1,2215,2216,2217,-1,2217,2216,2218,-1,2217,2218,2219,-1,2219,2218,2220,-1,2219,2220,2221,-1,2222,2221,2223,-1,2223,2221,2220,-1,2222,2223,2224,-1,2224,2223,2225,-1,2224,2225,2226,-1,2226,2225,2227,-1,2226,2227,2228,-1,2228,2227,2229,-1,2228,2229,2230,-1,2230,2229,2231,-1,2230,2231,2232,-1,2232,2231,2233,-1,2232,2233,2234,-1,2234,2233,2235,-1,2236,2234,2237,-1,2237,2234,2235,-1,2236,2237,2238,-1,2236,2238,2239,-1,2239,2238,2240,-1,2239,2240,2241,-1,2241,2240,2242,-1,2241,2242,2243,-1,2243,2242,2244,-1,2243,2244,2245,-1,2245,2244,2246,-1,2245,2246,2247,-1,2247,2246,2248,-1,2247,2248,2249,-1,2250,2249,2251,-1,2251,2249,2248,-1,2250,2251,2252,-1,2250,2252,2253,-1,2253,2252,2254,-1,2253,2254,2255,-1,2255,2254,2256,-1,2255,2256,2257,-1,2257,2256,2258,-1,2257,2258,2259,-1,2259,2258,2260,-1,2259,2260,2261,-1,2261,2260,2262,-1,2261,2262,2263,-1,2264,2263,2265,-1,2265,2263,2262,-1,2264,2265,2266,-1,2264,2266,2267,-1,2267,2266,2268,-1,2267,2268,2269,-1,2269,2268,2270,-1,2269,2270,2271,-1,2271,2270,2272,-1,2271,2272,2273,-1,2273,2272,2274,-1,2273,2274,2275,-1,2275,2274,2276,-1,2275,2276,2277,-1,2278,2277,2279,-1,2279,2277,2276,-1,2280,2278,2281,-1,2281,2278,2279,-1,2282,2280,2283,-1,2283,2280,2281,-1,2284,2282,2285,-1,2285,2282,2283,-1,2286,2284,2287,-1,2287,2284,2285,-1,2286,2287,2288,-1,2286,2288,2289,-1,2289,2288,2290,-1,2289,2290,2291,-1,2291,2290,2292,-1,2291,2292,2293,-1,2293,2292,2294,-1,2293,2294,2295,-1,2295,2294,2296,-1,2295,2296,2297,-1,2297,2296,2298,-1,2297,2298,2299,-1,2299,2298,2300,-1,2299,2300,2301,-1,2301,2300,2302,-1,2301,2302,2303,-1,2303,2302,2304,-1,2303,2304,2305,-1,2305,2304,2306,-1,2305,2306,2307,-1,2307,2306,2308,-1,2307,2308,2309,-1,2309,2308,2310,-1,2309,2310,2311,-1,2312,2311,2313,-1,2313,2311,2310,-1,2314,2312,2315,-1,2315,2312,2313,-1,2316,2314,2317,-1,2317,2314,2315,-1,2197,2316,2199,-1,2199,2316,2317,-1,2311,2312,2284,-1,2284,2312,2314,-1,2277,2278,2249,-1,2249,2278,2247,-1,2261,2263,2250,-1,2316,2280,2314,-1,2314,2280,2282,-1,2314,2282,2284,-1,2196,2200,2221,-1,2284,2286,2311,-1,2311,2286,2289,-1,2311,2289,2291,-1,2291,2293,2311,-1,2311,2293,2295,-1,2311,2295,2297,-1,2297,2299,2311,-1,2311,2299,2301,-1,2311,2301,2303,-1,2303,2305,2311,-1,2311,2305,2307,-1,2311,2307,2309,-1,2255,2257,2259,-1,2224,2280,2222,-1,2222,2280,2316,-1,2222,2316,2221,-1,2221,2316,2197,-1,2221,2197,2196,-1,2200,2203,2221,-1,2221,2203,2205,-1,2221,2205,2207,-1,2217,2219,2215,-1,2215,2219,2221,-1,2215,2221,2213,-1,2250,2263,2249,-1,2249,2263,2264,-1,2249,2264,2277,-1,2224,2226,2280,-1,2280,2226,2228,-1,2280,2228,2278,-1,2228,2230,2278,-1,2278,2230,2232,-1,2278,2232,2234,-1,2207,2209,2221,-1,2221,2209,2211,-1,2221,2211,2213,-1,2261,2250,2259,-1,2259,2250,2253,-1,2259,2253,2255,-1,2269,2271,2273,-1,2264,2267,2277,-1,2277,2267,2269,-1,2277,2269,2275,-1,2275,2269,2273,-1,2234,2236,2278,-1,2278,2236,2239,-1,2278,2239,2241,-1,2241,2243,2278,-1,2278,2243,2245,-1,2278,2245,2247,-1,2201,2198,2199,-1,2251,2248,2262,-1,2216,2214,2201,-1,2262,2248,2265,-1,2281,2317,2283,-1,2283,2317,2315,-1,2283,2315,2285,-1,2285,2315,2313,-1,2285,2313,2287,-1,2287,2313,2310,-1,2204,2210,2206,-1,2206,2210,2208,-1,2214,2212,2201,-1,2201,2212,2210,-1,2201,2210,2202,-1,2202,2210,2204,-1,2233,2231,2279,-1,2281,2227,2225,-1,2281,2225,2317,-1,2317,2225,2223,-1,2317,2223,2199,-1,2199,2223,2220,-1,2199,2220,2201,-1,2201,2220,2218,-1,2201,2218,2216,-1,2279,2231,2281,-1,2281,2231,2229,-1,2281,2229,2227,-1,2258,2256,2254,-1,2298,2296,2310,-1,2310,2296,2294,-1,2310,2294,2292,-1,2292,2290,2310,-1,2310,2290,2288,-1,2310,2288,2287,-1,2238,2237,2279,-1,2279,2237,2235,-1,2279,2235,2233,-1,2279,2276,2265,-1,2265,2276,2274,-1,2265,2274,2272,-1,2262,2260,2251,-1,2251,2260,2258,-1,2251,2258,2252,-1,2252,2258,2254,-1,2304,2310,2306,-1,2306,2310,2308,-1,2304,2302,2310,-1,2310,2302,2300,-1,2310,2300,2298,-1,2265,2248,2279,-1,2279,2248,2246,-1,2279,2246,2244,-1,2272,2270,2265,-1,2265,2270,2268,-1,2265,2268,2266,-1,2244,2242,2279,-1,2279,2242,2240,-1,2279,2240,2238,-1,2318,2319,2320,-1,2320,2319,2321,-1,2322,2318,2323,-1,2323,2318,2320,-1,2322,2323,2324,-1,2322,2324,2325,-1,2325,2324,2326,-1,2325,2326,2327,-1,2327,2326,2328,-1,2327,2328,2329,-1,2329,2328,2330,-1,2329,2330,2331,-1,2331,2330,2332,-1,2331,2332,2333,-1,2333,2332,2334,-1,2333,2334,2335,-1,2335,2334,2336,-1,2335,2336,2337,-1,2337,2336,2338,-1,2337,2338,2339,-1,2339,2338,2340,-1,2339,2340,2341,-1,2341,2340,2342,-1,2341,2342,2343,-1,2344,2343,2345,-1,2345,2343,2342,-1,2344,2345,2346,-1,2346,2345,2347,-1,2346,2347,2348,-1,2348,2347,2349,-1,2348,2349,2350,-1,2350,2349,2351,-1,2350,2351,2352,-1,2352,2351,2353,-1,2352,2353,2354,-1,2354,2353,2355,-1,2354,2355,2356,-1,2356,2355,2357,-1,2358,2356,2359,-1,2359,2356,2357,-1,2358,2359,2360,-1,2358,2360,2361,-1,2361,2360,2362,-1,2361,2362,2363,-1,2363,2362,2364,-1,2363,2364,2365,-1,2365,2364,2366,-1,2365,2366,2367,-1,2367,2366,2368,-1,2367,2368,2369,-1,2369,2368,2370,-1,2369,2370,2371,-1,2372,2371,2373,-1,2373,2371,2370,-1,2372,2373,2374,-1,2372,2374,2375,-1,2375,2374,2376,-1,2375,2376,2377,-1,2377,2376,2378,-1,2377,2378,2379,-1,2379,2378,2380,-1,2379,2380,2381,-1,2381,2380,2382,-1,2381,2382,2383,-1,2383,2382,2384,-1,2383,2384,2385,-1,2386,2385,2387,-1,2387,2385,2384,-1,2386,2387,2388,-1,2386,2388,2389,-1,2389,2388,2390,-1,2389,2390,2391,-1,2391,2390,2392,-1,2391,2392,2393,-1,2393,2392,2394,-1,2393,2394,2395,-1,2395,2394,2396,-1,2395,2396,2397,-1,2397,2396,2398,-1,2397,2398,2399,-1,2400,2399,2401,-1,2401,2399,2398,-1,2402,2400,2403,-1,2403,2400,2401,-1,2404,2402,2405,-1,2405,2402,2403,-1,2406,2404,2407,-1,2407,2404,2405,-1,2408,2406,2409,-1,2409,2406,2407,-1,2408,2409,2410,-1,2408,2410,2411,-1,2411,2410,2412,-1,2411,2412,2413,-1,2413,2412,2414,-1,2413,2414,2415,-1,2415,2414,2416,-1,2415,2416,2417,-1,2417,2416,2418,-1,2417,2418,2419,-1,2419,2418,2420,-1,2419,2420,2421,-1,2421,2420,2422,-1,2421,2422,2423,-1,2423,2422,2424,-1,2423,2424,2425,-1,2425,2424,2426,-1,2425,2426,2427,-1,2427,2426,2428,-1,2427,2428,2429,-1,2429,2428,2430,-1,2429,2430,2431,-1,2431,2430,2432,-1,2431,2432,2433,-1,2434,2433,2435,-1,2435,2433,2432,-1,2436,2434,2437,-1,2437,2434,2435,-1,2438,2436,2439,-1,2439,2436,2437,-1,2319,2438,2321,-1,2321,2438,2439,-1,2433,2434,2406,-1,2406,2434,2436,-1,2399,2400,2371,-1,2371,2400,2369,-1,2383,2385,2372,-1,2438,2402,2436,-1,2436,2402,2404,-1,2436,2404,2406,-1,2318,2322,2343,-1,2406,2408,2433,-1,2433,2408,2411,-1,2433,2411,2413,-1,2413,2415,2433,-1,2433,2415,2417,-1,2433,2417,2419,-1,2419,2421,2433,-1,2433,2421,2423,-1,2433,2423,2425,-1,2425,2427,2433,-1,2433,2427,2429,-1,2433,2429,2431,-1,2377,2379,2381,-1,2346,2402,2344,-1,2344,2402,2438,-1,2344,2438,2343,-1,2343,2438,2319,-1,2343,2319,2318,-1,2322,2325,2343,-1,2343,2325,2327,-1,2343,2327,2329,-1,2339,2341,2337,-1,2337,2341,2343,-1,2337,2343,2335,-1,2372,2385,2371,-1,2371,2385,2386,-1,2371,2386,2399,-1,2346,2348,2402,-1,2402,2348,2350,-1,2402,2350,2400,-1,2350,2352,2400,-1,2400,2352,2354,-1,2400,2354,2356,-1,2329,2331,2343,-1,2343,2331,2333,-1,2343,2333,2335,-1,2383,2372,2381,-1,2381,2372,2375,-1,2381,2375,2377,-1,2391,2393,2395,-1,2386,2389,2399,-1,2399,2389,2391,-1,2399,2391,2397,-1,2397,2391,2395,-1,2356,2358,2400,-1,2400,2358,2361,-1,2400,2361,2363,-1,2363,2365,2400,-1,2400,2365,2367,-1,2400,2367,2369,-1,2323,2320,2321,-1,2373,2370,2384,-1,2338,2336,2323,-1,2384,2370,2387,-1,2403,2439,2405,-1,2405,2439,2437,-1,2405,2437,2407,-1,2407,2437,2435,-1,2407,2435,2409,-1,2409,2435,2432,-1,2326,2332,2328,-1,2328,2332,2330,-1,2336,2334,2323,-1,2323,2334,2332,-1,2323,2332,2324,-1,2324,2332,2326,-1,2355,2353,2401,-1,2403,2349,2347,-1,2403,2347,2439,-1,2439,2347,2345,-1,2439,2345,2321,-1,2321,2345,2342,-1,2321,2342,2323,-1,2323,2342,2340,-1,2323,2340,2338,-1,2401,2353,2403,-1,2403,2353,2351,-1,2403,2351,2349,-1,2380,2378,2376,-1,2420,2418,2432,-1,2432,2418,2416,-1,2432,2416,2414,-1,2414,2412,2432,-1,2432,2412,2410,-1,2432,2410,2409,-1,2360,2359,2401,-1,2401,2359,2357,-1,2401,2357,2355,-1,2401,2398,2387,-1,2387,2398,2396,-1,2387,2396,2394,-1,2384,2382,2373,-1,2373,2382,2380,-1,2373,2380,2374,-1,2374,2380,2376,-1,2426,2432,2428,-1,2428,2432,2430,-1,2426,2424,2432,-1,2432,2424,2422,-1,2432,2422,2420,-1,2387,2370,2401,-1,2401,2370,2368,-1,2401,2368,2366,-1,2394,2392,2387,-1,2387,2392,2390,-1,2387,2390,2388,-1,2366,2364,2401,-1,2401,2364,2362,-1,2401,2362,2360,-1,2440,2441,2442,-1,2442,2441,2443,-1,2444,2440,2445,-1,2445,2440,2442,-1,2444,2445,2446,-1,2444,2446,2447,-1,2447,2446,2448,-1,2447,2448,2449,-1,2449,2448,2450,-1,2449,2450,2451,-1,2451,2450,2452,-1,2451,2452,2453,-1,2453,2452,2454,-1,2453,2454,2455,-1,2455,2454,2456,-1,2455,2456,2457,-1,2457,2456,2458,-1,2457,2458,2459,-1,2459,2458,2460,-1,2459,2460,2461,-1,2461,2460,2462,-1,2461,2462,2463,-1,2463,2462,2464,-1,2463,2464,2465,-1,2466,2465,2467,-1,2467,2465,2464,-1,2466,2467,2468,-1,2468,2467,2469,-1,2468,2469,2470,-1,2470,2469,2471,-1,2470,2471,2472,-1,2472,2471,2473,-1,2472,2473,2474,-1,2474,2473,2475,-1,2474,2475,2476,-1,2476,2475,2477,-1,2476,2477,2478,-1,2478,2477,2479,-1,2480,2478,2481,-1,2481,2478,2479,-1,2480,2481,2482,-1,2480,2482,2483,-1,2483,2482,2484,-1,2483,2484,2485,-1,2485,2484,2486,-1,2485,2486,2487,-1,2487,2486,2488,-1,2487,2488,2489,-1,2489,2488,2490,-1,2489,2490,2491,-1,2491,2490,2492,-1,2491,2492,2493,-1,2494,2493,2495,-1,2495,2493,2492,-1,2494,2495,2496,-1,2494,2496,2497,-1,2497,2496,2498,-1,2497,2498,2499,-1,2499,2498,2500,-1,2499,2500,2501,-1,2501,2500,2502,-1,2501,2502,2503,-1,2503,2502,2504,-1,2503,2504,2505,-1,2505,2504,2506,-1,2505,2506,2507,-1,2508,2507,2509,-1,2509,2507,2506,-1,2508,2509,2510,-1,2508,2510,2511,-1,2511,2510,2512,-1,2511,2512,2513,-1,2513,2512,2514,-1,2513,2514,2515,-1,2515,2514,2516,-1,2515,2516,2517,-1,2517,2516,2518,-1,2517,2518,2519,-1,2519,2518,2520,-1,2519,2520,2521,-1,2522,2521,2523,-1,2523,2521,2520,-1,2524,2522,2525,-1,2525,2522,2523,-1,2526,2524,2527,-1,2527,2524,2525,-1,2528,2526,2529,-1,2529,2526,2527,-1,2530,2528,2531,-1,2531,2528,2529,-1,2530,2531,2532,-1,2530,2532,2533,-1,2533,2532,2534,-1,2533,2534,2535,-1,2535,2534,2536,-1,2535,2536,2537,-1,2537,2536,2538,-1,2537,2538,2539,-1,2539,2538,2540,-1,2539,2540,2541,-1,2541,2540,2542,-1,2541,2542,2543,-1,2543,2542,2544,-1,2543,2544,2545,-1,2545,2544,2546,-1,2545,2546,2547,-1,2547,2546,2548,-1,2547,2548,2549,-1,2549,2548,2550,-1,2549,2550,2551,-1,2551,2550,2552,-1,2551,2552,2553,-1,2553,2552,2554,-1,2553,2554,2555,-1,2556,2555,2557,-1,2557,2555,2554,-1,2558,2556,2559,-1,2559,2556,2557,-1,2560,2558,2561,-1,2561,2558,2559,-1,2441,2560,2443,-1,2443,2560,2561,-1,2555,2556,2528,-1,2528,2556,2558,-1,2521,2522,2493,-1,2493,2522,2491,-1,2505,2507,2494,-1,2560,2524,2558,-1,2558,2524,2526,-1,2558,2526,2528,-1,2440,2444,2465,-1,2528,2530,2555,-1,2555,2530,2533,-1,2555,2533,2535,-1,2535,2537,2555,-1,2555,2537,2539,-1,2555,2539,2541,-1,2541,2543,2555,-1,2555,2543,2545,-1,2555,2545,2547,-1,2547,2549,2555,-1,2555,2549,2551,-1,2555,2551,2553,-1,2499,2501,2503,-1,2468,2524,2466,-1,2466,2524,2560,-1,2466,2560,2465,-1,2465,2560,2441,-1,2465,2441,2440,-1,2444,2447,2465,-1,2465,2447,2449,-1,2465,2449,2451,-1,2461,2463,2459,-1,2459,2463,2465,-1,2459,2465,2457,-1,2494,2507,2493,-1,2493,2507,2508,-1,2493,2508,2521,-1,2468,2470,2524,-1,2524,2470,2472,-1,2524,2472,2522,-1,2472,2474,2522,-1,2522,2474,2476,-1,2522,2476,2478,-1,2451,2453,2465,-1,2465,2453,2455,-1,2465,2455,2457,-1,2505,2494,2503,-1,2503,2494,2497,-1,2503,2497,2499,-1,2513,2515,2517,-1,2508,2511,2521,-1,2521,2511,2513,-1,2521,2513,2519,-1,2519,2513,2517,-1,2478,2480,2522,-1,2522,2480,2483,-1,2522,2483,2485,-1,2485,2487,2522,-1,2522,2487,2489,-1,2522,2489,2491,-1,2445,2442,2443,-1,2495,2492,2506,-1,2460,2458,2445,-1,2506,2492,2509,-1,2525,2561,2527,-1,2527,2561,2559,-1,2527,2559,2529,-1,2529,2559,2557,-1,2529,2557,2531,-1,2531,2557,2554,-1,2448,2454,2450,-1,2450,2454,2452,-1,2458,2456,2445,-1,2445,2456,2454,-1,2445,2454,2446,-1,2446,2454,2448,-1,2477,2475,2523,-1,2525,2471,2469,-1,2525,2469,2561,-1,2561,2469,2467,-1,2561,2467,2443,-1,2443,2467,2464,-1,2443,2464,2445,-1,2445,2464,2462,-1,2445,2462,2460,-1,2523,2475,2525,-1,2525,2475,2473,-1,2525,2473,2471,-1,2502,2500,2498,-1,2542,2540,2554,-1,2554,2540,2538,-1,2554,2538,2536,-1,2536,2534,2554,-1,2554,2534,2532,-1,2554,2532,2531,-1,2482,2481,2523,-1,2523,2481,2479,-1,2523,2479,2477,-1,2523,2520,2509,-1,2509,2520,2518,-1,2509,2518,2516,-1,2506,2504,2495,-1,2495,2504,2502,-1,2495,2502,2496,-1,2496,2502,2498,-1,2548,2554,2550,-1,2550,2554,2552,-1,2548,2546,2554,-1,2554,2546,2544,-1,2554,2544,2542,-1,2509,2492,2523,-1,2523,2492,2490,-1,2523,2490,2488,-1,2516,2514,2509,-1,2509,2514,2512,-1,2509,2512,2510,-1,2488,2486,2523,-1,2523,2486,2484,-1,2523,2484,2482,-1,2562,2563,2564,-1,2564,2563,2565,-1,2566,2562,2567,-1,2567,2562,2564,-1,2566,2567,2568,-1,2566,2568,2569,-1,2569,2568,2570,-1,2569,2570,2571,-1,2571,2570,2572,-1,2571,2572,2573,-1,2573,2572,2574,-1,2573,2574,2575,-1,2575,2574,2576,-1,2575,2576,2577,-1,2577,2576,2578,-1,2577,2578,2579,-1,2579,2578,2580,-1,2579,2580,2581,-1,2581,2580,2582,-1,2581,2582,2583,-1,2583,2582,2584,-1,2583,2584,2585,-1,2585,2584,2586,-1,2585,2586,2587,-1,2588,2587,2589,-1,2589,2587,2586,-1,2588,2589,2590,-1,2590,2589,2591,-1,2590,2591,2592,-1,2592,2591,2593,-1,2592,2593,2594,-1,2594,2593,2595,-1,2594,2595,2596,-1,2596,2595,2597,-1,2596,2597,2598,-1,2598,2597,2599,-1,2598,2599,2600,-1,2600,2599,2601,-1,2602,2600,2603,-1,2603,2600,2601,-1,2602,2603,2604,-1,2602,2604,2605,-1,2605,2604,2606,-1,2605,2606,2607,-1,2607,2606,2608,-1,2607,2608,2609,-1,2609,2608,2610,-1,2609,2610,2611,-1,2611,2610,2612,-1,2611,2612,2613,-1,2613,2612,2614,-1,2613,2614,2615,-1,2616,2615,2617,-1,2617,2615,2614,-1,2616,2617,2618,-1,2616,2618,2619,-1,2619,2618,2620,-1,2619,2620,2621,-1,2621,2620,2622,-1,2621,2622,2623,-1,2623,2622,2624,-1,2623,2624,2625,-1,2625,2624,2626,-1,2625,2626,2627,-1,2627,2626,2628,-1,2627,2628,2629,-1,2630,2629,2631,-1,2631,2629,2628,-1,2630,2631,2632,-1,2630,2632,2633,-1,2633,2632,2634,-1,2633,2634,2635,-1,2635,2634,2636,-1,2635,2636,2637,-1,2637,2636,2638,-1,2637,2638,2639,-1,2639,2638,2640,-1,2639,2640,2641,-1,2641,2640,2642,-1,2641,2642,2643,-1,2644,2643,2645,-1,2645,2643,2642,-1,2646,2644,2647,-1,2647,2644,2645,-1,2648,2646,2649,-1,2649,2646,2647,-1,2650,2648,2651,-1,2651,2648,2649,-1,2652,2650,2653,-1,2653,2650,2651,-1,2652,2653,2654,-1,2652,2654,2655,-1,2655,2654,2656,-1,2655,2656,2657,-1,2657,2656,2658,-1,2657,2658,2659,-1,2659,2658,2660,-1,2659,2660,2661,-1,2661,2660,2662,-1,2661,2662,2663,-1,2663,2662,2664,-1,2663,2664,2665,-1,2665,2664,2666,-1,2665,2666,2667,-1,2667,2666,2668,-1,2667,2668,2669,-1,2669,2668,2670,-1,2669,2670,2671,-1,2671,2670,2672,-1,2671,2672,2673,-1,2673,2672,2674,-1,2673,2674,2675,-1,2675,2674,2676,-1,2675,2676,2677,-1,2678,2677,2679,-1,2679,2677,2676,-1,2680,2678,2681,-1,2681,2678,2679,-1,2682,2680,2683,-1,2683,2680,2681,-1,2563,2682,2565,-1,2565,2682,2683,-1,2677,2678,2650,-1,2650,2678,2680,-1,2643,2644,2615,-1,2615,2644,2613,-1,2627,2629,2616,-1,2682,2646,2680,-1,2680,2646,2648,-1,2680,2648,2650,-1,2562,2566,2587,-1,2650,2652,2677,-1,2677,2652,2655,-1,2677,2655,2657,-1,2657,2659,2677,-1,2677,2659,2661,-1,2677,2661,2663,-1,2663,2665,2677,-1,2677,2665,2667,-1,2677,2667,2669,-1,2669,2671,2677,-1,2677,2671,2673,-1,2677,2673,2675,-1,2621,2623,2625,-1,2590,2646,2588,-1,2588,2646,2682,-1,2588,2682,2587,-1,2587,2682,2563,-1,2587,2563,2562,-1,2566,2569,2587,-1,2587,2569,2571,-1,2587,2571,2573,-1,2583,2585,2581,-1,2581,2585,2587,-1,2581,2587,2579,-1,2616,2629,2615,-1,2615,2629,2630,-1,2615,2630,2643,-1,2590,2592,2646,-1,2646,2592,2594,-1,2646,2594,2644,-1,2594,2596,2644,-1,2644,2596,2598,-1,2644,2598,2600,-1,2573,2575,2587,-1,2587,2575,2577,-1,2587,2577,2579,-1,2627,2616,2625,-1,2625,2616,2619,-1,2625,2619,2621,-1,2635,2637,2639,-1,2630,2633,2643,-1,2643,2633,2635,-1,2643,2635,2641,-1,2641,2635,2639,-1,2600,2602,2644,-1,2644,2602,2605,-1,2644,2605,2607,-1,2607,2609,2644,-1,2644,2609,2611,-1,2644,2611,2613,-1,2567,2564,2565,-1,2617,2614,2628,-1,2582,2580,2567,-1,2628,2614,2631,-1,2647,2683,2649,-1,2649,2683,2681,-1,2649,2681,2651,-1,2651,2681,2679,-1,2651,2679,2653,-1,2653,2679,2676,-1,2570,2576,2572,-1,2572,2576,2574,-1,2580,2578,2567,-1,2567,2578,2576,-1,2567,2576,2568,-1,2568,2576,2570,-1,2599,2597,2645,-1,2647,2593,2591,-1,2647,2591,2683,-1,2683,2591,2589,-1,2683,2589,2565,-1,2565,2589,2586,-1,2565,2586,2567,-1,2567,2586,2584,-1,2567,2584,2582,-1,2645,2597,2647,-1,2647,2597,2595,-1,2647,2595,2593,-1,2624,2622,2620,-1,2664,2662,2676,-1,2676,2662,2660,-1,2676,2660,2658,-1,2658,2656,2676,-1,2676,2656,2654,-1,2676,2654,2653,-1,2604,2603,2645,-1,2645,2603,2601,-1,2645,2601,2599,-1,2645,2642,2631,-1,2631,2642,2640,-1,2631,2640,2638,-1,2628,2626,2617,-1,2617,2626,2624,-1,2617,2624,2618,-1,2618,2624,2620,-1,2670,2676,2672,-1,2672,2676,2674,-1,2670,2668,2676,-1,2676,2668,2666,-1,2676,2666,2664,-1,2631,2614,2645,-1,2645,2614,2612,-1,2645,2612,2610,-1,2638,2636,2631,-1,2631,2636,2634,-1,2631,2634,2632,-1,2610,2608,2645,-1,2645,2608,2606,-1,2645,2606,2604,-1,2684,2685,2686,-1,2686,2685,2687,-1,2688,2684,2689,-1,2689,2684,2686,-1,2688,2689,2690,-1,2688,2690,2691,-1,2691,2690,2692,-1,2691,2692,2693,-1,2693,2692,2694,-1,2693,2694,2695,-1,2695,2694,2696,-1,2695,2696,2697,-1,2697,2696,2698,-1,2697,2698,2699,-1,2699,2698,2700,-1,2699,2700,2701,-1,2701,2700,2702,-1,2701,2702,2703,-1,2703,2702,2704,-1,2703,2704,2705,-1,2705,2704,2706,-1,2705,2706,2707,-1,2707,2706,2708,-1,2707,2708,2709,-1,2710,2709,2711,-1,2711,2709,2708,-1,2710,2711,2712,-1,2712,2711,2713,-1,2712,2713,2714,-1,2714,2713,2715,-1,2714,2715,2716,-1,2716,2715,2717,-1,2716,2717,2718,-1,2718,2717,2719,-1,2718,2719,2720,-1,2720,2719,2721,-1,2720,2721,2722,-1,2722,2721,2723,-1,2724,2722,2725,-1,2725,2722,2723,-1,2724,2725,2726,-1,2724,2726,2727,-1,2727,2726,2728,-1,2727,2728,2729,-1,2729,2728,2730,-1,2729,2730,2731,-1,2731,2730,2732,-1,2731,2732,2733,-1,2733,2732,2734,-1,2733,2734,2735,-1,2735,2734,2736,-1,2735,2736,2737,-1,2738,2737,2739,-1,2739,2737,2736,-1,2738,2739,2740,-1,2738,2740,2741,-1,2741,2740,2742,-1,2741,2742,2743,-1,2743,2742,2744,-1,2743,2744,2745,-1,2745,2744,2746,-1,2745,2746,2747,-1,2747,2746,2748,-1,2747,2748,2749,-1,2749,2748,2750,-1,2749,2750,2751,-1,2752,2751,2753,-1,2753,2751,2750,-1,2752,2753,2754,-1,2752,2754,2755,-1,2755,2754,2756,-1,2755,2756,2757,-1,2757,2756,2758,-1,2757,2758,2759,-1,2759,2758,2760,-1,2759,2760,2761,-1,2761,2760,2762,-1,2761,2762,2763,-1,2763,2762,2764,-1,2763,2764,2765,-1,2766,2765,2767,-1,2767,2765,2764,-1,2768,2766,2769,-1,2769,2766,2767,-1,2770,2768,2771,-1,2771,2768,2769,-1,2772,2770,2773,-1,2773,2770,2771,-1,2774,2772,2775,-1,2775,2772,2773,-1,2774,2775,2776,-1,2774,2776,2777,-1,2777,2776,2778,-1,2777,2778,2779,-1,2779,2778,2780,-1,2779,2780,2781,-1,2781,2780,2782,-1,2781,2782,2783,-1,2783,2782,2784,-1,2783,2784,2785,-1,2785,2784,2786,-1,2785,2786,2787,-1,2787,2786,2788,-1,2787,2788,2789,-1,2789,2788,2790,-1,2789,2790,2791,-1,2791,2790,2792,-1,2791,2792,2793,-1,2793,2792,2794,-1,2793,2794,2795,-1,2795,2794,2796,-1,2795,2796,2797,-1,2797,2796,2798,-1,2797,2798,2799,-1,2800,2799,2801,-1,2801,2799,2798,-1,2802,2800,2803,-1,2803,2800,2801,-1,2804,2802,2805,-1,2805,2802,2803,-1,2685,2804,2687,-1,2687,2804,2805,-1,2799,2800,2772,-1,2772,2800,2802,-1,2765,2766,2737,-1,2737,2766,2735,-1,2749,2751,2738,-1,2804,2768,2802,-1,2802,2768,2770,-1,2802,2770,2772,-1,2684,2688,2709,-1,2772,2774,2799,-1,2799,2774,2777,-1,2799,2777,2779,-1,2779,2781,2799,-1,2799,2781,2783,-1,2799,2783,2785,-1,2785,2787,2799,-1,2799,2787,2789,-1,2799,2789,2791,-1,2791,2793,2799,-1,2799,2793,2795,-1,2799,2795,2797,-1,2743,2745,2747,-1,2712,2768,2710,-1,2710,2768,2804,-1,2710,2804,2709,-1,2709,2804,2685,-1,2709,2685,2684,-1,2688,2691,2709,-1,2709,2691,2693,-1,2709,2693,2695,-1,2705,2707,2703,-1,2703,2707,2709,-1,2703,2709,2701,-1,2738,2751,2737,-1,2737,2751,2752,-1,2737,2752,2765,-1,2712,2714,2768,-1,2768,2714,2716,-1,2768,2716,2766,-1,2716,2718,2766,-1,2766,2718,2720,-1,2766,2720,2722,-1,2695,2697,2709,-1,2709,2697,2699,-1,2709,2699,2701,-1,2749,2738,2747,-1,2747,2738,2741,-1,2747,2741,2743,-1,2757,2759,2761,-1,2752,2755,2765,-1,2765,2755,2757,-1,2765,2757,2763,-1,2763,2757,2761,-1,2722,2724,2766,-1,2766,2724,2727,-1,2766,2727,2729,-1,2729,2731,2766,-1,2766,2731,2733,-1,2766,2733,2735,-1,2689,2686,2687,-1,2739,2736,2750,-1,2704,2702,2689,-1,2750,2736,2753,-1,2769,2805,2771,-1,2771,2805,2803,-1,2771,2803,2773,-1,2773,2803,2801,-1,2773,2801,2775,-1,2775,2801,2798,-1,2692,2698,2694,-1,2694,2698,2696,-1,2702,2700,2689,-1,2689,2700,2698,-1,2689,2698,2690,-1,2690,2698,2692,-1,2721,2719,2767,-1,2769,2715,2713,-1,2769,2713,2805,-1,2805,2713,2711,-1,2805,2711,2687,-1,2687,2711,2708,-1,2687,2708,2689,-1,2689,2708,2706,-1,2689,2706,2704,-1,2767,2719,2769,-1,2769,2719,2717,-1,2769,2717,2715,-1,2746,2744,2742,-1,2786,2784,2798,-1,2798,2784,2782,-1,2798,2782,2780,-1,2780,2778,2798,-1,2798,2778,2776,-1,2798,2776,2775,-1,2726,2725,2767,-1,2767,2725,2723,-1,2767,2723,2721,-1,2767,2764,2753,-1,2753,2764,2762,-1,2753,2762,2760,-1,2750,2748,2739,-1,2739,2748,2746,-1,2739,2746,2740,-1,2740,2746,2742,-1,2792,2798,2794,-1,2794,2798,2796,-1,2792,2790,2798,-1,2798,2790,2788,-1,2798,2788,2786,-1,2753,2736,2767,-1,2767,2736,2734,-1,2767,2734,2732,-1,2760,2758,2753,-1,2753,2758,2756,-1,2753,2756,2754,-1,2732,2730,2767,-1,2767,2730,2728,-1,2767,2728,2726,-1,2806,2807,2808,-1,2808,2807,2809,-1,2810,2806,2811,-1,2811,2806,2808,-1,2810,2811,2812,-1,2810,2812,2813,-1,2813,2812,2814,-1,2813,2814,2815,-1,2815,2814,2816,-1,2815,2816,2817,-1,2817,2816,2818,-1,2817,2818,2819,-1,2819,2818,2820,-1,2819,2820,2821,-1,2821,2820,2822,-1,2821,2822,2823,-1,2823,2822,2824,-1,2823,2824,2825,-1,2825,2824,2826,-1,2825,2826,2827,-1,2827,2826,2828,-1,2827,2828,2829,-1,2829,2828,2830,-1,2829,2830,2831,-1,2832,2831,2833,-1,2833,2831,2830,-1,2832,2833,2834,-1,2834,2833,2835,-1,2834,2835,2836,-1,2836,2835,2837,-1,2836,2837,2838,-1,2838,2837,2839,-1,2838,2839,2840,-1,2840,2839,2841,-1,2840,2841,2842,-1,2842,2841,2843,-1,2842,2843,2844,-1,2844,2843,2845,-1,2846,2844,2847,-1,2847,2844,2845,-1,2846,2847,2848,-1,2846,2848,2849,-1,2849,2848,2850,-1,2849,2850,2851,-1,2851,2850,2852,-1,2851,2852,2853,-1,2853,2852,2854,-1,2853,2854,2855,-1,2855,2854,2856,-1,2855,2856,2857,-1,2857,2856,2858,-1,2857,2858,2859,-1,2860,2859,2861,-1,2861,2859,2858,-1,2860,2861,2862,-1,2860,2862,2863,-1,2863,2862,2864,-1,2863,2864,2865,-1,2865,2864,2866,-1,2865,2866,2867,-1,2867,2866,2868,-1,2867,2868,2869,-1,2869,2868,2870,-1,2869,2870,2871,-1,2871,2870,2872,-1,2871,2872,2873,-1,2874,2873,2875,-1,2875,2873,2872,-1,2874,2875,2876,-1,2874,2876,2877,-1,2877,2876,2878,-1,2877,2878,2879,-1,2879,2878,2880,-1,2879,2880,2881,-1,2881,2880,2882,-1,2881,2882,2883,-1,2883,2882,2884,-1,2883,2884,2885,-1,2885,2884,2886,-1,2885,2886,2887,-1,2888,2887,2889,-1,2889,2887,2886,-1,2890,2888,2891,-1,2891,2888,2889,-1,2892,2890,2893,-1,2893,2890,2891,-1,2894,2892,2895,-1,2895,2892,2893,-1,2896,2894,2897,-1,2897,2894,2895,-1,2896,2897,2898,-1,2896,2898,2899,-1,2899,2898,2900,-1,2899,2900,2901,-1,2901,2900,2902,-1,2901,2902,2903,-1,2903,2902,2904,-1,2903,2904,2905,-1,2905,2904,2906,-1,2905,2906,2907,-1,2907,2906,2908,-1,2907,2908,2909,-1,2909,2908,2910,-1,2909,2910,2911,-1,2911,2910,2912,-1,2911,2912,2913,-1,2913,2912,2914,-1,2913,2914,2915,-1,2915,2914,2916,-1,2915,2916,2917,-1,2917,2916,2918,-1,2917,2918,2919,-1,2919,2918,2920,-1,2919,2920,2921,-1,2922,2921,2923,-1,2923,2921,2920,-1,2924,2922,2925,-1,2925,2922,2923,-1,2926,2924,2927,-1,2927,2924,2925,-1,2807,2926,2809,-1,2809,2926,2927,-1,2921,2922,2894,-1,2894,2922,2924,-1,2887,2888,2859,-1,2859,2888,2857,-1,2871,2873,2860,-1,2926,2890,2924,-1,2924,2890,2892,-1,2924,2892,2894,-1,2806,2810,2831,-1,2894,2896,2921,-1,2921,2896,2899,-1,2921,2899,2901,-1,2901,2903,2921,-1,2921,2903,2905,-1,2921,2905,2907,-1,2907,2909,2921,-1,2921,2909,2911,-1,2921,2911,2913,-1,2913,2915,2921,-1,2921,2915,2917,-1,2921,2917,2919,-1,2865,2867,2869,-1,2834,2890,2832,-1,2832,2890,2926,-1,2832,2926,2831,-1,2831,2926,2807,-1,2831,2807,2806,-1,2810,2813,2831,-1,2831,2813,2815,-1,2831,2815,2817,-1,2827,2829,2825,-1,2825,2829,2831,-1,2825,2831,2823,-1,2860,2873,2859,-1,2859,2873,2874,-1,2859,2874,2887,-1,2834,2836,2890,-1,2890,2836,2838,-1,2890,2838,2888,-1,2838,2840,2888,-1,2888,2840,2842,-1,2888,2842,2844,-1,2817,2819,2831,-1,2831,2819,2821,-1,2831,2821,2823,-1,2871,2860,2869,-1,2869,2860,2863,-1,2869,2863,2865,-1,2879,2881,2883,-1,2874,2877,2887,-1,2887,2877,2879,-1,2887,2879,2885,-1,2885,2879,2883,-1,2844,2846,2888,-1,2888,2846,2849,-1,2888,2849,2851,-1,2851,2853,2888,-1,2888,2853,2855,-1,2888,2855,2857,-1,2811,2808,2809,-1,2861,2858,2872,-1,2826,2824,2811,-1,2872,2858,2875,-1,2891,2927,2893,-1,2893,2927,2925,-1,2893,2925,2895,-1,2895,2925,2923,-1,2895,2923,2897,-1,2897,2923,2920,-1,2814,2820,2816,-1,2816,2820,2818,-1,2824,2822,2811,-1,2811,2822,2820,-1,2811,2820,2812,-1,2812,2820,2814,-1,2843,2841,2889,-1,2891,2837,2835,-1,2891,2835,2927,-1,2927,2835,2833,-1,2927,2833,2809,-1,2809,2833,2830,-1,2809,2830,2811,-1,2811,2830,2828,-1,2811,2828,2826,-1,2889,2841,2891,-1,2891,2841,2839,-1,2891,2839,2837,-1,2868,2866,2864,-1,2908,2906,2920,-1,2920,2906,2904,-1,2920,2904,2902,-1,2902,2900,2920,-1,2920,2900,2898,-1,2920,2898,2897,-1,2848,2847,2889,-1,2889,2847,2845,-1,2889,2845,2843,-1,2889,2886,2875,-1,2875,2886,2884,-1,2875,2884,2882,-1,2872,2870,2861,-1,2861,2870,2868,-1,2861,2868,2862,-1,2862,2868,2864,-1,2914,2920,2916,-1,2916,2920,2918,-1,2914,2912,2920,-1,2920,2912,2910,-1,2920,2910,2908,-1,2875,2858,2889,-1,2889,2858,2856,-1,2889,2856,2854,-1,2882,2880,2875,-1,2875,2880,2878,-1,2875,2878,2876,-1,2854,2852,2889,-1,2889,2852,2850,-1,2889,2850,2848,-1,2928,2929,2930,-1,2930,2929,2931,-1,2932,2933,2934,-1,2934,2933,2935,-1,2934,2935,2936,-1,2936,2935,2937,-1,2936,2937,2938,-1,2939,2940,2941,-1,2941,2940,2942,-1,2941,2942,2943,-1,2939,2944,2940,-1,2940,2944,2945,-1,2940,2945,2934,-1,2934,2945,2946,-1,2934,2946,2932,-1,2947,2938,2948,-1,2948,2938,2949,-1,2947,2950,2938,-1,2938,2950,2929,-1,2938,2929,2936,-1,2936,2929,2928,-1,2951,2952,2953,-1,2954,2955,2956,-1,2956,2955,2957,-1,2954,2958,2955,-1,2955,2958,2943,-1,2955,2943,2959,-1,2959,2943,2942,-1,2959,2942,2960,-1,2961,2962,2963,-1,2928,2964,2936,-1,2936,2964,2961,-1,2936,2961,2965,-1,2965,2961,2963,-1,2960,2942,2953,-1,2953,2942,2966,-1,2953,2966,2951,-1,2940,2934,2967,-1,2968,2969,2970,-1,2940,2967,2971,-1,2971,2967,2972,-1,2971,2972,2973,-1,2973,2972,2974,-1,2973,2974,2975,-1,2975,2974,2976,-1,2975,2976,2977,-1,2977,2976,2978,-1,2977,2978,2979,-1,2979,2978,2980,-1,2979,2980,2981,-1,2981,2980,2970,-1,2970,2980,2982,-1,2970,2982,2968,-1,2968,2982,2983,-1,2968,2983,2984,-1,2985,2984,2986,-1,2986,2984,2983,-1,2987,2985,2988,-1,2988,2985,2986,-1,2989,2987,2990,-1,2990,2987,2988,-1,2991,2992,2993,-1,2994,2991,2995,-1,2995,2991,2993,-1,2995,2993,2996,-1,2996,2993,2997,-1,2996,2997,2998,-1,2998,2997,2999,-1,2998,2999,3000,-1,3000,2999,3001,-1,3000,3001,3002,-1,3002,3001,3003,-1,3002,3003,2990,-1,2990,3003,2989,-1,3004,2994,3005,-1,3005,2994,3006,-1,3005,3006,3007,-1,3008,2930,3006,-1,3009,3010,2991,-1,2991,3010,3011,-1,2991,3011,3012,-1,3012,3011,3013,-1,3012,3013,3014,-1,3015,3016,3017,-1,3006,2930,3007,-1,3007,2930,2931,-1,3007,2931,3018,-1,3018,3019,3007,-1,3007,3019,3020,-1,3007,3020,3021,-1,3004,3022,2994,-1,2994,3022,3023,-1,2994,3023,2991,-1,2991,3023,3024,-1,2991,3024,3009,-1,3025,3026,3027,-1,3027,3026,3028,-1,3027,3028,3029,-1,3030,3012,3027,-1,3027,3012,3014,-1,3027,3014,3025,-1,3008,3006,3017,-1,3017,3006,3031,-1,3017,3031,3015,-1,3032,3033,3034,-1,3030,3035,3012,-1,3012,3035,3032,-1,3012,3032,3036,-1,3036,3032,3034,-1,2955,2959,3027,-1,3027,2959,3030,-1,2988,2986,2990,-1,2990,2986,2983,-1,2990,2983,3002,-1,2983,2982,3002,-1,3002,2982,2980,-1,3002,2980,3000,-1,3000,2980,2978,-1,3000,2978,2998,-1,2998,2978,2976,-1,2998,2976,2996,-1,2936,3006,2934,-1,2934,3006,2994,-1,2934,2994,2967,-1,2967,2994,2995,-1,2967,2995,2972,-1,2972,2995,2996,-1,2972,2996,2974,-1,2974,2996,2976,-1,2943,3014,2941,-1,2941,3014,3013,-1,2941,3013,2939,-1,2939,3013,3011,-1,2939,3011,2944,-1,2944,3011,3010,-1,2944,3010,2945,-1,2945,3010,3009,-1,2945,3009,2946,-1,2946,3009,3024,-1,2946,3024,2932,-1,2932,3024,3023,-1,2932,3023,2933,-1,2933,3023,3022,-1,2933,3022,2935,-1,2935,3022,3004,-1,2935,3004,2937,-1,2937,3004,3005,-1,2937,3005,2938,-1,2938,3005,3007,-1,2981,2970,2991,-1,3012,2942,2991,-1,2991,2942,2940,-1,2975,2977,2991,-1,2991,2977,2979,-1,2991,2979,2981,-1,2940,2971,2991,-1,2991,2971,2973,-1,2991,2973,2975,-1,2992,2991,2969,-1,2969,2991,2970,-1,2928,2930,3008,-1,2928,3008,2964,-1,2964,3008,3017,-1,2964,3017,2961,-1,2961,3017,3016,-1,2961,3016,2962,-1,2962,3016,3015,-1,2962,3015,2963,-1,2963,3015,3031,-1,2963,3031,2965,-1,2965,3031,3006,-1,2965,3006,2936,-1,2955,3027,3029,-1,2955,3029,2957,-1,2957,3029,3028,-1,2957,3028,2956,-1,2956,3028,3026,-1,2956,3026,2954,-1,2954,3026,3025,-1,2954,3025,2958,-1,2958,3025,3014,-1,2958,3014,2943,-1,2938,3007,3021,-1,2938,3021,2949,-1,2949,3021,3020,-1,2949,3020,2948,-1,2948,3020,3019,-1,2948,3019,2947,-1,2947,3019,3018,-1,2947,3018,2950,-1,2950,3018,2931,-1,2950,2931,2929,-1,3030,2959,2960,-1,3030,2960,3035,-1,3035,2960,2953,-1,3035,2953,3032,-1,3032,2953,2952,-1,3032,2952,3033,-1,3033,2952,2951,-1,3033,2951,3034,-1,3034,2951,2966,-1,3034,2966,3036,-1,3036,2966,2942,-1,3036,2942,3012,-1,2985,2987,2984,-1,2984,2987,2989,-1,2984,2989,2968,-1,2968,2989,3003,-1,2968,3003,2969,-1,2969,3003,3001,-1,2969,3001,2999,-1,2999,2997,2969,-1,2969,2997,2993,-1,2969,2993,2992,-1,
        ]
    }
}
Shape{
    appearance Appearance {
        material  Material 	{
            diffuseColor 0.996078431372549 0.8705882352941177 0.7607843137254902
            specularColor 0.4980392156862745 0.43529411764705883 0.3803921568627451
            ambientIntensity 0.8956
            transparency 0.0
            shininess 0.5
        }
    }
    geometry IndexedFaceSet {
        ccw TRUE
        solid FALSE
        coord DEF co Coordinate {
            point [
                5.687 -1.4264 0.0079, 5.687 -1.373 0.0079, 5.687 -1.373 0.441, 5.687 -0.669 0.5534, 5.687 -0.6437 0.5534, 5.687 -0.6437 0.5762, 5.687 -0.5808 0.6004, 5.687 -0.589 0.6223, 5.687 -0.6184 0.6223, 5.687 -1.1425 0.4731, 5.687 -1.1427 0.4727, 5.687 -0.9235 0.4727, 5.687 -1.0688 0.6894, 5.687 -1.0565 0.6811, 5.687 -0.9235 0.6811, 5.687 -1.0434 0.6723, 5.687 -1.0247 0.6507, 5.687 -0.9609 0.5762, 5.687 -0.9235 0.5762, 5.687 -0.966 0.5889, 5.687 -0.9776 0.6051, 5.687 -0.9931 0.6181, 5.687 -1.0127 0.6274, 5.687 -1.0101 0.6265, 5.687 -1.1753 0.6883, 5.687 -1.1491 0.6985, 5.687 -1.373 0.7388, 5.687 -1.1209 0.7019, 5.687 -0.9235 0.7388, 5.687 -1.0974 0.6995, 5.687 -1.373 0.6811, 5.687 -1.2498 0.653, 5.687 -1.2273 0.6558, 5.687 -1.3194 0.5689, 5.687 -1.3181 0.5762, 5.687 -1.373 0.5762, 5.687 -1.3156 0.5903, 5.687 -1.3065 0.6108, 5.687 -1.2928 0.6285, 5.687 -1.1869 0.6811, 5.687 -1.1892 0.6797, 5.687 -1.2026 0.6683, 5.687 -1.2208 0.6555, 5.687 -1.2142 0.6547, 5.687 -1.289 0.6321, 5.687 -1.2709 0.6448, 5.687 -1.2501 0.4742, 5.687 -1.2574 0.4764, 5.687 -1.373 0.4727, 5.687 -1.2779 0.4865, 5.687 -1.2956 0.5016, 5.687 -1.3086 0.52, 5.687 -1.3167 0.5412, 5.687 -1.3195 0.5636, 5.687 -1.2195 0.441, 5.687 -1.2249 0.4433, 5.687 -1.236 0.4517, 5.687 -1.2445 0.4621, 5.687 -1.2494 0.4727, 5.687 -0.9343 0.1063, 5.687 -0.9343 0.0079, 5.687 -0.9235 0.1063, 5.687 -0.9235 0.441, 5.687 -1.196 0.4355, 5.687 -1.1984 0.4356, 5.687 -1.2118 0.4377, 5.687 -1.1491 0.4603, 5.687 -1.1585 0.4497, 5.687 -1.1699 0.4419, 5.687 -1.1724 0.441, 5.687 -1.1826 0.4371, 5.687 -1.1533 0.5306, 5.687 -1.077 0.5704, 5.687 -1.1632 0.5396, 5.687 -1.1753 0.5461, 5.687 -1.0735 0.5038, 5.687 -1.07 0.5063, 5.687 -1.0594 0.5403, 5.687 -0.9921 0.5587, 5.687 -0.9951 0.5695, 5.687 -0.9991 0.5762, 5.687 -1.2823 0.5762, 5.687 -1.0661 0.5078, 5.687 -1.0617 0.5084, 5.687 -1.0611 0.5083, 5.687 -1.279 0.5423, 5.687 -1.2717 0.53, 5.687 -1.243 0.5249, 5.687 -1.2614 0.5196, 5.687 -1.2495 0.5124, 5.687 -0.966 0.5146, 5.687 -0.9774 0.4987, 5.687 -0.9928 0.4856, 5.687 -1.0102 0.4771, 5.687 -1.2219 0.5436, 5.687 -1.2336 0.5356, 5.687 -1.2837 0.5647, 5.687 -1.283 0.5563, 5.687 -0.959 0.5715, 5.687 -0.9563 0.5528, 5.687 -0.9589 0.5326, 5.687 -1.0594 0.508, 5.687 -1.0582 0.5078, 5.687 -1.0326 0.5078, 5.687 -1.0793 0.4907, 5.687 -1.0792 0.493, 5.687 -1.1391 0.4981, 5.687 -1.078 0.4973, 5.687 -1.0758 0.5012, 5.687 -1.0034 0.5219, 5.687 -0.9972 0.5306, 5.687 -0.9931 0.5407, 5.687 -0.9916 0.5522, 5.687 -1.0698 0.4751, 5.687 -1.0735 0.4777, 5.687 -1.0748 0.4791, 5.687 -1.0773 0.4826, 5.687 -1.0788 0.4865, 5.687 -1.1393 0.4872, 5.687 -1.1391 0.4924, 5.687 -1.2093 0.5483, 5.687 -1.196 0.5499, 5.687 -1.189 0.5495, 5.687 -1.0292 0.4731, 5.687 -1.0628 0.4731, 5.687 -1.066 0.4736, 5.687 -1.0217 0.51, 5.687 -1.0117 0.5148, 5.687 -1.0531 0.6312, 5.687 -1.066 0.6465, 5.687 -1.1966 0.6131, 5.687 -1.067 0.6474, 5.687 -1.083 0.6585, 5.687 -1.1878 0.6312, 5.687 -1.2011 0.6156, 5.687 -1.2138 0.6201, 5.687 -1.0007 0.5791, 5.687 -1.0061 0.585, 5.687 -1.036 0.5966, 5.687 -1.0149 0.5912, 5.687 -1.0248 0.5952, 5.687 -1.0406 0.5966, 5.687 -1.0442 0.6129, 5.687 -1.2267 0.6217, 5.687 -1.232 0.6214, 5.687 -1.2821 0.5782, 5.687 -1.2773 0.5909, 5.687 -1.175 0.6465, 5.687 -1.1009 0.6654, 5.687 -1.1599 0.6575, 5.687 -1.1203 0.6678, 5.687 -1.1414 0.6651, 5.687 -1.2461 0.6183, 5.687 -1.2589 0.6117, 5.687 -1.2695 0.6023, 5.687 -0.5694 0.6004, 5.687 -0.6184 0.5762, 5.687 -0.5999 0.6805, 5.687 0.2862 0.5762, 5.687 0.2862 0.6811, 5.687 -0.6184 0.6811, 5.687 -0.611 0.6805, 5.687 -0.6184 0.661, 5.687 -0.63 0.6004, 5.687 -0.6415 0.6004, 5.687 -0.6223 0.6223, 5.687 -0.728 0.6712, 5.687 -0.7187 0.6811, 5.687 -0.728 0.6805, 5.687 -0.7373 0.6811, 5.687 -0.7373 0.6805, 5.687 -0.7589 0.6365, 5.687 -0.7589 0.6095, 5.687 -0.7373 0.6365, 5.687 -0.7373 0.6095, 5.687 -0.7303 0.6365, 5.687 -0.7262 0.6095, 5.687 -0.7303 0.6456, 5.687 -0.7589 0.6712, 5.687 -0.7589 0.6456, 5.687 -0.7373 0.6712, 5.687 -0.7373 0.6456, 5.687 -0.7693 0.6004, 5.687 -0.7739 0.5762, 5.687 -0.7373 0.6004, 5.687 -0.7373 0.5762, 5.687 -0.7262 0.6004, 5.687 -0.7187 0.5762, 5.687 -0.7693 0.6805, 5.687 -0.7739 0.6811, 5.687 -0.7961 0.6811, 5.687 -0.7932 0.6809, 5.687 -0.7853 0.6785, 5.687 -0.7853 0.6677, 5.687 -0.7853 0.6136, 5.687 -0.7853 0.6037, 5.687 -0.8026 0.6084, 5.687 -0.7935 0.61, 5.687 -0.8344 0.6388, 5.687 -0.8344 0.6395, 5.687 -0.8271 0.6624, 5.687 -0.8308 0.6567, 5.687 -0.8333 0.6496, 5.687 -0.7948 0.6714, 5.687 -0.8042 0.6725, 5.687 -0.8077 0.6723, 5.687 -0.8146 0.6709, 5.687 -0.8331 0.6289, 5.687 -0.8306 0.6224, 5.687 -0.8266 0.6167, 5.687 -0.8192 0.6112, 5.687 -0.8134 0.6091, 5.687 -0.806 0.6082, 5.687 -0.8214 0.6012, 5.687 -0.8289 0.6049, 5.687 -0.8417 0.5762, 5.687 -0.835 0.61, 5.687 -0.8363 0.6114, 5.687 -0.7866 0.6684, 5.687 -0.8209 0.6679, 5.687 -0.826 0.6636, 5.687 -0.8246 0.6148, 5.687 -0.793 0.6007, 5.687 -0.8075 0.599, 5.687 -0.8128 0.5993, 5.687 -0.8035 0.6818, 5.687 -0.7739 0.7388, 5.687 -0.8043 0.6818, 5.687 -0.8417 0.7388, 5.687 -0.8103 0.6811, 5.687 -0.8417 0.6811, 5.687 -0.8235 0.6775, 5.687 -0.815 0.6806, 5.687 -0.8393 0.6629, 5.687 -0.8337 0.67, 5.687 -0.8314 0.6722, 5.687 -0.8409 0.6184, 5.687 -0.8417 0.6206, 5.687 -0.8465 0.5762, 5.687 -0.8465 0.6811, 5.687 -0.8432 0.654, 5.687 -0.8417 0.6574, 5.687 -0.844 0.627, 5.687 -0.8453 0.6389, 5.687 -0.8451 0.6437, 5.687 0.2862 0.1063, 5.687 0.2862 0.441, 5.687 -0.6184 0.1063, 5.687 -0.6184 0.441, 5.687 -0.6437 0.1063, 5.687 -0.6437 0.441, 5.687 -0.6744 0.1063, 5.687 -0.6744 0.441, 5.687 -0.7187 0.1063, 5.687 -0.7187 0.441, 5.687 -0.7373 0.1063, 5.687 -0.7373 0.441, 5.687 -0.7739 0.1063, 5.687 -0.7739 0.441, 5.687 -0.8417 0.441, 5.687 -0.8417 0.1063, 5.687 -0.8465 0.1063, 5.687 -0.8465 0.441, 5.687 -0.6437 0.6811, 5.687 -0.6744 0.6811, 5.687 -0.6744 0.6786, 5.687 -0.6659 0.6753, 5.687 -0.658 0.6699, 5.687 -0.6547 0.6665, 5.687 -0.6462 0.6358, 5.687 -0.6483 0.6265, 5.687 -0.6523 0.6183, 5.687 -0.658 0.6116, 5.687 -0.6498 0.6594, 5.687 -0.647 0.6516, 5.687 -0.6459 0.6414, 5.687 -0.6663 0.6057, 5.687 -0.6744 0.6024, 5.687 -0.6744 0.5762, 5.687 -0.6754 0.6021, 5.687 -0.6891 0.6004, 5.687 -0.7111 0.6004, 5.687 -0.7111 0.6805, 5.687 -0.6883 0.6805, 5.687 -0.6755 0.679, 5.687 -0.836 0.4979, 5.687 -0.8339 0.5008, 5.687 -0.8325 0.5168, 5.687 -0.8107 0.4741, 5.687 -0.8145 0.4727, 5.687 -0.8022 0.4734, 5.687 -0.8072 0.4764, 5.687 -0.8298 0.4742, 5.687 -0.8417 0.4727, 5.687 -0.826 0.4727, 5.687 -0.8258 0.4727, 5.687 -0.8364 0.4807, 5.687 -0.8376 0.4841, 5.687 -0.8381 0.4887, 5.687 -0.8025 0.53, 5.687 -0.7769 0.5219, 5.687 -0.775 0.5246, 5.687 -0.8308 0.5034, 5.687 -0.8264 0.5056, 5.687 -0.8261 0.5209, 5.687 -0.8191 0.5073, 5.687 -0.8104 0.5234, 5.687 -0.8138 0.5237, 5.687 -0.8198 0.5231, 5.687 -0.8332 0.4765, 5.687 -0.8343 0.4777, 5.687 -0.8022 0.4822, 5.687 -0.8024 0.4822, 5.687 -0.804 0.4798, 5.687 -0.8381 0.4901, 5.687 -0.8374 0.4944, 5.687 -0.7991 0.5281, 5.687 -0.7965 0.5255, 5.687 -0.7781 0.5187, 5.687 -0.7944 0.5222, 5.687 -0.7929 0.5176, 5.687 -0.8066 0.5313, 5.687 -0.8128 0.5319, 5.687 -0.8222 0.5308, 5.687 -0.8325 0.5265, 5.687 -0.8298 0.5281, 5.687 -0.8022 0.5097, 5.687 -0.8025 0.5142, 5.687 -0.8036 0.5177, 5.687 -0.8047 0.5198, 5.687 -0.774 0.5044, 5.687 -0.7786 0.4857, 5.687 -0.7739 0.5043, 5.687 -0.7746 0.4833, 5.687 -0.7739 0.483, 5.687 -0.7756 0.5061, 5.687 -0.777 0.5082, 5.687 -0.7921 0.5102, 5.687 -0.7781 0.5112, 5.687 -0.7785 0.5151, 5.687 -0.8063 0.5214, 5.687 -0.808 0.5225, 5.687 -0.82 0.472, 5.687 -0.8148 0.4726, 5.687 -0.7786 0.4754, 5.687 -0.7921 0.4734, 5.687 -0.7739 0.4738, 5.687 -0.7739 0.4727, 5.687 -0.7714 0.4729, 5.687 -0.7696 0.4727, 5.687 -0.7566 0.4727, 5.687 -0.763 0.472, 5.687 -0.7373 0.4727, 5.687 -0.7549 0.4729, 5.687 -0.7427 0.5293, 5.687 -0.7427 0.5196, 5.687 -0.7721 0.5273, 5.687 -0.7691 0.5291, 5.687 -0.7404 0.4849, 5.687 -0.7416 0.4817, 5.687 -0.7435 0.4791, 5.687 -0.7739 0.5257, 5.687 -0.7636 0.5311, 5.687 -0.7562 0.5319, 5.687 -0.7507 0.5315, 5.687 -0.7433 0.4984, 5.687 -0.7414 0.4956, 5.687 -0.7403 0.4927, 5.687 -0.7399 0.4889, 5.687 -0.7464 0.4766, 5.687 -0.7494 0.4748, 5.687 -0.7572 0.5237, 5.687 -0.7602 0.5235, 5.687 -0.7682 0.516, 5.687 -0.7629 0.5228, 5.687 -0.7651 0.5216, 5.687 -0.7681 0.5147, 5.687 -0.7677 0.5131, 5.687 -0.7669 0.5118, 5.687 -0.766 0.5107, 5.687 -0.7624 0.5085, 5.687 -0.7506 0.523, 5.687 -0.7562 0.5058, 5.687 -0.745 0.5209, 5.687 -0.7523 0.5042, 5.687 -0.7457 0.5005, 5.687 -0.7666 0.5203, 5.687 -0.7675 0.519, 5.687 -0.768 0.5176, 5.687 -0.7683 0.4809, 5.687 -0.7633 0.4985, 5.687 -0.7693 0.5012, 5.687 -0.7621 0.4802, 5.687 -0.7616 0.4802, 5.687 -0.7567 0.4957, 5.687 -0.7565 0.4808, 5.687 -0.7502 0.4879, 5.687 -0.7503 0.4892, 5.687 -0.7539 0.4817, 5.687 -0.753 0.4823, 5.687 -0.7518 0.4833, 5.687 -0.7509 0.4846, 5.687 -0.7504 0.486, 5.687 -0.7508 0.4908, 5.687 -0.7516 0.4921, 5.687 -0.7528 0.4934, 5.687 -0.6902 0.5306, 5.687 -0.6798 0.5306, 5.687 -0.6744 0.4727, 5.687 -0.7086 0.4876, 5.687 -0.7073 0.4829, 5.687 -0.7071 0.4829, 5.687 -0.7187 0.5166, 5.687 -0.7058 0.4875, 5.687 -0.7066 0.4848, 5.687 -0.7187 0.4897, 5.687 -0.7347 0.5306, 5.687 -0.7235 0.5306, 5.687 -0.7126 0.4727, 5.687 -0.7123 0.4735, 5.687 -0.7187 0.4595, 5.687 -0.7186 0.4595, 5.687 -0.7187 0.4727, 5.687 -0.7167 0.4631, 5.687 -0.7326 0.4562, 5.687 -0.7326 0.4472, 5.687 -0.7306 0.4555, 5.687 -0.727 0.455, 5.687 -0.7245 0.4553, 5.687 -0.7187 0.4482, 5.687 -0.7221 0.4469, 5.687 -0.7262 0.4464, 5.687 -0.7284 0.4465, 5.687 -0.7224 0.4561, 5.687 -0.7205 0.4574, 5.687 -0.7058 0.4647, 5.687 -0.7103 0.4559, 5.687 -0.7026 0.4727, 5.687 -0.714 0.4515, 5.687 -0.7147 0.4509, 5.687 -0.7182 0.4484, 5.687 -0.6278 0.5534, 5.687 -0.6278 0.5442, 5.687 -0.6259 0.4825, 5.687 -0.6184 0.4727, 5.687 -0.6259 0.4734, 5.687 -0.6437 0.4727, 5.687 -0.6587 0.5094, 5.687 -0.6587 0.4825, 5.687 -0.6437 0.5094, 5.687 -0.6437 0.4825, 5.687 -0.63 0.5094, 5.687 -0.63 0.5186, 5.687 -0.6437 0.5186, 5.687 -0.6437 0.5442, 5.687 -0.6587 0.5186, 5.687 -0.6587 0.5442, 5.687 -0.6437 0.4734, 5.687 -0.669 0.4734, 5.687 -0.5459 0.5087, 5.687 -0.548 0.4995, 5.687 -0.5412 0.4734, 5.687 -0.552 0.4912, 5.687 -0.5577 0.4846, 5.687 -0.5107 0.5534, 5.687 -0.4996 0.5534, 5.687 -0.588 0.5534, 5.687 -0.5752 0.552, 5.687 -0.5456 0.5144, 5.687 -0.5468 0.5246, 5.687 -0.566 0.4786, 5.687 -0.5751 0.4751, 5.687 -0.5888 0.4734, 5.687 -0.5577 0.5428, 5.687 -0.5544 0.5395, 5.687 -0.5496 0.5324, 5.687 -0.4887 0.4953, 5.687 -0.5221 0.4953, 5.687 -0.4806 0.4734, 5.687 -0.5298 0.4734, 5.687 0.2862 0.4727, 5.687 -0.5656 0.5483, 5.687 -0.4691 0.4734, 5.687 -0.6108 0.4734, 5.687 -0.6108 0.5534, 5.687 0.2862 0.7388, 5.687 -0.6184 0.7388, 5.687 -0.6437 0.7388, 5.687 -0.6744 0.7388, 5.687 -0.7187 0.7388, 5.687 -0.7373 0.7388, 5.687 -0.8465 0.4727, 5.687 -0.8477 0.4825, 5.687 -0.8477 0.4734, 5.687 -0.8908 0.4734, 5.687 -0.8495 0.5442, 5.687 -0.8908 0.5534, 5.687 -0.8495 0.5534, 5.687 -0.8804 0.5094, 5.687 -0.8804 0.4825, 5.687 -0.8518 0.5094, 5.687 -0.8518 0.5186, 5.687 -0.8804 0.5186, 5.687 -0.8804 0.5442, 5.687 -0.8804 0.6805, 5.687 -0.8804 0.6095, 5.687 -0.8485 0.6095, 5.687 -0.8908 0.6004, 5.687 -0.8908 0.6805, 5.687 -0.8485 0.6004, 5.687 -0.8465 0.7388, 5.687 -1.4264 0.441, 5.687 -1.4264 0.4727, 5.687 -1.4264 0.5762, 5.687 -1.4264 0.6811, 5.687 -1.4264 0.7388, 5.687 0.2862 0.7756, 5.687 -0.6184 0.7756, 5.687 -0.6437 0.7756, 5.687 -0.6744 0.7756, 5.687 -0.7187 0.7756, 5.687 -0.7373 0.7756, 5.687 -0.7739 0.7756, 5.687 -0.8417 0.7756, 5.687 -0.8465 0.7756, 5.687 -0.9235 0.7756, 5.687 -1.373 0.7756, 5.687 -1.4264 0.7756, 5.0978 -0.9343 0.1355, 5.1017 -0.9343 0.126, 5.0177 -0.9343 0.0079, 5.108 -0.9343 0.1178, 5.1161 -0.9343 0.1116, 5.0965 -0.9343 0.1457, 5.0177 -0.9343 0.2047, 5.0965 -0.9343 0.2047, 5.1358 -0.9343 0.1063, 5.1256 -0.9343 0.1076, -5.1201 -0.9343 0.1116, -5.1119 -0.9343 0.1178, -5.0217 -0.9343 0.0079, -5.1296 -0.9343 0.1076, -5.1057 -0.9343 0.126, -5.1017 -0.9343 0.1355, -5.0217 -0.9343 0.2047, -5.1004 -0.9343 0.1457, -5.1004 -0.9343 0.2047, -5.6909 -0.9343 0.0079, -5.6909 -0.9343 0.1063, -5.1398 -0.9343 0.1063, 0.5098 -0.1862 0.6772, 0.5098 0.2862 0.6772, 0.5177 0.2862 0.6772, 0.2657 0.2862 0.6772, 0.2736 0.2862 0.6772, 0.2264 0.2469 0.6772, 0.2736 -0.1862 0.6772, 0.5571 0.2469 0.6772, 0.5571 -0.7374 0.6772, 0.2264 -0.7374 0.6772, 0.5098 -0.1862 0.126, 0.4311 -0.1862 0.126, 0.4311 -1.4264 0.126, 0.7461 -1.4264 0.126, 0.7461 -0.1862 0.126, 0.6673 -0.1862 0.126, 0.6673 0.2272 0.126, 0.5098 0.2272 0.126, 5.2343 -1.4264 0.7756, 0.0374 -1.4264 0.126, 0.0374 -1.4264 0.185, -0.0413 -1.4264 0.185, -1.1437 -1.4264 0.126, -1.1437 -1.4264 0.185, -1.2224 -1.4264 0.185, 5.2343 -1.4264 0.2047, 4.8406 -1.4264 0.2047, 4.8406 -1.4264 0.185, 4.6831 -1.4264 0.185, 4.6831 -1.4264 0.126, -0.0413 -1.4264 0.126, -0.3563 -1.4264 0.126, -5.6909 -1.4264 0.0079, 4.3681 -1.4264 0.185, 4.2894 -1.4264 0.185, 4.3681 -1.4264 0.126, 4.2894 -1.4264 0.126, 0.3524 -1.4264 0.126, 0.3524 -1.4264 0.185, 0.4311 -1.4264 0.185, -1.9311 -1.4264 0.126, -1.9311 -1.4264 0.185, -2.0098 -1.4264 0.185, -0.3563 -1.4264 0.185, -0.435 -1.4264 0.185, -0.435 -1.4264 0.126, -0.75 -1.4264 0.126, -1.2224 -1.4264 0.126, -1.5374 -1.4264 0.126, -0.8287 -1.4264 0.126, -0.8287 -1.4264 0.185, -0.75 -1.4264 0.185, -2.0098 -1.4264 0.126, -2.3248 -1.4264 0.126, -1.6161 -1.4264 0.126, -1.6161 -1.4264 0.185, -1.5374 -1.4264 0.185, -3.1122 -1.4264 0.126, -3.1122 -1.4264 0.185, -3.1909 -1.4264 0.185, -3.1909 -1.4264 0.126, -3.5059 -1.4264 0.126, -2.3248 -1.4264 0.185, -2.4035 -1.4264 0.185, -2.4035 -1.4264 0.126, -2.7185 -1.4264 0.126, -2.7972 -1.4264 0.126, -2.7972 -1.4264 0.185, -2.7185 -1.4264 0.185, -3.8996 -1.4264 0.126, -3.8996 -1.4264 0.185, -3.9783 -1.4264 0.185, -3.9783 -1.4264 0.126, -4.2933 -1.4264 0.126, -3.5846 -1.4264 0.126, -3.5846 -1.4264 0.185, -3.5059 -1.4264 0.185, 1.2185 -1.4264 0.126, 1.2185 -1.4264 0.185, 1.1398 -1.4264 0.185, 3.9744 -1.4264 0.126, -4.2933 -1.4264 0.185, -4.372 -1.4264 0.185, -4.372 -1.4264 0.126, -4.687 -1.4264 0.126, -4.8445 -1.4264 0.185, -4.687 -1.4264 0.185, 0.8248 -1.4264 0.185, 0.7461 -1.4264 0.185, 0.8248 -1.4264 0.126, -5.2382 -1.4264 0.7756, -5.6909 -1.4264 0.7756, -5.2382 -1.4264 0.2047, -4.8445 -1.4264 0.2047, 3.9744 -1.4264 0.185, 3.8957 -1.4264 0.185, 3.8957 -1.4264 0.126, 3.5807 -1.4264 0.126, 3.5807 -1.4264 0.185, 3.502 -1.4264 0.185, 3.502 -1.4264 0.126, 3.187 -1.4264 0.126, 1.1398 -1.4264 0.126, 3.187 -1.4264 0.185, 3.1083 -1.4264 0.185, 3.1083 -1.4264 0.126, 2.7933 -1.4264 0.126, 2.7933 -1.4264 0.185, 2.7146 -1.4264 0.185, 2.7146 -1.4264 0.126, 2.3996 -1.4264 0.126, 2.3996 -1.4264 0.185, 2.3209 -1.4264 0.185, 2.3209 -1.4264 0.126, 2.0059 -1.4264 0.126, 2.0059 -1.4264 0.185, 1.9272 -1.4264 0.185, 1.9272 -1.4264 0.126, 1.6122 -1.4264 0.126, 1.5335 -1.4264 0.126, 1.5335 -1.4264 0.185, 1.6122 -1.4264 0.185, 4.8406 0.2272 0.0079, -4.8445 0.2272 0.0079, -5.0217 0.2862 0.0079, -4.8445 0.2862 0.0079, 4.8406 0.2862 0.0079, 5.0177 0.2862 0.0079, -4.8445 0.2272 0.126, -4.6083 0.2272 0.126, -4.4508 0.2272 0.126, -4.2146 0.2272 0.126, -4.0571 0.2272 0.126, -3.8209 0.2272 0.126, -3.6634 0.2272 0.126, -3.4272 0.2272 0.126, -3.2697 0.2272 0.126, -3.0335 0.2272 0.126, -2.876 0.2272 0.126, -2.6398 0.2272 0.126, -2.4823 0.2272 0.126, -2.2461 0.2272 0.126, -2.0886 0.2272 0.126, -1.8524 0.2272 0.126, -1.6949 0.2272 0.126, -0.5138 0.2272 0.126, -0.2776 0.2272 0.126, -0.1201 0.2272 0.126, 0.1161 0.2272 0.126, 0.9035 0.2272 0.126, 1.061 0.2272 0.126, 1.2972 0.2272 0.126, 1.4547 0.2272 0.126, 1.6909 0.2272 0.126, 1.8484 0.2272 0.126, 0.2736 0.2272 0.126, 2.0846 0.2272 0.126, 2.2421 0.2272 0.126, 2.4783 0.2272 0.126, -1.4587 0.2272 0.126, -1.3012 0.2272 0.126, -1.065 0.2272 0.126, 2.6358 0.2272 0.126, 2.872 0.2272 0.126, 3.0295 0.2272 0.126, -0.9075 0.2272 0.126, -0.6713 0.2272 0.126, 3.2657 0.2272 0.126, 3.4232 0.2272 0.126, 3.6594 0.2272 0.126, 3.8169 0.2272 0.126, 4.0531 0.2272 0.126, 4.2106 0.2272 0.126, 4.4469 0.2272 0.126, 4.6043 0.2272 0.126, 4.8406 0.2272 0.126, 4.6043 0.2862 0.6772, 4.5965 0.2862 0.6772, 4.5965 0.2862 0.7283, -4.8445 0.2862 0.126, -5.0217 0.2862 0.4016, 5.5295 0.2862 0.6378, 5.2343 0.2862 0.6378, 4.4547 0.2862 0.7283, 3.4232 0.2862 0.6772, 3.4154 0.2862 0.6772, 3.4154 0.2862 0.7283, 4.2028 0.2862 0.6772, 4.2028 0.2862 0.7283, 4.2106 0.2862 0.6772, 4.4469 0.2862 0.6772, 4.2106 0.2862 0.126, 4.4469 0.2862 0.126, -4.6083 0.2862 0.126, -4.6083 0.2862 0.6772, -5.2382 0.2862 0.6378, -5.1004 0.2862 0.4016, -5.2382 0.2862 0.2047, -5.1004 0.2862 0.1457, -5.1017 0.2862 0.1355, 4.061 0.2862 0.7283, 4.4547 0.2862 0.6772, 5.5295 0.2862 0.2047, 5.2343 0.2862 0.2047, 5.1358 0.2862 0.1063, 5.1256 0.2862 0.1076, 3.8091 0.2862 0.6772, 3.8091 0.2862 0.7283, 3.8169 0.2862 0.6772, 4.0531 0.2862 0.6772, 3.8169 0.2862 0.126, 4.0531 0.2862 0.126, 5.0177 0.2862 0.4016, 4.8406 0.2862 0.126, 4.6043 0.2862 0.126, -5.1057 0.2862 0.126, -5.1119 0.2862 0.1178, -5.1201 0.2862 0.1116, 3.2736 0.2862 0.7283, 3.2736 0.2862 0.6772, 3.2657 0.2862 0.6772, 5.1161 0.2862 0.1116, 5.108 0.2862 0.1178, 5.1017 0.2862 0.126, 5.0978 0.2862 0.1355, 5.0965 0.2862 0.1457, 5.0965 0.2862 0.4016, 3.6594 0.2862 0.126, 3.4232 0.2862 0.126, 3.6594 0.2862 0.6772, 3.0295 0.2862 0.6772, 3.0217 0.2862 0.6772, 3.0217 0.2862 0.7283, 2.8799 0.2862 0.7283, 2.8799 0.2862 0.6772, 2.872 0.2862 0.6772, 2.6358 0.2862 0.6772, 2.628 0.2862 0.6772, 2.628 0.2862 0.7283, 2.4862 0.2862 0.7283, 2.4862 0.2862 0.6772, 2.4783 0.2862 0.6772, 2.2421 0.2862 0.6772, 2.2343 0.2862 0.6772, 2.2343 0.2862 0.7283, 2.0925 0.2862 0.7283, 2.0925 0.2862 0.6772, 2.0846 0.2862 0.6772, 1.8484 0.2862 0.6772, 1.8406 0.2862 0.6772, 1.8406 0.2862 0.7283, 1.6988 0.2862 0.7283, 1.6988 0.2862 0.6772, 1.6909 0.2862 0.6772, 1.4547 0.2862 0.6772, 1.4469 0.2862 0.6772, 1.4469 0.2862 0.7283, 1.3051 0.2862 0.7283, 1.3051 0.2862 0.6772, 1.2972 0.2862 0.6772, 1.061 0.2862 0.6772, 1.0531 0.2862 0.6772, 1.0531 0.2862 0.7283, 0.9114 0.2862 0.7283, 0.9114 0.2862 0.6772, 0.9035 0.2862 0.6772, 0.6673 0.2862 0.6772, 0.6594 0.2862 0.6772, 0.6594 0.2862 0.7283, 0.5177 0.2862 0.7283, 0.2657 0.2862 0.7283, 0.124 0.2862 0.7283, 0.124 0.2862 0.6772, 0.1161 0.2862 0.6772, -0.1201 0.2862 0.6772, -0.128 0.2862 0.6772, -0.128 0.2862 0.7283, -0.2697 0.2862 0.7283, -0.2697 0.2862 0.6772, -0.2776 0.2862 0.6772, -0.5138 0.2862 0.6772, -0.5217 0.2862 0.6772, -0.5217 0.2862 0.7283, -0.6634 0.2862 0.7283, -0.6634 0.2862 0.6772, -0.6713 0.2862 0.6772, -1.3012 0.2862 0.6772, -1.3091 0.2862 0.6772, -1.3091 0.2862 0.7283, -0.9075 0.2862 0.6772, -0.9154 0.2862 0.6772, -0.9154 0.2862 0.7283, -1.4508 0.2862 0.7283, -1.4508 0.2862 0.6772, -1.4587 0.2862 0.6772, -1.065 0.2862 0.6772, -1.065 0.2862 0.126, -1.3012 0.2862 0.126, -1.6949 0.2862 0.6772, -1.7028 0.2862 0.6772, -1.7028 0.2862 0.7283, -1.8445 0.2862 0.7283, -1.8445 0.2862 0.6772, -1.8524 0.2862 0.6772, -2.0886 0.2862 0.6772, -2.0965 0.2862 0.6772, -2.0965 0.2862 0.7283, -2.2382 0.2862 0.7283, -2.2382 0.2862 0.6772, -2.2461 0.2862 0.6772, -2.876 0.2862 0.6772, -2.8839 0.2862 0.6772, -2.8839 0.2862 0.7283, -2.4823 0.2862 0.6772, -2.4902 0.2862 0.6772, -2.4902 0.2862 0.7283, 3.6673 0.2862 0.7283, 3.6673 0.2862 0.6772, -3.0256 0.2862 0.7283, -3.0256 0.2862 0.6772, -3.0335 0.2862 0.6772, -2.6398 0.2862 0.6772, -2.6398 0.2862 0.126, -2.876 0.2862 0.126, 4.061 0.2862 0.6772, -5.6909 0.2862 0.7756, -3.2697 0.2862 0.6772, -3.2776 0.2862 0.6772, -3.2776 0.2862 0.7283, 3.2657 0.2862 0.126, 3.0295 0.2862 0.126, -1.0571 0.2862 0.7283, -1.0571 0.2862 0.6772, 2.872 0.2862 0.126, 2.6358 0.2862 0.126, -3.813 0.2862 0.7283, -3.813 0.2862 0.6772, -3.8209 0.2862 0.6772, -4.4508 0.2862 0.6772, -4.4587 0.2862 0.6772, -4.4587 0.2862 0.7283, -1.4587 0.2862 0.126, -1.6949 0.2862 0.126, -2.6319 0.2862 0.7283, -2.6319 0.2862 0.6772, -3.6713 0.2862 0.6772, -3.6713 0.2862 0.7283, -3.6634 0.2862 0.6772, -3.4272 0.2862 0.6772, -3.6634 0.2862 0.126, -3.4272 0.2862 0.126, 2.4783 0.2862 0.126, 2.2421 0.2862 0.126, -1.8524 0.2862 0.126, -2.0886 0.2862 0.126, -3.4193 0.2862 0.7283, -3.2697 0.2862 0.126, -3.0335 0.2862 0.126, -3.8209 0.2862 0.126, -4.0571 0.2862 0.126, -4.0571 0.2862 0.6772, 2.0846 0.2862 0.126, 1.8484 0.2862 0.126, -2.4823 0.2862 0.126, -2.2461 0.2862 0.126, -4.2146 0.2862 0.6772, -4.2146 0.2862 0.126, -4.4508 0.2862 0.126, 1.6909 0.2862 0.126, 1.4547 0.2862 0.126, -4.2067 0.2862 0.7283, -4.2067 0.2862 0.6772, -4.6004 0.2862 0.7283, -4.065 0.2862 0.7283, -5.1296 0.2862 0.1076, -5.1398 0.2862 0.1063, -5.5335 0.2862 0.2047, -5.6909 0.2862 0.1063, -5.5335 0.2862 0.6378, -4.6004 0.2862 0.6772, 1.2972 0.2862 0.126, 1.061 0.2862 0.126, -3.4193 0.2862 0.6772, -4.065 0.2862 0.6772, 0.9035 0.2862 0.126, 0.6673 0.2862 0.126, 0.5098 0.2862 0.126, 0.2736 0.2862 0.126, 0.1161 0.2862 0.126, -0.1201 0.2862 0.126, -0.2776 0.2862 0.126, -0.5138 0.2862 0.126, -0.9075 0.2862 0.126, -0.6713 0.2862 0.126, 0.7461 -0.1862 0.185, 0.8248 -0.1862 0.126, 0.9035 -0.1862 0.126, 0.8248 -0.1862 0.185, 0.9035 -0.1862 0.6772, 0.6673 -0.1862 0.6772, 0.6201 0.2469 0.6772, 0.9508 0.2469 0.6772, 0.9508 -0.7374 0.6772, 0.6201 -0.7374 0.6772, -5.6713 0.2665 0.7953, -5.6713 -1.4067 0.7953, -5.2579 -1.4067 0.7953, -5.2579 -0.5799 0.7953, -4.8248 -0.5799 0.7953, 5.6673 0.2665 0.7953, 5.2539 -1.4067 0.7953, 5.6673 -1.4067 0.7953, 5.2539 -0.5799 0.7953, 4.8209 -0.5799 0.7953, 4.8209 -0.7177 0.7953, -4.8248 -0.7177 0.7953, 0.2736 -0.1862 0.126, 0.3524 -0.1862 0.126, 0.3524 -0.1862 0.185, 0.4311 -0.1862 0.185, 0.5571 -0.7374 0.7283, 0.5571 0.2469 0.7283, 0.6201 -0.7374 0.7283, 0.6201 0.2469 0.7283, 1.1398 -0.1862 0.126, 1.061 -0.1862 0.126, 1.1398 -0.1862 0.185, 1.2185 -0.1862 0.126, 1.2972 -0.1862 0.126, 1.2185 -0.1862 0.185, 1.2972 -0.1862 0.6772, 1.061 -0.1862 0.6772, 1.0138 0.2469 0.6772, 1.3445 0.2469 0.6772, 1.3445 -0.7374 0.6772, 1.0138 -0.7374 0.6772, 0.9508 -0.7374 0.7283, 0.9508 0.2469 0.7283, 1.0138 0.2469 0.7283, 1.0138 -0.7374 0.7283, 4.8406 -0.5996 0.2047, 4.8406 -0.5996 0.6772, 4.8406 -0.1862 0.6772, 4.8406 -0.1862 0.185, 5.0965 -0.5996 0.2047, 5.0965 -0.5996 0.4016, 5.0177 -0.5996 0.4016, 5.0177 -0.5996 0.2047, 4.6043 -0.1862 0.126, 4.6831 -0.1862 0.126, 4.6831 -0.1862 0.185, 4.6043 -0.1862 0.6772, 4.5571 0.2469 0.6772, 4.5571 -0.7374 0.6772, 4.8406 -0.7374 0.6772, 1.5335 -0.1862 0.126, 1.4547 -0.1862 0.126, 1.5335 -0.1862 0.185, 1.6122 -0.1862 0.126, 1.6909 -0.1862 0.126, 1.6122 -0.1862 0.185, 1.6909 -0.1862 0.6772, 1.4547 -0.1862 0.6772, 1.4075 0.2469 0.6772, 1.7382 0.2469 0.6772, 1.7382 -0.7374 0.6772, 1.4075 -0.7374 0.6772, 1.3445 -0.7374 0.7283, 1.3445 0.2469 0.7283, 1.4075 0.2469 0.7283, 1.4075 -0.7374 0.7283, 1.9272 -0.1862 0.126, 1.8484 -0.1862 0.126, 1.9272 -0.1862 0.185, 2.0059 -0.1862 0.126, 2.0846 -0.1862 0.126, 2.0059 -0.1862 0.185, 2.0846 -0.1862 0.6772, 1.8484 -0.1862 0.6772, 1.8012 0.2469 0.6772, 2.1319 0.2469 0.6772, 2.1319 -0.7374 0.6772, 1.8012 -0.7374 0.6772, 1.7382 -0.7374 0.7283, 1.7382 0.2469 0.7283, 1.8012 -0.7374 0.7283, 1.8012 0.2469 0.7283, 2.3209 -0.1862 0.126, 2.2421 -0.1862 0.126, 2.3209 -0.1862 0.185, 2.3996 -0.1862 0.126, 2.4783 -0.1862 0.126, 2.3996 -0.1862 0.185, 2.4783 -0.1862 0.6772, 2.2421 -0.1862 0.6772, 2.1949 0.2469 0.6772, 2.5256 0.2469 0.6772, 2.5256 -0.7374 0.6772, 2.1949 -0.7374 0.6772, 2.1319 -0.7374 0.7283, 2.1319 0.2469 0.7283, 2.1949 -0.7374 0.7283, 2.1949 0.2469 0.7283, 2.7146 -0.1862 0.126, 2.6358 -0.1862 0.126, 2.7146 -0.1862 0.185, 2.7933 -0.1862 0.126, 2.872 -0.1862 0.126, 2.7933 -0.1862 0.185, 2.872 -0.1862 0.6772, 2.6358 -0.1862 0.6772, 2.5886 0.2469 0.6772, 2.9193 0.2469 0.6772, 2.9193 -0.7374 0.6772, 2.5886 -0.7374 0.6772, 2.5256 -0.7374 0.7283, 2.5256 0.2469 0.7283, 2.5886 -0.7374 0.7283, 2.5886 0.2469 0.7283, 3.1083 -0.1862 0.126, 3.0295 -0.1862 0.126, 3.1083 -0.1862 0.185, 3.187 -0.1862 0.126, 3.2657 -0.1862 0.126, 3.187 -0.1862 0.185, 3.2657 -0.1862 0.6772, 3.0295 -0.1862 0.6772, 2.9823 0.2469 0.6772, 3.313 0.2469 0.6772, 3.313 -0.7374 0.6772, 2.9823 -0.7374 0.6772, 2.9193 -0.7374 0.7283, 2.9193 0.2469 0.7283, 2.9823 -0.7374 0.7283, 2.9823 0.2469 0.7283, 3.502 -0.1862 0.126, 3.4232 -0.1862 0.126, 3.502 -0.1862 0.185, 3.5807 -0.1862 0.126, 3.6594 -0.1862 0.126, 3.5807 -0.1862 0.185, 3.6594 -0.1862 0.6772, 3.4232 -0.1862 0.6772, 3.376 0.2469 0.6772, 3.7067 0.2469 0.6772, 3.7067 -0.7374 0.6772, 3.376 -0.7374 0.6772, 3.313 -0.7374 0.7283, 3.313 0.2469 0.7283, 3.376 -0.7374 0.7283, 3.376 0.2469 0.7283, 3.8957 -0.1862 0.126, 3.8169 -0.1862 0.126, 3.8957 -0.1862 0.185, 3.9744 -0.1862 0.126, 4.0531 -0.1862 0.126, 3.9744 -0.1862 0.185, 4.0531 -0.1862 0.6772, 3.8169 -0.1862 0.6772, 3.7697 0.2469 0.6772, 4.1004 0.2469 0.6772, 4.1004 -0.7374 0.6772, 3.7697 -0.7374 0.6772, 3.7067 -0.7374 0.7283, 3.7067 0.2469 0.7283, 3.7697 -0.7374 0.7283, 3.7697 0.2469 0.7283, 4.2894 -0.1862 0.126, 4.2106 -0.1862 0.126, 4.2894 -0.1862 0.185, 4.3681 -0.1862 0.126, 4.4469 -0.1862 0.126, 4.3681 -0.1862 0.185, 4.4469 -0.1862 0.6772, 4.2106 -0.1862 0.6772, 4.1634 0.2469 0.6772, 4.4941 0.2469 0.6772, 4.4941 -0.7374 0.6772, 4.1634 -0.7374 0.6772, 4.1004 -0.7374 0.7283, 4.1004 0.2469 0.7283, 4.1634 -0.7374 0.7283, 4.1634 0.2469 0.7283, 4.4941 -0.7374 0.7283, 4.4941 0.2469 0.7283, 4.5571 -0.7374 0.7283, 4.5571 0.2469 0.7283, -0.2776 -0.1862 0.6772, -0.561 0.2469 0.6772, -0.5138 -0.1862 0.6772, -0.2303 0.2469 0.6772, -0.2303 -0.7374 0.6772, -0.561 -0.7374 0.6772, -0.2776 -0.1862 0.126, -0.3563 -0.1862 0.126, -0.0413 -0.1862 0.126, -0.1201 -0.1862 0.126, -0.0413 -0.1862 0.185, 0.0374 -0.1862 0.126, 0.1161 -0.1862 0.126, 0.0374 -0.1862 0.185, 0.1161 -0.1862 0.6772, -0.1201 -0.1862 0.6772, -0.1673 0.2469 0.6772, 0.1634 0.2469 0.6772, 0.1634 -0.7374 0.6772, -0.1673 -0.7374 0.6772, -0.5138 -0.1862 0.126, -0.435 -0.1862 0.126, -0.435 -0.1862 0.185, -0.3563 -0.1862 0.185, -0.2303 -0.7374 0.7283, -0.2303 0.2469 0.7283, -0.1673 -0.7374 0.7283, -0.1673 0.2469 0.7283, -1.3012 -0.1862 0.126, -1.2224 -0.1862 0.126, -1.2224 -0.1862 0.185, -1.1437 -0.1862 0.126, -1.065 -0.1862 0.126, -1.1437 -0.1862 0.185, -1.065 -0.1862 0.6772, -1.3012 -0.1862 0.6772, -1.6949 -0.1862 0.126, -1.6161 -0.1862 0.126, -1.6161 -0.1862 0.185, -1.5374 -0.1862 0.126, -1.4587 -0.1862 0.126, -1.5374 -0.1862 0.185, -1.4587 -0.1862 0.6772, -1.6949 -0.1862 0.6772, -2.0886 -0.1862 0.126, -2.0098 -0.1862 0.126, -2.0098 -0.1862 0.185, -1.9311 -0.1862 0.126, -1.8524 -0.1862 0.126, -1.9311 -0.1862 0.185, -1.8524 -0.1862 0.6772, -2.0886 -0.1862 0.6772, -2.4823 -0.1862 0.126, -2.4035 -0.1862 0.126, -2.4035 -0.1862 0.185, -2.3248 -0.1862 0.126, -2.2461 -0.1862 0.126, -2.3248 -0.1862 0.185, -2.2461 -0.1862 0.6772, -2.4823 -0.1862 0.6772, -2.876 -0.1862 0.126, -2.7972 -0.1862 0.126, -2.7972 -0.1862 0.185, -2.7185 -0.1862 0.126, -2.6398 -0.1862 0.126, -2.7185 -0.1862 0.185, -2.6398 -0.1862 0.6772, -2.876 -0.1862 0.6772, -3.2697 -0.1862 0.126, -3.1909 -0.1862 0.126, -3.1909 -0.1862 0.185, -3.1122 -0.1862 0.126, -3.0335 -0.1862 0.126, -3.1122 -0.1862 0.185, -3.0335 -0.1862 0.6772, -3.2697 -0.1862 0.6772, -3.6634 -0.1862 0.126, -3.5846 -0.1862 0.126, -3.5846 -0.1862 0.185, -3.5059 -0.1862 0.126, -3.4272 -0.1862 0.126, -3.5059 -0.1862 0.185, -3.4272 -0.1862 0.6772, -3.6634 -0.1862 0.6772, -4.0571 -0.1862 0.126, -3.9783 -0.1862 0.126, -3.9783 -0.1862 0.185, -3.8996 -0.1862 0.126, -3.8209 -0.1862 0.126, -3.8996 -0.1862 0.185, -3.8209 -0.1862 0.6772, -4.0571 -0.1862 0.6772, -4.687 -0.1862 0.126, -4.6083 -0.1862 0.126, -4.687 -0.1862 0.185, -4.6083 -0.1862 0.6772, -4.8445 -0.1862 0.185, -4.8445 -0.1862 0.6772, -4.4508 -0.1862 0.126, -4.372 -0.1862 0.126, -4.372 -0.1862 0.185, -4.2933 -0.1862 0.126, -4.2146 -0.1862 0.126, -4.2933 -0.1862 0.185, -4.2146 -0.1862 0.6772, -4.4508 -0.1862 0.6772, -0.9075 -0.1862 0.126, -0.8287 -0.1862 0.126, -0.8287 -0.1862 0.185, -0.75 -0.1862 0.126, -0.6713 -0.1862 0.126, -0.75 -0.1862 0.185, -0.6713 -0.1862 0.6772, -0.9075 -0.1862 0.6772, -0.624 -0.7374 0.6772, -0.624 0.2469 0.6772, -0.624 -0.7374 0.7283, -0.624 0.2469 0.7283, -0.9547 -0.7374 0.7283, -0.9547 0.2469 0.7283, -0.9547 -0.7374 0.6772, -0.9547 0.2469 0.6772, -1.0177 -0.7374 0.6772, -1.0177 0.2469 0.6772, -1.0177 -0.7374 0.7283, -1.0177 0.2469 0.7283, -1.3484 -0.7374 0.7283, -1.3484 0.2469 0.7283, -1.3484 -0.7374 0.6772, -1.3484 0.2469 0.6772, -1.4114 -0.7374 0.6772, -1.4114 0.2469 0.6772, -1.4114 -0.7374 0.7283, -1.4114 0.2469 0.7283, -1.7421 -0.7374 0.7283, -1.7421 0.2469 0.7283, -1.7421 -0.7374 0.6772, -1.7421 0.2469 0.6772, -1.8051 -0.7374 0.6772, -1.8051 0.2469 0.6772, -1.8051 -0.7374 0.7283, -1.8051 0.2469 0.7283, -2.1358 -0.7374 0.7283, -2.1358 0.2469 0.7283, -2.1358 -0.7374 0.6772, -2.1358 0.2469 0.6772, -2.1988 -0.7374 0.6772, -2.1988 0.2469 0.6772, -2.1988 -0.7374 0.7283, -2.1988 0.2469 0.7283, -2.5295 -0.7374 0.7283, -2.5295 0.2469 0.7283, -2.5295 -0.7374 0.6772, -2.5295 0.2469 0.6772, -2.5925 -0.7374 0.6772, -2.5925 0.2469 0.6772, -2.5925 -0.7374 0.7283, -2.5925 0.2469 0.7283, -2.9232 -0.7374 0.7283, -2.9232 0.2469 0.7283, -2.9232 -0.7374 0.6772, -2.9232 0.2469 0.6772, -2.9862 -0.7374 0.6772, -2.9862 0.2469 0.6772, -2.9862 -0.7374 0.7283, -2.9862 0.2469 0.7283, -3.3169 -0.7374 0.7283, -3.3169 0.2469 0.7283, -3.3169 -0.7374 0.6772, -3.3169 0.2469 0.6772, -3.3799 -0.7374 0.6772, -3.3799 0.2469 0.6772, -3.3799 -0.7374 0.7283, -3.3799 0.2469 0.7283, -3.7106 -0.7374 0.7283, -3.7106 0.2469 0.7283, -3.7106 -0.7374 0.6772, -3.7106 0.2469 0.6772, -3.7736 -0.7374 0.6772, -3.7736 0.2469 0.6772, -3.7736 -0.7374 0.7283, -3.7736 0.2469 0.7283, -4.1043 -0.7374 0.7283, -4.1043 0.2469 0.7283, -4.1043 -0.7374 0.6772, -4.1043 0.2469 0.6772, -4.1673 -0.7374 0.6772, -4.1673 0.2469 0.6772, -4.1673 -0.7374 0.7283, -4.1673 0.2469 0.7283, -4.498 -0.7374 0.7283, -4.498 0.2469 0.7283, -4.498 -0.7374 0.6772, -4.498 0.2469 0.6772, -4.561 -0.7374 0.6772, -4.561 0.2469 0.6772, -4.561 -0.7374 0.7283, -4.561 0.2469 0.7283, -4.8445 -0.5996 0.2047, -4.8445 -0.5996 0.6772, -5.1004 -0.5996 0.2047, -5.1004 -0.5996 0.4016, -5.0217 -0.5996 0.4016, -5.0217 -0.5996 0.2047, -4.8445 -0.7374 0.6772, -0.561 -0.7374 0.7283, -0.561 0.2469 0.7283
            ]
        }
        coordIndex [
            0,1,2,-1,3,4,5,-1,6,7,8,-1,9,10,11,-1,12,13,14,-1,14,13,15,-1,14,15,16,-1,17,18,19,-1,19,18,14,-1,19,14,20,-1,20,14,21,-1,16,22,14,-1,14,22,23,-1,14,23,21,-1,24,25,26,-1,26,25,27,-1,26,27,28,-1,28,27,29,-1,30,31,32,-1,33,34,35,-1,35,34,36,-1,35,36,30,-1,30,36,37,-1,30,37,38,-1,24,26,39,-1,39,26,30,-1,39,30,40,-1,40,30,32,-1,40,32,41,-1,41,32,42,-1,41,42,43,-1,38,44,30,-1,30,44,45,-1,30,45,31,-1,46,47,48,-1,48,47,49,-1,48,49,50,-1,50,51,48,-1,48,51,52,-1,48,52,35,-1,35,52,53,-1,35,53,33,-1,2,54,55,-1,55,56,2,-1,2,56,57,-1,2,57,48,-1,48,57,58,-1,48,58,46,-1,54,2,59,-1,59,2,1,-1,59,1,60,-1,59,61,62,-1,63,64,59,-1,59,64,65,-1,59,65,54,-1,11,10,62,-1,62,10,66,-1,62,66,67,-1,67,68,62,-1,62,68,69,-1,62,69,59,-1,59,69,70,-1,59,70,63,-1,71,72,73,-1,73,72,74,-1,75,76,77,-1,78,79,72,-1,72,79,80,-1,72,80,81,-1,76,82,77,-1,77,82,83,-1,77,83,84,-1,85,86,87,-1,87,86,88,-1,87,88,89,-1,90,91,11,-1,11,91,92,-1,11,92,93,-1,94,81,95,-1,95,81,96,-1,95,96,87,-1,87,96,97,-1,87,97,85,-1,17,98,18,-1,18,98,99,-1,18,99,11,-1,11,99,100,-1,11,100,90,-1,84,101,77,-1,77,101,102,-1,77,102,103,-1,104,105,106,-1,106,105,107,-1,106,107,77,-1,77,107,108,-1,77,108,75,-1,109,110,77,-1,77,110,111,-1,77,111,72,-1,72,111,112,-1,72,112,78,-1,113,114,9,-1,9,114,115,-1,115,116,9,-1,9,116,117,-1,9,117,118,-1,118,117,104,-1,118,104,119,-1,119,104,106,-1,94,120,81,-1,81,120,121,-1,81,121,72,-1,72,121,122,-1,72,122,74,-1,93,123,11,-1,11,123,124,-1,11,124,9,-1,9,124,125,-1,9,125,113,-1,103,126,77,-1,77,126,127,-1,77,127,109,-1,128,129,130,-1,129,131,130,-1,130,131,132,-1,130,132,133,-1,80,130,81,-1,81,130,134,-1,81,134,135,-1,136,137,138,-1,138,137,139,-1,138,139,140,-1,136,138,80,-1,80,138,141,-1,80,141,130,-1,130,141,142,-1,130,142,128,-1,135,143,81,-1,81,143,144,-1,81,144,145,-1,145,144,146,-1,133,132,147,-1,147,132,148,-1,147,148,149,-1,149,148,150,-1,149,150,151,-1,152,153,144,-1,144,153,154,-1,144,154,146,-1,155,6,156,-1,157,155,158,-1,158,159,157,-1,157,159,160,-1,157,160,161,-1,161,160,162,-1,163,164,5,-1,6,8,156,-1,156,8,165,-1,156,165,163,-1,166,167,168,-1,168,167,169,-1,168,169,170,-1,171,172,173,-1,173,172,174,-1,173,174,175,-1,175,174,176,-1,175,176,177,-1,178,179,180,-1,180,179,181,-1,180,181,166,-1,182,183,184,-1,184,183,185,-1,184,185,186,-1,186,185,187,-1,186,187,176,-1,170,169,188,-1,188,169,189,-1,188,189,182,-1,190,191,189,-1,189,191,192,-1,189,192,193,-1,194,195,183,-1,196,197,198,-1,198,197,194,-1,198,194,199,-1,200,201,194,-1,194,201,202,-1,194,202,199,-1,203,204,194,-1,194,204,205,-1,194,205,206,-1,207,208,209,-1,210,211,198,-1,198,211,212,-1,198,212,196,-1,213,214,215,-1,215,214,216,-1,215,216,217,-1,182,189,183,-1,183,189,193,-1,183,193,194,-1,194,193,218,-1,194,218,203,-1,206,219,194,-1,194,219,220,-1,194,220,200,-1,207,209,198,-1,198,209,221,-1,198,221,210,-1,195,222,183,-1,183,222,223,-1,183,223,215,-1,215,223,224,-1,215,224,213,-1,225,226,227,-1,227,226,228,-1,227,228,229,-1,230,231,232,-1,233,234,230,-1,230,234,235,-1,230,235,231,-1,217,236,215,-1,215,236,237,-1,215,237,238,-1,239,240,230,-1,230,240,241,-1,230,241,233,-1,237,242,238,-1,238,242,243,-1,238,243,239,-1,239,243,244,-1,239,244,240,-1,245,246,247,-1,247,246,248,-1,247,248,249,-1,249,248,250,-1,249,250,251,-1,251,250,252,-1,251,252,253,-1,253,252,254,-1,253,254,255,-1,255,254,256,-1,255,256,257,-1,258,259,260,-1,260,259,261,-1,261,259,262,-1,261,262,61,-1,263,264,265,-1,265,266,263,-1,263,266,267,-1,263,267,268,-1,269,270,5,-1,5,270,271,-1,5,271,272,-1,268,273,263,-1,263,273,274,-1,263,274,275,-1,162,160,164,-1,164,160,263,-1,164,263,5,-1,5,263,275,-1,5,275,269,-1,276,277,278,-1,278,277,279,-1,280,281,187,-1,187,281,167,-1,187,167,176,-1,176,167,166,-1,176,166,177,-1,177,166,181,-1,281,282,167,-1,167,282,283,-1,167,283,264,-1,264,283,284,-1,264,284,265,-1,285,286,287,-1,288,289,290,-1,288,290,291,-1,292,293,294,-1,294,293,295,-1,296,297,293,-1,293,297,298,-1,299,300,301,-1,286,302,287,-1,287,302,303,-1,287,303,304,-1,304,303,305,-1,306,307,305,-1,305,307,308,-1,305,308,304,-1,292,309,293,-1,293,309,310,-1,293,310,296,-1,311,312,290,-1,290,312,313,-1,290,313,291,-1,215,314,315,-1,299,316,300,-1,300,316,317,-1,300,317,318,-1,318,317,319,-1,318,319,320,-1,321,215,322,-1,322,215,323,-1,285,287,315,-1,315,287,324,-1,315,324,215,-1,215,324,325,-1,215,325,323,-1,326,327,305,-1,305,327,328,-1,305,328,329,-1,330,331,332,-1,332,331,333,-1,332,333,334,-1,335,336,337,-1,337,336,338,-1,337,338,320,-1,320,338,339,-1,320,339,318,-1,329,340,305,-1,305,340,341,-1,305,341,306,-1,342,259,343,-1,343,259,258,-1,343,258,289,-1,330,335,331,-1,331,335,337,-1,331,337,344,-1,344,337,345,-1,344,345,346,-1,346,345,347,-1,346,347,348,-1,348,347,349,-1,350,351,258,-1,351,349,258,-1,258,349,347,-1,258,347,289,-1,289,347,345,-1,289,345,290,-1,260,257,258,-1,258,257,256,-1,258,256,350,-1,350,256,352,-1,350,352,353,-1,354,355,352,-1,356,357,183,-1,358,359,352,-1,352,359,360,-1,321,299,215,-1,215,299,301,-1,215,301,183,-1,183,301,361,-1,183,361,356,-1,357,362,183,-1,183,362,363,-1,183,363,185,-1,185,363,364,-1,185,364,354,-1,365,366,355,-1,355,366,367,-1,355,367,352,-1,352,367,368,-1,352,368,358,-1,360,369,352,-1,352,369,370,-1,352,370,353,-1,371,372,373,-1,373,372,374,-1,373,374,375,-1,373,376,371,-1,371,376,377,-1,371,377,378,-1,378,379,371,-1,371,379,380,-1,371,380,381,-1,381,380,382,-1,381,382,383,-1,383,382,384,-1,383,384,355,-1,355,384,385,-1,355,385,365,-1,386,387,375,-1,375,387,388,-1,375,388,373,-1,389,390,334,-1,334,390,391,-1,334,391,332,-1,389,392,390,-1,390,392,393,-1,390,393,394,-1,394,393,395,-1,394,396,397,-1,395,398,394,-1,394,398,399,-1,394,399,400,-1,400,401,394,-1,394,401,402,-1,394,402,396,-1,397,403,394,-1,394,403,404,-1,394,404,405,-1,406,407,278,-1,278,407,408,-1,409,410,411,-1,279,280,278,-1,278,280,187,-1,278,187,406,-1,406,187,412,-1,406,412,413,-1,413,412,409,-1,413,409,414,-1,414,409,411,-1,415,416,352,-1,354,352,185,-1,185,352,416,-1,185,416,187,-1,187,416,417,-1,187,417,412,-1,418,419,415,-1,420,421,422,-1,422,421,423,-1,422,423,418,-1,418,415,422,-1,422,415,352,-1,422,352,424,-1,424,352,256,-1,424,256,425,-1,424,426,422,-1,422,426,427,-1,422,427,428,-1,429,430,254,-1,254,430,431,-1,254,431,256,-1,256,431,432,-1,256,432,425,-1,428,433,422,-1,422,433,434,-1,422,434,420,-1,435,436,252,-1,435,252,437,-1,436,438,252,-1,252,438,439,-1,252,439,254,-1,254,439,440,-1,254,440,429,-1,163,5,156,-1,156,5,4,-1,156,4,441,-1,441,442,156,-1,156,442,443,-1,156,443,444,-1,444,443,445,-1,444,445,446,-1,447,448,449,-1,449,448,450,-1,449,450,451,-1,451,450,443,-1,451,443,452,-1,452,443,442,-1,452,442,453,-1,453,442,454,-1,453,454,455,-1,455,454,456,-1,445,457,446,-1,446,457,458,-1,446,458,408,-1,408,458,3,-1,408,3,278,-1,278,3,5,-1,278,5,276,-1,276,5,272,-1,459,460,461,-1,461,460,462,-1,461,462,463,-1,156,464,465,-1,466,467,156,-1,459,461,468,-1,468,461,464,-1,468,464,469,-1,463,470,461,-1,461,470,471,-1,461,471,472,-1,473,474,464,-1,464,474,475,-1,464,475,469,-1,476,477,478,-1,478,477,479,-1,478,479,480,-1,156,467,464,-1,464,467,481,-1,464,481,473,-1,155,156,158,-1,158,156,465,-1,158,465,480,-1,480,465,482,-1,480,482,478,-1,479,461,480,-1,480,461,472,-1,480,472,444,-1,444,472,483,-1,444,483,156,-1,156,483,484,-1,156,484,466,-1,246,480,248,-1,248,480,444,-1,248,444,250,-1,250,444,446,-1,250,446,252,-1,252,446,408,-1,252,408,437,-1,437,408,407,-1,159,485,160,-1,160,485,486,-1,160,486,263,-1,263,486,487,-1,263,487,264,-1,264,487,488,-1,264,488,167,-1,167,488,489,-1,167,489,169,-1,169,489,490,-1,169,490,189,-1,189,490,226,-1,189,226,190,-1,190,226,225,-1,342,295,259,-1,259,295,293,-1,259,293,262,-1,262,293,491,-1,492,493,491,-1,491,493,494,-1,298,314,293,-1,293,314,215,-1,293,215,491,-1,491,215,238,-1,491,238,492,-1,492,238,495,-1,61,262,62,-1,62,262,491,-1,62,491,11,-1,11,491,494,-1,11,494,18,-1,18,494,496,-1,18,496,238,-1,238,496,497,-1,238,497,495,-1,498,499,500,-1,500,499,492,-1,500,492,501,-1,501,492,495,-1,501,495,502,-1,502,495,503,-1,504,505,506,-1,507,508,14,-1,14,508,504,-1,14,504,239,-1,239,504,506,-1,239,506,238,-1,238,506,509,-1,238,509,18,-1,18,509,507,-1,18,507,14,-1,232,229,230,-1,230,229,228,-1,230,228,239,-1,239,228,510,-1,239,510,14,-1,14,510,28,-1,14,28,12,-1,12,28,29,-1,0,2,511,-1,511,2,48,-1,511,48,512,-1,512,48,35,-1,512,35,513,-1,513,35,30,-1,513,30,514,-1,514,30,26,-1,514,26,515,-1,485,516,486,-1,486,516,517,-1,486,517,487,-1,487,517,518,-1,487,518,488,-1,488,518,519,-1,488,519,489,-1,489,519,520,-1,489,520,490,-1,490,520,521,-1,490,521,226,-1,226,521,522,-1,226,522,228,-1,228,522,523,-1,228,523,510,-1,510,523,524,-1,510,524,28,-1,28,524,525,-1,28,525,26,-1,26,525,526,-1,26,526,515,-1,515,526,527,-1,528,529,530,-1,530,529,531,-1,530,531,532,-1,528,530,533,-1,533,530,534,-1,533,534,535,-1,59,60,536,-1,536,60,530,-1,536,530,537,-1,537,530,532,-1,538,539,540,-1,538,540,541,-1,539,542,540,-1,540,542,543,-1,540,543,544,-1,544,543,545,-1,544,545,546,-1,547,548,540,-1,540,548,549,-1,540,549,541,-1,550,551,552,-1,553,554,555,-1,555,554,556,-1,552,557,550,-1,550,557,558,-1,550,558,556,-1,556,558,559,-1,556,559,555,-1,560,561,562,-1,563,564,565,-1,566,567,565,-1,565,567,560,-1,565,560,563,-1,563,560,562,-1,0,527,568,-1,569,570,571,-1,572,573,574,-1,568,575,0,-1,0,575,576,-1,0,576,577,-1,577,578,579,-1,580,581,582,-1,583,584,585,-1,585,584,586,-1,571,580,569,-1,569,580,582,-1,569,582,587,-1,587,582,562,-1,587,562,588,-1,588,562,589,-1,590,591,592,-1,593,594,581,-1,581,594,595,-1,581,595,582,-1,582,595,596,-1,597,598,582,-1,574,597,572,-1,572,597,582,-1,572,582,599,-1,599,582,596,-1,599,596,600,-1,600,596,601,-1,602,603,582,-1,592,602,590,-1,590,602,582,-1,590,582,604,-1,604,582,598,-1,604,598,605,-1,605,598,606,-1,607,608,609,-1,610,611,582,-1,612,613,603,-1,603,613,614,-1,603,614,582,-1,582,614,615,-1,609,610,607,-1,607,610,582,-1,607,582,616,-1,616,582,615,-1,616,615,617,-1,617,615,618,-1,619,620,621,-1,622,623,582,-1,621,622,619,-1,619,622,582,-1,619,582,624,-1,624,582,611,-1,624,611,625,-1,625,611,626,-1,627,628,629,-1,577,579,0,-1,0,579,585,-1,0,585,582,-1,582,585,586,-1,582,586,630,-1,631,632,623,-1,623,632,633,-1,623,633,582,-1,582,633,634,-1,582,634,635,-1,635,634,636,-1,637,638,639,-1,639,638,563,-1,640,641,642,-1,642,641,582,-1,642,582,643,-1,643,582,635,-1,644,645,630,-1,630,645,646,-1,630,646,582,-1,582,646,647,-1,648,649,647,-1,647,649,650,-1,647,650,582,-1,582,650,651,-1,652,639,582,-1,582,639,563,-1,582,563,562,-1,653,654,651,-1,651,654,655,-1,651,655,582,-1,582,655,656,-1,657,658,656,-1,656,658,659,-1,656,659,582,-1,582,659,660,-1,661,662,660,-1,660,662,663,-1,660,663,582,-1,582,663,664,-1,665,666,664,-1,664,666,667,-1,664,667,582,-1,582,667,668,-1,629,652,627,-1,627,652,582,-1,627,582,669,-1,669,582,668,-1,669,668,670,-1,670,668,671,-1,582,547,540,-1,530,60,0,-1,672,540,673,-1,673,540,674,-1,673,674,675,-1,676,677,672,-1,672,677,530,-1,672,530,540,-1,540,530,0,-1,540,0,582,-1,673,678,679,-1,679,680,673,-1,673,680,681,-1,673,681,682,-1,682,683,673,-1,673,683,684,-1,673,684,685,-1,685,686,673,-1,673,686,687,-1,673,687,688,-1,688,689,673,-1,673,689,690,-1,673,690,672,-1,672,690,691,-1,691,692,672,-1,672,692,693,-1,672,693,694,-1,695,696,672,-1,672,696,697,-1,672,697,698,-1,566,699,672,-1,672,699,700,-1,672,700,701,-1,701,702,672,-1,672,702,703,-1,672,703,704,-1,698,705,672,-1,672,705,567,-1,672,567,566,-1,704,706,672,-1,672,706,707,-1,672,707,708,-1,694,709,672,-1,672,709,710,-1,672,710,711,-1,708,712,672,-1,672,712,713,-1,672,713,714,-1,711,715,672,-1,672,715,716,-1,672,716,695,-1,714,717,672,-1,672,717,718,-1,672,718,719,-1,719,720,672,-1,672,720,721,-1,672,721,722,-1,722,723,672,-1,672,723,724,-1,672,724,725,-1,726,727,728,-1,675,674,729,-1,729,674,730,-1,731,732,516,-1,516,732,728,-1,516,728,733,-1,734,735,736,-1,737,738,739,-1,739,738,740,-1,739,740,741,-1,741,740,742,-1,743,729,744,-1,744,729,730,-1,744,730,745,-1,745,730,746,-1,745,746,747,-1,747,746,748,-1,747,748,749,-1,750,516,738,-1,738,516,733,-1,738,733,740,-1,740,733,751,-1,731,516,752,-1,752,516,245,-1,752,245,753,-1,753,245,754,-1,753,754,755,-1,756,757,758,-1,758,757,759,-1,758,759,760,-1,760,759,761,-1,677,676,762,-1,762,676,763,-1,762,763,764,-1,749,765,747,-1,747,765,766,-1,747,766,767,-1,768,769,770,-1,755,771,753,-1,753,771,772,-1,753,772,773,-1,773,774,753,-1,753,774,775,-1,753,775,732,-1,732,775,776,-1,732,776,728,-1,728,776,762,-1,728,762,726,-1,726,762,764,-1,777,778,779,-1,779,778,734,-1,780,781,782,-1,783,784,785,-1,786,787,788,-1,789,790,791,-1,792,793,794,-1,795,796,797,-1,798,799,800,-1,801,802,803,-1,804,805,806,-1,807,808,809,-1,810,811,812,-1,813,814,815,-1,816,817,818,-1,819,552,551,-1,554,553,820,-1,821,822,823,-1,824,825,826,-1,827,828,829,-1,830,831,832,-1,833,834,835,-1,836,837,838,-1,839,840,841,-1,842,843,844,-1,845,846,847,-1,848,849,850,-1,851,852,853,-1,854,855,856,-1,857,858,859,-1,860,861,862,-1,863,864,865,-1,734,736,779,-1,779,736,866,-1,779,866,867,-1,868,869,870,-1,871,872,873,-1,874,759,750,-1,750,759,757,-1,750,757,516,-1,516,757,866,-1,516,866,875,-1,875,866,736,-1,875,736,768,-1,876,877,878,-1,879,880,770,-1,770,880,780,-1,770,780,768,-1,768,780,782,-1,768,782,875,-1,875,782,783,-1,881,882,845,-1,875,838,842,-1,883,884,785,-1,785,884,786,-1,785,786,783,-1,783,786,788,-1,783,788,875,-1,875,788,789,-1,885,886,887,-1,888,889,890,-1,891,892,844,-1,844,892,848,-1,844,848,842,-1,842,848,850,-1,842,850,875,-1,875,850,851,-1,893,894,871,-1,895,896,897,-1,897,896,898,-1,897,898,899,-1,899,898,900,-1,901,902,791,-1,791,902,792,-1,791,792,789,-1,789,792,794,-1,789,794,875,-1,875,794,795,-1,875,862,868,-1,903,904,853,-1,853,904,854,-1,853,854,851,-1,851,854,856,-1,851,856,875,-1,875,856,857,-1,905,875,878,-1,878,875,868,-1,878,868,876,-1,876,868,870,-1,876,870,906,-1,906,870,907,-1,908,909,887,-1,887,909,910,-1,887,910,885,-1,911,912,797,-1,797,912,798,-1,797,798,795,-1,795,798,800,-1,795,800,875,-1,875,800,801,-1,873,860,871,-1,871,860,862,-1,871,862,893,-1,893,862,875,-1,893,875,865,-1,865,875,857,-1,865,857,863,-1,863,857,859,-1,863,859,913,-1,913,859,914,-1,915,916,917,-1,918,919,803,-1,803,919,804,-1,803,804,801,-1,801,804,806,-1,801,806,875,-1,875,806,807,-1,920,921,915,-1,890,922,875,-1,917,888,915,-1,915,888,890,-1,915,890,920,-1,920,890,875,-1,920,875,923,-1,767,924,747,-1,747,924,925,-1,747,925,926,-1,926,925,927,-1,926,927,928,-1,928,927,875,-1,928,875,745,-1,745,875,922,-1,745,922,744,-1,744,922,929,-1,930,931,809,-1,809,931,810,-1,809,810,807,-1,807,810,812,-1,807,812,875,-1,875,812,813,-1,932,898,905,-1,905,898,896,-1,905,896,875,-1,875,896,885,-1,875,885,923,-1,923,885,910,-1,923,910,933,-1,934,935,815,-1,815,935,816,-1,815,816,813,-1,813,816,818,-1,813,818,875,-1,875,818,819,-1,936,937,551,-1,551,937,554,-1,551,554,819,-1,819,554,820,-1,819,820,875,-1,875,820,821,-1,938,939,823,-1,823,939,824,-1,823,824,821,-1,821,824,826,-1,821,826,875,-1,875,826,827,-1,940,941,829,-1,829,941,830,-1,829,830,827,-1,827,830,832,-1,827,832,875,-1,875,832,833,-1,847,836,845,-1,845,836,838,-1,845,838,881,-1,881,838,875,-1,881,875,841,-1,841,875,833,-1,841,833,839,-1,839,833,835,-1,839,835,942,-1,942,835,943,-1,699,566,934,-1,934,566,935,-1,565,564,944,-1,945,946,947,-1,947,946,948,-1,947,948,944,-1,944,948,949,-1,944,949,565,-1,565,949,566,-1,566,949,816,-1,566,816,935,-1,948,815,814,-1,817,816,950,-1,950,816,949,-1,814,951,948,-1,948,951,952,-1,948,952,949,-1,949,952,953,-1,949,953,950,-1,954,955,956,-1,956,957,954,-1,954,957,958,-1,954,958,959,-1,960,961,962,-1,962,961,959,-1,962,959,963,-1,963,959,958,-1,963,958,964,-1,964,958,965,-1,937,936,705,-1,705,936,567,-1,966,967,968,-1,561,560,969,-1,969,560,550,-1,969,550,968,-1,968,550,556,-1,968,556,966,-1,936,551,567,-1,567,551,550,-1,567,550,560,-1,588,589,968,-1,968,589,969,-1,589,562,969,-1,969,562,561,-1,563,638,564,-1,564,638,944,-1,638,637,944,-1,944,637,947,-1,558,557,970,-1,970,557,971,-1,972,970,973,-1,973,970,971,-1,973,971,818,-1,818,971,819,-1,972,973,953,-1,953,973,950,-1,817,950,818,-1,818,950,973,-1,819,971,552,-1,552,971,557,-1,946,945,639,-1,652,974,975,-1,700,699,975,-1,975,699,946,-1,975,946,652,-1,652,946,639,-1,701,700,930,-1,930,700,931,-1,975,974,976,-1,977,978,979,-1,979,978,980,-1,979,980,976,-1,976,980,981,-1,976,981,975,-1,975,981,700,-1,700,981,810,-1,700,810,931,-1,980,809,808,-1,811,810,982,-1,982,810,981,-1,808,983,980,-1,980,983,984,-1,980,984,981,-1,981,984,985,-1,981,985,982,-1,934,815,699,-1,699,815,948,-1,699,948,946,-1,637,639,947,-1,947,639,945,-1,652,629,974,-1,974,629,976,-1,629,628,976,-1,976,628,979,-1,952,951,986,-1,986,951,987,-1,813,812,988,-1,989,986,988,-1,988,986,987,-1,988,987,813,-1,989,988,985,-1,985,988,982,-1,811,982,812,-1,812,982,988,-1,813,987,814,-1,814,987,951,-1,725,763,672,-1,672,763,676,-1,577,576,990,-1,991,992,990,-1,990,992,993,-1,990,993,577,-1,754,245,536,-1,536,245,59,-1,533,775,774,-1,533,774,528,-1,528,774,773,-1,528,773,529,-1,529,773,772,-1,529,772,531,-1,531,772,771,-1,531,771,532,-1,532,771,755,-1,532,755,537,-1,537,755,754,-1,537,754,536,-1,533,535,994,-1,995,776,994,-1,994,776,775,-1,994,775,533,-1,762,776,996,-1,996,776,995,-1,534,530,997,-1,997,530,677,-1,997,677,996,-1,996,677,762,-1,998,999,1000,-1,993,992,1000,-1,1000,992,1001,-1,1000,1001,998,-1,578,577,1000,-1,1000,577,993,-1,764,763,724,-1,724,763,725,-1,1001,992,991,-1,727,726,1002,-1,1002,726,1001,-1,1002,1001,1003,-1,1003,1001,991,-1,1003,991,1004,-1,978,977,627,-1,669,1005,1006,-1,702,701,1006,-1,1006,701,978,-1,1006,978,669,-1,669,978,627,-1,703,702,918,-1,918,702,919,-1,1006,1005,1007,-1,1008,1009,1010,-1,1010,1009,1011,-1,1010,1011,1007,-1,1007,1011,1012,-1,1007,1012,1006,-1,1006,1012,702,-1,702,1012,804,-1,702,804,919,-1,1011,803,802,-1,805,804,1013,-1,1013,804,1012,-1,802,1014,1011,-1,1011,1014,1015,-1,1011,1015,1012,-1,1012,1015,1016,-1,1012,1016,1013,-1,930,809,701,-1,701,809,980,-1,701,980,978,-1,628,627,979,-1,979,627,977,-1,669,670,1005,-1,1005,670,1007,-1,670,671,1007,-1,1007,671,1010,-1,984,983,1017,-1,1017,983,1018,-1,807,806,1019,-1,1020,1017,1019,-1,1019,1017,1018,-1,1019,1018,807,-1,1020,1019,1016,-1,1016,1019,1013,-1,805,1013,806,-1,806,1013,1019,-1,807,1018,808,-1,808,1018,983,-1,1009,1008,668,-1,667,1021,1022,-1,704,703,1022,-1,1022,703,1009,-1,1022,1009,667,-1,667,1009,668,-1,706,704,911,-1,911,704,912,-1,1022,1021,1023,-1,1024,1025,1026,-1,1026,1025,1027,-1,1026,1027,1023,-1,1023,1027,1028,-1,1023,1028,1022,-1,1022,1028,704,-1,704,1028,798,-1,704,798,912,-1,1027,797,796,-1,799,798,1029,-1,1029,798,1028,-1,796,1030,1027,-1,1027,1030,1031,-1,1027,1031,1028,-1,1028,1031,1032,-1,1028,1032,1029,-1,918,803,703,-1,703,803,1011,-1,703,1011,1009,-1,671,668,1010,-1,1010,668,1008,-1,667,666,1021,-1,1021,666,1023,-1,666,665,1023,-1,1023,665,1026,-1,1015,1014,1033,-1,1033,1014,1034,-1,1035,1033,1036,-1,1036,1033,1034,-1,1036,1034,800,-1,800,1034,801,-1,1035,1036,1032,-1,1032,1036,1029,-1,799,1029,800,-1,800,1029,1036,-1,801,1034,802,-1,802,1034,1014,-1,1025,1024,664,-1,663,1037,1038,-1,707,706,1038,-1,1038,706,1025,-1,1038,1025,663,-1,663,1025,664,-1,708,707,901,-1,901,707,902,-1,1038,1037,1039,-1,1040,1041,1042,-1,1042,1041,1043,-1,1042,1043,1039,-1,1039,1043,1044,-1,1039,1044,1038,-1,1038,1044,707,-1,707,1044,792,-1,707,792,902,-1,1043,791,790,-1,793,792,1045,-1,1045,792,1044,-1,790,1046,1043,-1,1043,1046,1047,-1,1043,1047,1044,-1,1044,1047,1048,-1,1044,1048,1045,-1,911,797,706,-1,706,797,1027,-1,706,1027,1025,-1,665,664,1026,-1,1026,664,1024,-1,663,662,1037,-1,1037,662,1039,-1,662,661,1039,-1,1039,661,1042,-1,1031,1030,1049,-1,1049,1030,1050,-1,1051,1049,1052,-1,1052,1049,1050,-1,1052,1050,794,-1,794,1050,795,-1,1051,1052,1048,-1,1048,1052,1045,-1,793,1045,794,-1,794,1045,1052,-1,795,1050,796,-1,796,1050,1030,-1,1041,1040,660,-1,659,1053,1054,-1,712,708,1054,-1,1054,708,1041,-1,1054,1041,659,-1,659,1041,660,-1,713,712,883,-1,883,712,884,-1,1054,1053,1055,-1,1056,1057,1058,-1,1058,1057,1059,-1,1058,1059,1055,-1,1055,1059,1060,-1,1055,1060,1054,-1,1054,1060,712,-1,712,1060,786,-1,712,786,884,-1,1059,785,784,-1,787,786,1061,-1,1061,786,1060,-1,784,1062,1059,-1,1059,1062,1063,-1,1059,1063,1060,-1,1060,1063,1064,-1,1060,1064,1061,-1,901,791,708,-1,708,791,1043,-1,708,1043,1041,-1,661,660,1042,-1,1042,660,1040,-1,659,658,1053,-1,1053,658,1055,-1,658,657,1055,-1,1055,657,1058,-1,1047,1046,1065,-1,1065,1046,1066,-1,1067,1065,1068,-1,1068,1065,1066,-1,1068,1066,788,-1,788,1066,789,-1,1067,1068,1064,-1,1064,1068,1061,-1,787,1061,788,-1,788,1061,1068,-1,789,1066,790,-1,790,1066,1046,-1,1057,1056,656,-1,655,1069,1070,-1,714,713,1070,-1,1070,713,1057,-1,1070,1057,655,-1,655,1057,656,-1,717,714,879,-1,879,714,880,-1,1070,1069,1071,-1,1072,1073,1074,-1,1074,1073,1075,-1,1074,1075,1071,-1,1071,1075,1076,-1,1071,1076,1070,-1,1070,1076,714,-1,714,1076,780,-1,714,780,880,-1,1075,770,769,-1,781,780,1077,-1,1077,780,1076,-1,769,1078,1075,-1,1075,1078,1079,-1,1075,1079,1076,-1,1076,1079,1080,-1,1076,1080,1077,-1,883,785,713,-1,713,785,1059,-1,713,1059,1057,-1,657,656,1058,-1,1058,656,1056,-1,655,654,1069,-1,1069,654,1071,-1,654,653,1071,-1,1071,653,1074,-1,1063,1062,1081,-1,1081,1062,1082,-1,1083,1081,1084,-1,1084,1081,1082,-1,1084,1082,782,-1,782,1082,783,-1,1083,1084,1080,-1,1080,1084,1077,-1,781,1077,782,-1,782,1077,1084,-1,783,1082,784,-1,784,1082,1062,-1,1073,1072,651,-1,650,1085,1086,-1,718,717,1086,-1,1086,717,1073,-1,1086,1073,650,-1,650,1073,651,-1,719,718,777,-1,777,718,778,-1,1086,1085,1087,-1,1088,1089,1090,-1,1090,1089,1091,-1,1090,1091,1087,-1,1087,1091,1092,-1,1087,1092,1086,-1,1086,1092,718,-1,718,1092,734,-1,718,734,778,-1,1091,779,867,-1,735,734,1093,-1,1093,734,1092,-1,867,1094,1091,-1,1091,1094,1095,-1,1091,1095,1092,-1,1092,1095,1096,-1,1092,1096,1093,-1,879,770,717,-1,717,770,1075,-1,717,1075,1073,-1,653,651,1074,-1,1074,651,1072,-1,650,649,1085,-1,1085,649,1087,-1,649,648,1087,-1,1087,648,1090,-1,1079,1078,1097,-1,1097,1078,1098,-1,1099,1097,1100,-1,1100,1097,1098,-1,1100,1098,736,-1,736,1098,768,-1,1099,1100,1096,-1,1096,1100,1093,-1,735,1093,736,-1,736,1093,1100,-1,768,1098,769,-1,769,1098,1078,-1,1089,1088,647,-1,646,1101,1102,-1,720,719,1102,-1,1102,719,1089,-1,1102,1089,646,-1,646,1089,647,-1,721,720,761,-1,761,720,760,-1,1102,1101,1103,-1,1104,1105,1106,-1,1106,1105,1107,-1,1106,1107,1103,-1,1103,1107,1108,-1,1103,1108,1102,-1,1102,1108,720,-1,720,1108,758,-1,720,758,760,-1,1107,759,874,-1,756,758,1109,-1,1109,758,1108,-1,874,1110,1107,-1,1107,1110,1111,-1,1107,1111,1108,-1,1108,1111,1112,-1,1108,1112,1109,-1,777,779,719,-1,719,779,1091,-1,719,1091,1089,-1,648,647,1090,-1,1090,647,1088,-1,646,645,1101,-1,1101,645,1103,-1,645,644,1103,-1,1103,644,1106,-1,1095,1094,1113,-1,1113,1094,1114,-1,1115,1113,1116,-1,1116,1113,1114,-1,1116,1114,757,-1,757,1114,866,-1,1115,1116,1112,-1,1112,1116,1109,-1,756,1109,757,-1,757,1109,1116,-1,866,1114,867,-1,867,1114,1094,-1,1105,1104,630,-1,586,1117,1118,-1,722,721,1118,-1,1118,721,1105,-1,1118,1105,586,-1,586,1105,630,-1,723,722,742,-1,742,722,741,-1,1118,1117,1119,-1,1120,1121,1122,-1,1122,1121,1123,-1,1122,1123,1119,-1,1119,1123,1124,-1,1119,1124,1118,-1,1118,1124,722,-1,722,1124,739,-1,722,739,741,-1,1123,740,751,-1,737,739,1125,-1,1125,739,1124,-1,751,1126,1123,-1,1123,1126,1127,-1,1123,1127,1124,-1,1124,1127,1128,-1,1124,1128,1125,-1,761,759,721,-1,721,759,1107,-1,721,1107,1105,-1,644,630,1106,-1,1106,630,1104,-1,586,584,1117,-1,1117,584,1119,-1,584,583,1119,-1,1119,583,1122,-1,1111,1110,1129,-1,1129,1110,1130,-1,1131,1129,1132,-1,1132,1129,1130,-1,1132,1130,738,-1,738,1130,750,-1,1131,1132,1128,-1,1128,1132,1125,-1,737,1125,738,-1,738,1125,1132,-1,750,1130,874,-1,874,1130,1110,-1,1121,1120,585,-1,579,999,998,-1,724,723,998,-1,998,723,1121,-1,998,1121,579,-1,579,1121,585,-1,998,1001,724,-1,724,1001,726,-1,724,726,764,-1,742,740,723,-1,723,740,1123,-1,723,1123,1121,-1,583,585,1122,-1,1122,585,1120,-1,579,578,999,-1,999,578,1000,-1,1127,1126,1133,-1,1133,1126,1134,-1,1135,1133,1136,-1,1136,1133,1134,-1,1136,1134,728,-1,728,1134,733,-1,1135,1136,1003,-1,1003,1136,1002,-1,727,1002,728,-1,728,1002,1136,-1,733,1134,751,-1,751,1134,1126,-1,1137,829,828,-1,831,830,1138,-1,1138,830,1139,-1,828,1140,1137,-1,1137,1140,1141,-1,1137,1141,1139,-1,1139,1141,1142,-1,1139,1142,1138,-1,1143,1144,581,-1,580,1145,1146,-1,697,696,1146,-1,1146,696,1143,-1,1146,1143,580,-1,580,1143,581,-1,698,697,938,-1,938,697,939,-1,1146,1145,1147,-1,1148,1149,1150,-1,1150,1149,1151,-1,1150,1151,1147,-1,1147,1151,1152,-1,1147,1152,1146,-1,1146,1152,697,-1,697,1152,824,-1,697,824,939,-1,1151,823,822,-1,825,824,1153,-1,1153,824,1152,-1,822,1154,1151,-1,1151,1154,1155,-1,1151,1155,1152,-1,1152,1155,1156,-1,1152,1156,1153,-1,941,940,695,-1,695,940,696,-1,1157,1158,1159,-1,1144,1143,1160,-1,1160,1143,1137,-1,1160,1137,1159,-1,1159,1137,1139,-1,1159,1139,1157,-1,940,829,696,-1,696,829,1137,-1,696,1137,1143,-1,594,593,1159,-1,1159,593,1160,-1,593,581,1160,-1,1160,581,1144,-1,580,571,1145,-1,1145,571,1147,-1,571,570,1147,-1,1147,570,1150,-1,1141,1140,1161,-1,1161,1140,1162,-1,1163,1161,1164,-1,1164,1161,1162,-1,1164,1162,826,-1,826,1162,827,-1,1163,1164,1156,-1,1156,1164,1153,-1,825,1153,826,-1,826,1153,1164,-1,827,1162,828,-1,828,1162,1140,-1,1165,1166,1167,-1,1168,1169,1170,-1,1170,1169,1171,-1,1170,1171,1167,-1,1167,1171,1172,-1,1167,1172,1165,-1,1173,1174,1175,-1,1176,1177,1178,-1,1178,1177,1179,-1,1178,1179,1175,-1,1175,1179,1180,-1,1175,1180,1173,-1,1181,1182,1183,-1,1184,1185,1186,-1,1186,1185,1187,-1,1186,1187,1183,-1,1183,1187,1188,-1,1183,1188,1181,-1,1189,1190,1191,-1,1192,1193,1194,-1,1194,1193,1195,-1,1194,1195,1191,-1,1191,1195,1196,-1,1191,1196,1189,-1,1197,1198,1199,-1,1200,1201,1202,-1,1202,1201,1203,-1,1202,1203,1199,-1,1199,1203,1204,-1,1199,1204,1197,-1,1205,1206,1207,-1,1208,1209,1210,-1,1210,1209,1211,-1,1210,1211,1207,-1,1207,1211,1212,-1,1207,1212,1205,-1,1213,1214,1215,-1,1216,1217,1218,-1,1218,1217,1219,-1,1218,1219,1215,-1,1215,1219,1220,-1,1215,1220,1213,-1,1221,1222,1223,-1,1224,1225,1226,-1,1226,1225,1227,-1,1226,1227,1223,-1,1223,1227,1228,-1,1223,1228,1221,-1,1229,1230,1231,-1,1231,1230,1232,-1,1231,1232,1233,-1,1233,1232,1234,-1,1235,1236,1237,-1,1238,1239,1240,-1,1240,1239,1241,-1,1240,1241,1237,-1,1237,1241,1242,-1,1237,1242,1235,-1,1243,1244,1245,-1,1246,1247,1248,-1,1248,1247,1249,-1,1248,1249,1245,-1,1245,1249,1250,-1,1245,1250,1243,-1,1231,1233,636,-1,636,1233,635,-1,636,634,1231,-1,1231,634,1229,-1,633,632,1236,-1,1236,632,1237,-1,632,631,1237,-1,1237,631,1240,-1,631,623,1240,-1,1240,623,1238,-1,622,621,1222,-1,1222,621,1223,-1,621,620,1223,-1,1223,620,1226,-1,620,619,1226,-1,1226,619,1224,-1,624,625,1214,-1,1214,625,1215,-1,625,626,1215,-1,1215,626,1218,-1,626,611,1218,-1,1218,611,1216,-1,610,609,1206,-1,1206,609,1207,-1,609,608,1207,-1,1207,608,1210,-1,608,607,1210,-1,1210,607,1208,-1,616,617,1198,-1,1198,617,1199,-1,617,618,1199,-1,1199,618,1202,-1,618,615,1202,-1,1202,615,1200,-1,614,613,1190,-1,1190,613,1191,-1,613,612,1191,-1,1191,612,1194,-1,612,603,1194,-1,1194,603,1192,-1,602,592,1182,-1,1182,592,1183,-1,592,591,1183,-1,1183,591,1186,-1,591,590,1186,-1,1186,590,1184,-1,604,605,1174,-1,1174,605,1175,-1,605,606,1175,-1,1175,606,1178,-1,606,598,1178,-1,1178,598,1176,-1,597,574,1166,-1,1166,574,1167,-1,574,573,1167,-1,1167,573,1170,-1,573,572,1170,-1,1170,572,1168,-1,599,600,1244,-1,1244,600,1245,-1,600,601,1245,-1,1245,601,1248,-1,601,596,1248,-1,1248,596,1246,-1,1251,1252,1253,-1,1253,1252,1254,-1,1255,1256,1257,-1,1257,1256,1258,-1,1259,1260,1261,-1,1261,1260,1262,-1,1263,1264,1265,-1,1265,1264,1266,-1,1267,1268,1269,-1,1269,1268,1270,-1,1271,1272,1273,-1,1273,1272,1274,-1,1275,1276,1277,-1,1277,1276,1278,-1,1279,1280,1281,-1,1281,1280,1282,-1,1283,1284,1285,-1,1285,1284,1286,-1,1287,1288,1289,-1,1289,1288,1290,-1,1291,1292,1293,-1,1293,1292,1294,-1,1295,1296,1297,-1,1297,1296,1298,-1,1299,1300,1301,-1,1301,1300,1302,-1,1303,1304,1305,-1,1305,1304,1306,-1,1307,1308,1309,-1,1309,1308,1310,-1,1311,1312,1313,-1,1313,1312,1314,-1,1315,1316,1317,-1,1317,1316,1318,-1,1319,1320,1321,-1,1321,1320,1322,-1,1323,1324,1325,-1,1325,1324,1326,-1,1327,1328,1329,-1,1329,1328,1330,-1,1331,1332,1333,-1,1333,1332,1334,-1,643,635,1335,-1,1335,635,1233,-1,1335,1233,1336,-1,1336,1233,1234,-1,547,582,548,-1,548,582,641,-1,548,641,927,-1,927,641,875,-1,927,925,548,-1,548,925,549,-1,549,925,924,-1,549,924,541,-1,541,924,767,-1,541,767,538,-1,538,767,766,-1,538,766,539,-1,539,766,765,-1,539,765,542,-1,542,765,749,-1,542,749,543,-1,543,749,748,-1,543,748,545,-1,546,545,1337,-1,1337,545,748,-1,1337,748,1338,-1,1338,748,746,-1,746,730,1338,-1,1338,730,1339,-1,540,544,1340,-1,1339,730,1340,-1,1340,730,674,-1,1340,674,540,-1,743,744,679,-1,679,744,1232,-1,679,1232,1230,-1,1232,744,929,-1,1336,1234,1232,-1,1341,1336,1331,-1,1331,1336,1232,-1,1331,1232,1332,-1,1332,1232,929,-1,922,1334,929,-1,929,1334,1332,-1,1327,1333,1328,-1,1328,1333,1334,-1,1328,1334,890,-1,890,1334,922,-1,889,1330,890,-1,890,1330,1328,-1,1235,1242,680,-1,680,1242,888,-1,680,888,917,-1,916,915,681,-1,681,915,1241,-1,681,1241,1239,-1,1241,915,921,-1,889,888,1330,-1,1330,888,1242,-1,921,1324,1241,-1,1241,1324,1323,-1,1241,1323,1242,-1,1242,1323,1329,-1,1242,1329,1330,-1,920,1326,921,-1,921,1326,1324,-1,1319,1325,1320,-1,1320,1325,1326,-1,1320,1326,923,-1,923,1326,920,-1,933,1322,923,-1,923,1322,1320,-1,1221,1228,682,-1,682,1228,910,-1,682,910,909,-1,908,887,683,-1,683,887,1227,-1,683,1227,1225,-1,1227,887,886,-1,933,910,1322,-1,1322,910,1228,-1,886,1316,1227,-1,1227,1316,1315,-1,1227,1315,1228,-1,1228,1315,1321,-1,1228,1321,1322,-1,885,1318,886,-1,886,1318,1316,-1,1311,1317,1312,-1,1312,1317,1318,-1,1312,1318,896,-1,896,1318,885,-1,895,1314,896,-1,896,1314,1312,-1,1213,1220,684,-1,684,1220,897,-1,684,897,899,-1,900,898,685,-1,685,898,1219,-1,685,1219,1217,-1,1219,898,932,-1,895,897,1314,-1,1314,897,1220,-1,932,1308,1219,-1,1219,1308,1307,-1,1219,1307,1220,-1,1220,1307,1313,-1,1220,1313,1314,-1,905,1310,932,-1,932,1310,1308,-1,1303,1309,1304,-1,1304,1309,1310,-1,1304,1310,878,-1,878,1310,905,-1,877,1306,878,-1,878,1306,1304,-1,1205,1212,686,-1,686,1212,876,-1,686,876,906,-1,907,870,687,-1,687,870,1211,-1,687,1211,1209,-1,1211,870,869,-1,877,876,1306,-1,1306,876,1212,-1,869,1300,1211,-1,1211,1300,1299,-1,1211,1299,1212,-1,1212,1299,1305,-1,1212,1305,1306,-1,868,1302,869,-1,869,1302,1300,-1,1295,1301,1296,-1,1296,1301,1302,-1,1296,1302,862,-1,862,1302,868,-1,861,1298,862,-1,862,1298,1296,-1,1197,1204,688,-1,688,1204,860,-1,688,860,873,-1,872,871,689,-1,689,871,1203,-1,689,1203,1201,-1,1203,871,894,-1,861,860,1298,-1,1298,860,1204,-1,894,1292,1203,-1,1203,1292,1291,-1,1203,1291,1204,-1,1204,1291,1297,-1,1204,1297,1298,-1,893,1294,894,-1,894,1294,1292,-1,1287,1293,1288,-1,1288,1293,1294,-1,1288,1294,865,-1,865,1294,893,-1,864,1290,865,-1,865,1290,1288,-1,1189,1196,690,-1,690,1196,863,-1,690,863,913,-1,914,859,691,-1,691,859,1195,-1,691,1195,1193,-1,1195,859,858,-1,864,863,1290,-1,1290,863,1196,-1,858,1284,1195,-1,1195,1284,1283,-1,1195,1283,1196,-1,1196,1283,1289,-1,1196,1289,1290,-1,857,1286,858,-1,858,1286,1284,-1,1279,1285,1280,-1,1280,1285,1286,-1,1280,1286,856,-1,856,1286,857,-1,855,1282,856,-1,856,1282,1280,-1,1181,1188,692,-1,692,1188,854,-1,692,854,904,-1,903,853,693,-1,693,853,1187,-1,693,1187,1185,-1,1187,853,852,-1,855,854,1282,-1,1282,854,1188,-1,852,1276,1187,-1,1187,1276,1275,-1,1187,1275,1188,-1,1188,1275,1281,-1,1188,1281,1282,-1,851,1278,852,-1,852,1278,1276,-1,1271,1277,1272,-1,1272,1277,1278,-1,1272,1278,850,-1,850,1278,851,-1,849,1274,850,-1,850,1274,1272,-1,1173,1180,694,-1,694,1180,848,-1,694,848,892,-1,891,844,709,-1,709,844,1179,-1,709,1179,1177,-1,1179,844,843,-1,849,848,1274,-1,1274,848,1180,-1,843,1268,1179,-1,1179,1268,1267,-1,1179,1267,1180,-1,1180,1267,1273,-1,1180,1273,1274,-1,842,1270,843,-1,843,1270,1268,-1,842,838,1264,-1,1263,1269,1264,-1,1264,1269,1270,-1,1264,1270,842,-1,837,1266,838,-1,838,1266,1264,-1,1165,1172,710,-1,710,1172,836,-1,710,836,847,-1,846,845,711,-1,711,845,1171,-1,711,1171,1169,-1,1171,845,882,-1,837,836,1266,-1,1266,836,1172,-1,882,1260,1171,-1,1171,1260,1259,-1,1171,1259,1172,-1,1172,1259,1265,-1,1172,1265,1266,-1,881,1262,882,-1,882,1262,1260,-1,881,841,1256,-1,1255,1261,1256,-1,1256,1261,1262,-1,1256,1262,881,-1,840,1258,841,-1,841,1258,1256,-1,1243,1250,715,-1,715,1250,839,-1,715,839,942,-1,943,835,716,-1,716,835,1249,-1,716,1249,1247,-1,1249,835,834,-1,840,839,1258,-1,1258,839,1250,-1,834,1252,1249,-1,1249,1252,1251,-1,1249,1251,1250,-1,1250,1251,1257,-1,1250,1257,1258,-1,833,1254,834,-1,834,1254,1252,-1,1342,1253,1343,-1,1343,1253,1254,-1,1343,1254,832,-1,832,1254,833,-1,942,943,715,-1,715,943,716,-1,1169,1168,572,-1,599,1244,1243,-1,715,711,1243,-1,1243,711,1169,-1,1243,1169,599,-1,599,1169,572,-1,711,710,846,-1,846,710,847,-1,1177,1176,598,-1,597,1166,1165,-1,710,709,1165,-1,1165,709,1177,-1,1165,1177,597,-1,597,1177,598,-1,709,694,891,-1,891,694,892,-1,1185,1184,590,-1,604,1174,1173,-1,694,693,1173,-1,1173,693,1185,-1,1173,1185,604,-1,604,1185,590,-1,693,692,903,-1,903,692,904,-1,1193,1192,603,-1,602,1182,1181,-1,692,691,1181,-1,1181,691,1193,-1,1181,1193,602,-1,602,1193,603,-1,913,914,690,-1,690,914,691,-1,1201,1200,615,-1,614,1190,1189,-1,690,689,1189,-1,1189,689,1201,-1,1189,1201,614,-1,614,1201,615,-1,689,688,872,-1,872,688,873,-1,1209,1208,607,-1,616,1198,1197,-1,688,687,1197,-1,1197,687,1209,-1,1197,1209,616,-1,616,1209,607,-1,687,686,907,-1,907,686,906,-1,1217,1216,611,-1,610,1206,1205,-1,686,685,1205,-1,1205,685,1217,-1,1205,1217,610,-1,610,1217,611,-1,685,684,900,-1,900,684,899,-1,1225,1224,619,-1,624,1214,1213,-1,684,683,1213,-1,1213,683,1225,-1,1213,1225,624,-1,624,1225,619,-1,683,682,908,-1,908,682,909,-1,1239,1238,623,-1,622,1222,1221,-1,682,681,1221,-1,1221,681,1239,-1,1221,1239,622,-1,622,1239,623,-1,681,680,916,-1,916,680,917,-1,1230,1229,634,-1,633,1236,1235,-1,680,679,1235,-1,1235,679,1230,-1,1235,1230,633,-1,633,1230,634,-1,679,678,743,-1,743,678,729,-1,678,673,729,-1,729,673,675,-1,1247,1246,596,-1,595,1158,1157,-1,695,716,1157,-1,1157,716,1247,-1,1157,1247,595,-1,595,1247,596,-1,1157,1139,695,-1,695,1139,830,-1,695,830,941,-1,831,1138,832,-1,832,1138,1343,-1,1342,1343,1142,-1,1142,1343,1138,-1,595,594,1158,-1,1158,594,1159,-1,1149,1148,569,-1,587,967,966,-1,705,698,966,-1,966,698,1149,-1,966,1149,587,-1,587,1149,569,-1,966,556,705,-1,705,556,554,-1,705,554,937,-1,938,823,698,-1,698,823,1151,-1,698,1151,1149,-1,570,569,1150,-1,1150,569,1148,-1,587,588,967,-1,967,588,968,-1,
        ]
    }
}
Shape{
    appearance Appearance {
        material  Material 	{
            diffuseColor 1.0 1.0 1.0
            specularColor 0.8784313725490196 0.8784313725490196 0.8784313725490196
            ambientIntensity 1.0
            transparency 0.0
            shininess 0.5
        }
    }
    geometry IndexedFaceSet {
        ccw TRUE
        solid FALSE
        coord DEF co Coordinate {
            point [
                0.1634 -0.7374 0.6772, 0.1634 0.2469 0.6772, 0.1634 -0.7374 0.7283, 0.1634 0.2469 0.7283, 0.2264 -0.7374 0.7283, 0.2264 0.2469 0.7283, 0.2657 0.2862 0.7283, 0.124 0.2862 0.7283, 0.2264 -0.7374 0.6772, 0.2264 0.2469 0.6772
            ]
        }
        coordIndex [
            0,1,2,-1,2,1,3,-1,4,2,5,-1,5,2,3,-1,5,3,6,-1,6,3,7,-1,4,5,8,-1,8,5,9,-1,
        ]
    }
}
Shape{
    appearance Appearance {
        material  Material 	{
            diffuseColor 0.996078431372549 0.8705882352941177 0.7607843137254902
            specularColor 0.4980392156862745 0.43529411764705883 0.3803921568627451
            ambientIntensity 0.8956
            transparency 0.0
            shininess 0.5
        }
    }
    geometry IndexedFaceSet {
        ccw TRUE
        solid FALSE
        coord DEF co Coordinate {
            point [
                0.2657 0.2862 0.6772, 0.2264 0.2469 0.6772, 0.2657 0.2862 0.7283, 0.2264 0.2469 0.7283, 0.124 0.2862 0.7283, 0.1634 0.2469 0.7283, 0.124 0.2862 0.6772, 0.1634 0.2469 0.6772, -4.8445 -0.5996 0.7756, -4.8445 -0.5996 0.6772, -4.8445 -0.7374 0.7756, -4.8445 -0.7374 0.6772, -5.2382 -1.4264 0.7756, -5.2382 -1.4264 0.2047, -5.2382 -0.5996 0.7756, -5.2382 -0.5996 0.2047, -5.0217 -0.5996 0.4016, -5.0217 -0.5996 0.2047, -4.8445 -0.5996 0.2047, -5.1004 -0.5996 0.2047, -5.1004 -0.5996 0.4016, -5.1004 -0.9343 0.2047, -5.0217 -0.9343 0.2047, -4.8445 -1.4264 0.2047, 4.8406 -0.7374 0.7756, 4.8406 -0.7374 0.6772, 4.8406 -0.5996 0.7756, 4.8406 -0.5996 0.6772, 5.0965 -0.5996 0.4016, 5.0965 -0.5996 0.2047, 5.2343 -0.5996 0.2047, 4.8406 -0.5996 0.2047, 5.0177 -0.5996 0.2047, 5.2343 -0.5996 0.7756, 5.0177 -0.5996 0.4016, 5.2343 -1.4264 0.7756, 5.2343 -1.4264 0.2047, 5.0965 -0.9343 0.2047, 5.0177 -0.9343 0.2047, 4.8406 -1.4264 0.2047, -4.561 -0.7374 0.6772, -4.1043 -0.7374 0.7283, -4.1043 -0.7374 0.6772, -3.7736 -0.7374 0.6772, -4.561 -0.7374 0.7283, -4.498 -0.7374 0.7283, -3.3169 -0.7374 0.7283, -3.3169 -0.7374 0.6772, -2.9862 -0.7374 0.6772, -2.5295 -0.7374 0.7283, -2.5295 -0.7374 0.6772, -2.1988 -0.7374 0.6772, -1.7421 -0.7374 0.7283, -1.7421 -0.7374 0.6772, -1.4114 -0.7374 0.6772, -0.9547 -0.7374 0.7283, -0.9547 -0.7374 0.6772, -0.624 -0.7374 0.6772, -0.1673 -0.7374 0.7283, -0.1673 -0.7374 0.6772, 0.1634 -0.7374 0.6772, 1.4075 -0.7374 0.7283, 1.4075 -0.7374 0.6772, 1.7382 -0.7374 0.6772, 2.1949 -0.7374 0.7283, 2.1949 -0.7374 0.6772, 2.5256 -0.7374 0.6772, 4.1634 -0.7374 0.7283, 4.1634 -0.7374 0.6772, 4.4941 -0.7374 0.6772, 0.1634 -0.7374 0.7283, 0.2264 -0.7374 0.7283, -3.7736 -0.7374 0.7283, -3.7106 -0.7374 0.7283, 4.5571 -0.7374 0.6772, 4.5571 -0.7374 0.7283, 4.4941 -0.7374 0.7283, -4.1673 -0.7374 0.7283, -4.1673 -0.7374 0.6772, -4.498 -0.7374 0.6772, 0.2264 -0.7374 0.6772, 0.5571 -0.7374 0.6772, 0.5571 -0.7374 0.7283, 0.6201 -0.7374 0.7283, 2.5256 -0.7374 0.7283, 2.5886 -0.7374 0.7283, -2.9862 -0.7374 0.7283, -2.9232 -0.7374 0.7283, 0.6201 -0.7374 0.6772, 0.9508 -0.7374 0.6772, 0.9508 -0.7374 0.7283, 1.0138 -0.7374 0.7283, 1.7382 -0.7374 0.7283, 1.8012 -0.7374 0.7283, 1.8012 -0.7374 0.6772, 2.1319 -0.7374 0.6772, 2.1319 -0.7374 0.7283, 2.5886 -0.7374 0.6772, 2.9193 -0.7374 0.6772, 2.9193 -0.7374 0.7283, 2.9823 -0.7374 0.7283, 2.9823 -0.7374 0.6772, 3.313 -0.7374 0.6772, 3.313 -0.7374 0.7283, 3.376 -0.7374 0.7283, -3.3799 -0.7374 0.7283, -3.3799 -0.7374 0.6772, -3.7106 -0.7374 0.6772, 1.0138 -0.7374 0.6772, 1.3445 -0.7374 0.6772, 1.3445 -0.7374 0.7283, 3.376 -0.7374 0.6772, 3.7067 -0.7374 0.6772, 3.7067 -0.7374 0.7283, 3.7697 -0.7374 0.7283, -2.1988 -0.7374 0.7283, -2.1358 -0.7374 0.7283, 3.7697 -0.7374 0.6772, 4.1004 -0.7374 0.6772, 4.1004 -0.7374 0.7283, -2.5925 -0.7374 0.7283, -2.5925 -0.7374 0.6772, -2.9232 -0.7374 0.6772, -1.4114 -0.7374 0.7283, -1.3484 -0.7374 0.7283, -1.8051 -0.7374 0.7283, -1.8051 -0.7374 0.6772, -2.1358 -0.7374 0.6772, -0.624 -0.7374 0.7283, -0.561 -0.7374 0.7283, -1.0177 -0.7374 0.7283, -1.0177 -0.7374 0.6772, -1.3484 -0.7374 0.6772, -0.2303 -0.7374 0.7283, -0.2303 -0.7374 0.6772, -0.561 -0.7374 0.6772, -5.2382 -0.1075 0.6378, -5.5335 -0.1075 0.6378, -5.2382 0.2862 0.6378, -5.5335 0.2862 0.6378, -5.5335 -0.1075 0.2047, -5.5335 0.2862 0.2047, -5.2382 -0.1075 0.2047, -5.2382 0.2862 0.2047, 5.5295 -0.1075 0.2047, 5.5295 -0.1075 0.6378, 5.5295 0.2862 0.2047, 5.5295 0.2862 0.6378, 5.2343 -0.1075 0.6378, 5.2343 0.2862 0.6378, 5.2343 -0.1075 0.2047, 5.2343 0.2862 0.2047, 5.687 -1.4264 0.7756, 5.2344 -1.4262 0.7782, 5.6868 -1.4262 0.7782, 5.2349 -1.4257 0.7807, 5.6863 -1.4257 0.7807, 5.6855 -1.4249 0.7831, 5.2358 -1.4249 0.7831, 5.6844 -1.4237 0.7854, 5.2369 -1.4237 0.7854, 5.6829 -1.4223 0.7876, 5.2383 -1.4223 0.7876, 5.24 -1.4206 0.7895, 5.6812 -1.4206 0.7895, 5.6772 -1.4165 0.7926, 5.2441 -1.4165 0.7926, 5.6724 -1.4118 0.7946, 5.2488 -1.4118 0.7946, 5.6673 -1.4067 0.7953, 5.2539 -1.4067 0.7953, 5.2344 -0.5994 0.7782, 5.2349 -0.5989 0.7807, 5.2358 -0.5981 0.7831, 5.2369 -0.597 0.7854, 5.2383 -0.5955 0.7876, 5.24 -0.5938 0.7895, 5.2441 -0.5898 0.7926, 5.2488 -0.585 0.7946, 5.2539 -0.5799 0.7953, 5.6829 0.2822 0.7876, 5.6812 0.2805 0.7895, 5.6772 0.2764 0.7926, 5.6724 0.2716 0.7946, 5.6673 0.2665 0.7953, 5.6844 0.2836 0.7854, 5.6855 0.2847 0.7831, 5.6863 0.2855 0.7807, 5.6868 0.2861 0.7782, 5.687 0.2862 0.7756, 4.8404 -0.5994 0.7782, 4.8399 -0.5989 0.7807, 4.8391 -0.5981 0.7831, 4.8379 -0.597 0.7854, 4.8365 -0.5955 0.7876, 4.8348 -0.5938 0.7895, 4.8307 -0.5898 0.7926, 4.826 -0.585 0.7946, 4.8209 -0.5799 0.7953, -5.6713 0.2665 0.7953, -5.6764 0.2716 0.7946, -5.6811 0.2764 0.7926, -5.6852 0.2805 0.7895, -5.6869 0.2822 0.7876, -5.6909 0.2862 0.7756, -5.6908 0.2861 0.7782, -5.6903 0.2855 0.7807, -5.6894 0.2847 0.7831, -5.6883 0.2836 0.7854, 4.8399 -0.7367 0.7807, 4.84 -0.7369 0.78, 4.8404 -0.7373 0.7778, 4.8386 -0.7355 0.7841, 4.8378 -0.7347 0.7854, 4.8363 -0.7331 0.7879, 4.8347 -0.7315 0.7894, 4.8307 -0.7275 0.7925, 4.8331 -0.73 0.791, 4.8209 -0.7177 0.7953, 4.8252 -0.7221 0.7948, 4.8259 -0.7228 0.7945, 4.8294 -0.7263 0.7933, -5.6713 -1.4067 0.7953, -5.6764 -1.4118 0.7946, -5.6811 -1.4165 0.7926, -5.6852 -1.4206 0.7895, -5.6869 -1.4223 0.7876, -5.6909 -1.4264 0.7756, -5.6908 -1.4262 0.7782, -5.6903 -1.4257 0.7807, -5.6894 -1.4249 0.7831, -5.6883 -1.4237 0.7854, -4.8386 -0.7315 0.7894, -4.8402 -0.7331 0.7879, -4.8444 -0.7373 0.7778, -4.844 -0.7369 0.78, -4.8438 -0.7367 0.7807, -4.8425 -0.7355 0.7841, -4.8418 -0.7347 0.7854, -4.8371 -0.73 0.791, -4.8333 -0.7263 0.7933, -4.8346 -0.7275 0.7925, -4.8292 -0.7221 0.7948, -4.8299 -0.7228 0.7945, -4.8248 -0.7177 0.7953, -5.2579 -1.4067 0.7953, -5.2528 -1.4118 0.7946, -5.248 -1.4165 0.7926, -5.244 -1.4206 0.7895, -5.2423 -1.4223 0.7876, -5.2408 -1.4237 0.7854, -5.2397 -1.4249 0.7831, -5.2389 -1.4257 0.7807, -5.2384 -1.4262 0.7782, -4.8443 -0.5994 0.7782, -4.8438 -0.5989 0.7807, -4.843 -0.5981 0.7831, -4.8419 -0.597 0.7854, -4.8404 -0.5955 0.7876, -4.8387 -0.5938 0.7895, -4.8346 -0.5898 0.7926, -4.8299 -0.585 0.7946, -4.8248 -0.5799 0.7953, -5.248 -0.5898 0.7926, -5.2528 -0.585 0.7946, -5.2579 -0.5799 0.7953, -5.2408 -0.597 0.7854, -5.2423 -0.5955 0.7876, -5.244 -0.5938 0.7895, -5.2384 -0.5994 0.7782, -5.2389 -0.5989 0.7807, -5.2397 -0.5981 0.7831
            ]
        }
        coordIndex [
            0,1,2,-1,2,1,3,-1,4,5,6,-1,6,5,7,-1,8,9,10,-1,10,9,11,-1,12,13,14,-1,14,13,15,-1,16,17,18,-1,14,15,19,-1,9,8,14,-1,18,9,16,-1,16,9,14,-1,16,14,20,-1,20,14,19,-1,19,15,21,-1,21,15,13,-1,21,13,22,-1,22,13,23,-1,22,23,17,-1,17,23,18,-1,24,25,26,-1,26,25,27,-1,28,29,30,-1,27,31,32,-1,33,26,27,-1,30,33,28,-1,28,33,27,-1,28,27,34,-1,34,27,32,-1,33,30,35,-1,35,30,36,-1,30,29,37,-1,32,31,38,-1,38,31,39,-1,38,39,37,-1,37,39,36,-1,37,36,30,-1,10,11,40,-1,41,42,43,-1,40,44,10,-1,10,44,45,-1,10,45,24,-1,46,47,48,-1,49,50,51,-1,52,53,54,-1,55,56,57,-1,58,59,60,-1,61,62,63,-1,64,65,66,-1,67,68,69,-1,70,71,24,-1,72,73,24,-1,74,25,75,-1,75,25,24,-1,75,24,76,-1,43,72,41,-1,41,72,24,-1,41,24,77,-1,77,24,45,-1,77,45,78,-1,78,45,79,-1,80,81,71,-1,71,81,82,-1,71,82,24,-1,24,82,83,-1,84,85,24,-1,86,87,24,-1,88,89,83,-1,83,89,90,-1,83,90,24,-1,24,90,91,-1,92,93,24,-1,94,95,93,-1,93,95,96,-1,93,96,24,-1,24,96,64,-1,24,64,84,-1,84,64,66,-1,97,98,85,-1,85,98,99,-1,85,99,24,-1,24,99,100,-1,101,102,100,-1,100,102,103,-1,100,103,24,-1,24,103,104,-1,48,86,46,-1,46,86,24,-1,46,24,105,-1,105,24,73,-1,105,73,106,-1,106,73,107,-1,108,109,91,-1,91,109,110,-1,91,110,24,-1,24,110,61,-1,24,61,92,-1,92,61,63,-1,111,112,104,-1,104,112,113,-1,104,113,24,-1,24,113,114,-1,115,116,24,-1,117,118,114,-1,114,118,119,-1,114,119,24,-1,24,119,67,-1,24,67,76,-1,76,67,69,-1,51,115,49,-1,49,115,24,-1,49,24,120,-1,120,24,87,-1,120,87,121,-1,121,87,122,-1,123,124,24,-1,54,123,52,-1,52,123,24,-1,52,24,125,-1,125,24,116,-1,125,116,126,-1,126,116,127,-1,128,129,24,-1,57,128,55,-1,55,128,24,-1,55,24,130,-1,130,24,124,-1,130,124,131,-1,131,124,132,-1,60,70,58,-1,58,70,24,-1,58,24,133,-1,133,24,129,-1,133,129,134,-1,134,129,135,-1,136,137,138,-1,138,137,139,-1,137,140,139,-1,139,140,141,-1,140,142,141,-1,141,142,143,-1,142,136,143,-1,143,136,138,-1,142,140,136,-1,136,140,137,-1,144,145,146,-1,146,145,147,-1,145,148,147,-1,147,148,149,-1,148,150,149,-1,149,150,151,-1,150,144,151,-1,151,144,146,-1,150,148,144,-1,144,148,145,-1,35,152,153,-1,153,152,154,-1,153,154,155,-1,154,156,155,-1,155,156,157,-1,155,157,158,-1,158,157,159,-1,158,159,160,-1,160,159,161,-1,160,161,162,-1,162,161,163,-1,161,164,163,-1,163,164,165,-1,163,165,166,-1,166,165,167,-1,166,167,168,-1,168,167,169,-1,168,169,170,-1,33,35,171,-1,171,35,153,-1,171,153,172,-1,172,153,155,-1,172,155,173,-1,173,155,158,-1,173,158,174,-1,174,158,160,-1,174,160,175,-1,175,160,162,-1,175,162,176,-1,162,163,176,-1,176,163,166,-1,176,166,177,-1,177,166,168,-1,177,168,178,-1,178,168,170,-1,178,170,179,-1,180,181,164,-1,164,181,182,-1,164,182,165,-1,165,182,183,-1,165,183,167,-1,167,183,184,-1,167,184,169,-1,164,161,180,-1,180,161,159,-1,180,159,185,-1,185,159,157,-1,185,157,186,-1,186,157,156,-1,186,156,187,-1,187,156,154,-1,187,154,188,-1,188,154,152,-1,188,152,189,-1,190,26,33,-1,33,171,190,-1,190,171,172,-1,190,172,191,-1,191,172,192,-1,172,173,192,-1,192,173,174,-1,192,174,193,-1,193,174,194,-1,174,175,194,-1,194,175,176,-1,194,176,195,-1,195,176,177,-1,195,177,196,-1,196,177,178,-1,196,178,197,-1,197,178,179,-1,197,179,198,-1,199,184,183,-1,199,183,200,-1,200,183,182,-1,200,182,201,-1,201,182,181,-1,201,181,202,-1,202,181,203,-1,203,181,180,-1,203,180,185,-1,189,204,188,-1,188,204,205,-1,188,205,187,-1,187,205,206,-1,187,206,186,-1,186,206,207,-1,186,207,185,-1,185,207,208,-1,185,208,203,-1,209,210,26,-1,26,210,211,-1,26,211,24,-1,26,190,209,-1,209,190,191,-1,209,191,212,-1,212,191,192,-1,212,192,213,-1,213,192,193,-1,213,193,214,-1,214,193,215,-1,195,196,216,-1,193,194,215,-1,215,194,195,-1,215,195,217,-1,217,195,216,-1,197,198,218,-1,218,219,197,-1,197,219,220,-1,197,220,196,-1,196,220,221,-1,196,221,216,-1,222,199,200,-1,222,200,223,-1,223,200,201,-1,223,201,224,-1,224,201,202,-1,224,202,225,-1,225,202,226,-1,226,202,203,-1,226,203,208,-1,204,227,205,-1,205,227,228,-1,205,228,206,-1,206,228,229,-1,206,229,207,-1,207,229,230,-1,207,230,208,-1,208,230,231,-1,208,231,226,-1,232,233,214,-1,10,24,234,-1,234,24,211,-1,234,211,235,-1,211,210,235,-1,235,210,209,-1,235,209,236,-1,236,209,212,-1,236,212,237,-1,237,212,238,-1,238,212,233,-1,233,212,213,-1,233,213,214,-1,232,214,239,-1,239,214,215,-1,239,215,217,-1,216,221,240,-1,216,240,217,-1,217,240,241,-1,217,241,239,-1,220,242,221,-1,221,242,243,-1,221,243,240,-1,220,219,242,-1,242,219,218,-1,242,218,244,-1,245,222,223,-1,245,223,246,-1,246,223,224,-1,246,224,247,-1,247,224,225,-1,247,225,248,-1,248,225,249,-1,249,225,226,-1,249,226,250,-1,250,226,231,-1,250,231,251,-1,251,231,230,-1,251,230,252,-1,230,229,252,-1,252,229,228,-1,252,228,253,-1,253,228,227,-1,253,227,12,-1,10,234,8,-1,8,234,235,-1,8,235,254,-1,254,235,236,-1,254,236,255,-1,255,236,237,-1,255,237,256,-1,256,237,238,-1,256,238,257,-1,257,238,233,-1,257,233,258,-1,258,233,232,-1,258,232,259,-1,259,232,239,-1,259,239,260,-1,239,241,260,-1,260,241,240,-1,260,240,261,-1,244,262,242,-1,242,262,261,-1,242,261,243,-1,243,261,240,-1,248,263,247,-1,247,263,264,-1,247,264,246,-1,246,264,265,-1,246,265,245,-1,266,267,248,-1,248,267,268,-1,248,268,263,-1,12,14,253,-1,253,14,269,-1,253,269,252,-1,252,269,270,-1,252,270,251,-1,251,270,271,-1,251,271,250,-1,250,271,266,-1,250,266,249,-1,249,266,248,-1,255,270,269,-1,14,8,269,-1,269,8,254,-1,269,254,255,-1,257,266,271,-1,270,255,271,-1,271,255,256,-1,271,256,257,-1,266,257,267,-1,267,257,258,-1,267,258,268,-1,258,259,268,-1,268,259,260,-1,268,260,263,-1,263,260,261,-1,263,261,264,-1,264,261,262,-1,264,262,265,-1,
        ]
    }
}
Shape{
    appearance Appearance {
        material  Material 	{
            diffuseColor 0.0 0.0 0.0
            specularColor 0.0 0.0 0.0
            ambientIntensity 0.0
            transparency 0.0
            shininess 0.5
        }
    }
    geometry IndexedFaceSet {
        ccw TRUE
        solid FALSE
        coord DEF co Coordinate {
            point [
                5.6909 -0.8485 0.6095, 5.6909 -0.8485 0.6004, 5.687 -0.8485 0.6095, 5.687 -0.8485 0.6004, 5.6909 -0.8804 0.6095, 5.687 -0.8804 0.6095, 5.6909 -0.8804 0.6805, 5.687 -0.8804 0.6805, 5.6909 -0.8908 0.6805, 5.687 -0.8908 0.6805, 5.6909 -0.8908 0.6004, 5.687 -0.8908 0.6004, 5.6909 -0.8075 0.599, 5.687 -0.8075 0.599, 5.687 -0.793 0.6007, 5.6909 -0.793 0.6007, 5.687 -0.7853 0.6037, 5.6909 -0.7853 0.6037, 5.6909 -0.7853 0.6136, 5.687 -0.7853 0.6136, 5.687 -0.7935 0.61, 5.6909 -0.7935 0.61, 5.687 -0.8026 0.6084, 5.6909 -0.8026 0.6084, 5.687 -0.806 0.6082, 5.6909 -0.806 0.6082, 5.687 -0.8134 0.6091, 5.6909 -0.8134 0.6091, 5.687 -0.8192 0.6112, 5.6909 -0.8192 0.6112, 5.687 -0.8246 0.6148, 5.6909 -0.8246 0.6148, 5.687 -0.8266 0.6167, 5.6909 -0.8266 0.6167, 5.687 -0.8306 0.6224, 5.6909 -0.8306 0.6224, 5.687 -0.8331 0.6289, 5.6909 -0.8331 0.6289, 5.687 -0.8344 0.6388, 5.6909 -0.8344 0.6388, 5.687 -0.8344 0.6395, 5.6909 -0.8344 0.6395, 5.687 -0.8333 0.6496, 5.6909 -0.8333 0.6496, 5.687 -0.8308 0.6567, 5.6909 -0.8308 0.6567, 5.687 -0.8271 0.6624, 5.6909 -0.8271 0.6624, 5.687 -0.826 0.6636, 5.6909 -0.826 0.6636, 5.687 -0.8209 0.6679, 5.6909 -0.8209 0.6679, 5.687 -0.8146 0.6709, 5.6909 -0.8146 0.6709, 5.687 -0.8077 0.6723, 5.6909 -0.8077 0.6723, 5.687 -0.8042 0.6725, 5.6909 -0.8042 0.6725, 5.687 -0.7948 0.6714, 5.6909 -0.7948 0.6714, 5.687 -0.7866 0.6684, 5.6909 -0.7866 0.6684, 5.687 -0.7853 0.6677, 5.6909 -0.7853 0.6677, 5.6909 -0.7853 0.6785, 5.687 -0.7853 0.6785, 5.687 -0.8043 0.6818, 5.6909 -0.8043 0.6818, 5.6909 -0.8035 0.6818, 5.687 -0.7932 0.6809, 5.6909 -0.7932 0.6809, 5.687 -0.7961 0.6811, 5.687 -0.8035 0.6818, 5.6909 -0.815 0.6806, 5.687 -0.8103 0.6811, 5.687 -0.815 0.6806, 5.687 -0.8235 0.6775, 5.6909 -0.8235 0.6775, 5.687 -0.8314 0.6722, 5.6909 -0.8314 0.6722, 5.687 -0.8337 0.67, 5.6909 -0.8337 0.67, 5.687 -0.8393 0.6629, 5.687 -0.8417 0.6574, 5.6909 -0.8432 0.654, 5.6909 -0.8393 0.6629, 5.687 -0.8432 0.654, 5.687 -0.8451 0.6437, 5.6909 -0.8451 0.6437, 5.687 -0.8453 0.6389, 5.6909 -0.8453 0.6389, 5.687 -0.844 0.627, 5.687 -0.8417 0.6206, 5.6909 -0.8409 0.6184, 5.6909 -0.844 0.627, 5.687 -0.8409 0.6184, 5.687 -0.8363 0.6114, 5.6909 -0.8363 0.6114, 5.687 -0.835 0.61, 5.6909 -0.835 0.61, 5.687 -0.8289 0.6049, 5.6909 -0.8289 0.6049, 5.687 -0.8214 0.6012, 5.6909 -0.8214 0.6012, 5.687 -0.8128 0.5993, 5.6909 -0.8128 0.5993, 5.6909 -0.7262 0.6095, 5.6909 -0.7262 0.6004, 5.687 -0.7262 0.6095, 5.687 -0.7262 0.6004, 5.687 -0.7589 0.6095, 5.6909 -0.7589 0.6095, 5.687 -0.7373 0.6095, 5.6909 -0.7589 0.6365, 5.687 -0.7589 0.6365, 5.6909 -0.7303 0.6365, 5.687 -0.7373 0.6365, 5.687 -0.7303 0.6365, 5.6909 -0.7303 0.6456, 5.687 -0.7303 0.6456, 5.687 -0.7589 0.6456, 5.6909 -0.7589 0.6456, 5.687 -0.7373 0.6456, 5.6909 -0.7589 0.6712, 5.687 -0.7589 0.6712, 5.6909 -0.728 0.6712, 5.687 -0.7373 0.6712, 5.687 -0.728 0.6712, 5.6909 -0.728 0.6805, 5.687 -0.728 0.6805, 5.687 -0.7693 0.6805, 5.6909 -0.7693 0.6805, 5.687 -0.7373 0.6805, 5.6909 -0.7693 0.6004, 5.687 -0.7693 0.6004, 5.687 -0.7373 0.6004, 5.6909 -0.6611 0.6231, 5.6909 -0.6653 0.6179, 5.6909 -0.658 0.6116, 5.6909 -0.6669 0.6165, 5.6909 -0.6663 0.6057, 5.6909 -0.6722 0.613, 5.6909 -0.6754 0.6021, 5.6909 -0.6791 0.6106, 5.6909 -0.6891 0.6004, 5.6909 -0.6891 0.6095, 5.6909 -0.7111 0.6004, 5.6909 -0.7008 0.6095, 5.6909 -0.7111 0.6805, 5.6909 -0.7008 0.6712, 5.6909 -0.6883 0.6805, 5.6909 -0.6887 0.6712, 5.6909 -0.6755 0.679, 5.6909 -0.6787 0.6702, 5.6909 -0.6659 0.6753, 5.6909 -0.6717 0.6678, 5.6909 -0.658 0.6699, 5.6909 -0.6656 0.6637, 5.6909 -0.6547 0.6665, 5.6909 -0.6628 0.6609, 5.6909 -0.6498 0.6594, 5.6909 -0.6599 0.6563, 5.6909 -0.647 0.6516, 5.6909 -0.6577 0.6502, 5.6909 -0.6459 0.6414, 5.6909 -0.6568 0.6412, 5.6909 -0.6462 0.6358, 5.6909 -0.657 0.6366, 5.6909 -0.6483 0.6265, 5.6909 -0.6585 0.6292, 5.6909 -0.6523 0.6183, 5.687 -0.6891 0.6004, 5.687 -0.7111 0.6004, 5.687 -0.658 0.6116, 5.687 -0.6754 0.6021, 5.687 -0.6744 0.6024, 5.687 -0.6663 0.6057, 5.687 -0.6523 0.6183, 5.687 -0.6483 0.6265, 5.687 -0.6462 0.6358, 5.687 -0.6459 0.6414, 5.687 -0.647 0.6516, 5.687 -0.6498 0.6594, 5.687 -0.6547 0.6665, 5.687 -0.658 0.6699, 5.687 -0.6883 0.6805, 5.687 -0.6659 0.6753, 5.687 -0.6744 0.6786, 5.687 -0.6755 0.679, 5.687 -0.7111 0.6805, 5.687 -0.6887 0.6712, 5.687 -0.7008 0.6712, 5.687 -0.7008 0.6095, 5.687 -0.6891 0.6095, 5.687 -0.6653 0.6179, 5.687 -0.6669 0.6165, 5.687 -0.6722 0.613, 5.687 -0.6791 0.6106, 5.687 -0.6568 0.6412, 5.687 -0.657 0.6366, 5.687 -0.6585 0.6292, 5.687 -0.6611 0.6231, 5.687 -0.6656 0.6637, 5.687 -0.6628 0.6609, 5.687 -0.6599 0.6563, 5.687 -0.6577 0.6502, 5.687 -0.6787 0.6702, 5.687 -0.6717 0.6678
            ]
        }
        coordIndex [
            0,1,2,-1,2,1,3,-1,4,0,5,-1,5,0,2,-1,6,4,7,-1,7,4,5,-1,8,6,9,-1,9,6,7,-1,10,8,11,-1,11,8,9,-1,1,10,3,-1,3,10,11,-1,6,8,4,-1,4,8,10,-1,4,10,0,-1,0,10,1,-1,12,13,14,-1,12,14,15,-1,15,14,16,-1,15,16,17,-1,18,17,19,-1,19,17,16,-1,18,19,20,-1,18,20,21,-1,21,20,22,-1,21,22,23,-1,23,22,24,-1,23,24,25,-1,25,24,26,-1,25,26,27,-1,27,26,28,-1,27,28,29,-1,29,28,30,-1,29,30,31,-1,31,30,32,-1,31,32,33,-1,33,32,34,-1,33,34,35,-1,35,34,36,-1,35,36,37,-1,37,36,38,-1,37,38,39,-1,39,38,40,-1,39,40,41,-1,41,40,42,-1,41,42,43,-1,43,42,44,-1,43,44,45,-1,45,44,46,-1,45,46,47,-1,47,46,48,-1,47,48,49,-1,49,48,50,-1,49,50,51,-1,51,50,52,-1,51,52,53,-1,53,52,54,-1,53,54,55,-1,55,54,56,-1,55,56,57,-1,57,56,58,-1,57,58,59,-1,59,58,60,-1,59,60,61,-1,61,60,62,-1,61,62,63,-1,64,63,65,-1,65,63,62,-1,66,67,68,-1,64,65,69,-1,64,69,70,-1,70,69,71,-1,70,71,68,-1,68,71,72,-1,68,72,66,-1,67,66,73,-1,73,66,74,-1,74,75,73,-1,73,75,76,-1,73,76,77,-1,77,76,78,-1,77,78,79,-1,79,78,80,-1,79,80,81,-1,81,80,82,-1,83,84,82,-1,82,84,85,-1,82,85,81,-1,83,86,84,-1,84,86,87,-1,84,87,88,-1,88,87,89,-1,88,89,90,-1,90,89,91,-1,92,93,91,-1,91,93,94,-1,91,94,90,-1,92,95,93,-1,93,95,96,-1,93,96,97,-1,97,96,98,-1,97,98,99,-1,99,98,100,-1,99,100,101,-1,101,100,102,-1,101,102,103,-1,103,102,104,-1,103,104,105,-1,105,104,13,-1,105,13,12,-1,61,63,64,-1,35,37,94,-1,43,45,85,-1,94,37,90,-1,85,45,81,-1,61,64,59,-1,59,64,70,-1,59,70,57,-1,57,70,68,-1,57,68,55,-1,55,68,67,-1,55,67,53,-1,53,67,73,-1,53,73,51,-1,17,18,15,-1,15,18,21,-1,15,21,12,-1,73,77,51,-1,51,77,79,-1,51,79,49,-1,49,79,81,-1,49,81,47,-1,47,81,45,-1,94,93,35,-1,35,93,97,-1,35,97,33,-1,33,97,99,-1,33,99,31,-1,31,99,101,-1,31,101,29,-1,29,101,103,-1,29,103,27,-1,27,103,105,-1,27,105,25,-1,25,105,12,-1,25,12,23,-1,23,12,21,-1,37,39,90,-1,90,39,41,-1,90,41,88,-1,88,41,43,-1,88,43,84,-1,84,43,85,-1,106,107,108,-1,108,107,109,-1,110,111,112,-1,112,111,106,-1,112,106,108,-1,113,111,114,-1,114,111,110,-1,113,114,115,-1,115,114,116,-1,115,116,117,-1,118,115,119,-1,119,115,117,-1,120,121,122,-1,122,121,118,-1,122,118,119,-1,123,121,124,-1,124,121,120,-1,123,124,125,-1,125,124,126,-1,125,126,127,-1,128,125,129,-1,129,125,127,-1,130,131,132,-1,132,131,128,-1,132,128,129,-1,133,131,134,-1,134,131,130,-1,133,134,107,-1,107,134,135,-1,107,135,109,-1,133,107,106,-1,106,111,133,-1,133,111,113,-1,133,113,131,-1,125,128,123,-1,123,128,131,-1,123,131,121,-1,121,131,113,-1,121,113,118,-1,118,113,115,-1,136,137,138,-1,138,137,139,-1,138,139,140,-1,140,139,141,-1,140,141,142,-1,142,141,143,-1,142,143,144,-1,144,143,145,-1,144,145,146,-1,146,145,147,-1,146,147,148,-1,148,147,149,-1,148,149,150,-1,150,149,151,-1,150,151,152,-1,152,151,153,-1,152,153,154,-1,154,153,155,-1,154,155,156,-1,156,155,157,-1,156,157,158,-1,158,157,159,-1,158,159,160,-1,160,159,161,-1,160,161,162,-1,162,161,163,-1,162,163,164,-1,164,163,165,-1,164,165,166,-1,166,165,167,-1,166,167,168,-1,168,167,169,-1,168,169,170,-1,170,169,136,-1,170,136,138,-1,144,146,171,-1,171,146,172,-1,173,138,140,-1,144,171,174,-1,144,174,142,-1,142,174,175,-1,142,175,140,-1,140,175,176,-1,140,176,173,-1,138,173,177,-1,138,177,170,-1,170,177,178,-1,170,178,168,-1,168,178,179,-1,168,179,166,-1,166,179,180,-1,166,180,164,-1,164,180,181,-1,164,181,162,-1,162,181,182,-1,162,182,160,-1,160,182,183,-1,160,183,158,-1,158,183,184,-1,158,184,156,-1,185,150,152,-1,156,184,186,-1,156,186,154,-1,154,186,187,-1,154,187,152,-1,152,187,188,-1,152,188,185,-1,148,150,189,-1,189,150,185,-1,146,148,172,-1,172,148,189,-1,151,149,190,-1,190,149,191,-1,149,147,191,-1,191,147,192,-1,147,145,192,-1,192,145,193,-1,137,194,195,-1,137,195,139,-1,139,195,196,-1,139,196,141,-1,141,196,197,-1,141,197,143,-1,143,197,193,-1,143,193,145,-1,165,198,199,-1,165,199,167,-1,167,199,200,-1,167,200,169,-1,169,200,201,-1,169,201,136,-1,136,201,194,-1,136,194,137,-1,157,202,203,-1,157,203,159,-1,159,203,204,-1,159,204,161,-1,161,204,205,-1,161,205,163,-1,163,205,198,-1,163,198,165,-1,151,190,206,-1,151,206,153,-1,153,206,207,-1,153,207,155,-1,155,207,202,-1,155,202,157,-1,
        ]
    }
}
Shape{
    appearance Appearance {
        material  Material 	{
            diffuseColor 0.996078431372549 0.8705882352941177 0.7607843137254902
            specularColor 0.4980392156862745 0.43529411764705883 0.3803921568627451
            ambientIntensity 0.8956
            transparency 0.0
            shininess 0.5
        }
    }
    geometry IndexedFaceSet {
        ccw TRUE
        solid FALSE
        coord DEF co Coordinate {
            point [
                5.687 -0.7008 0.6712, 5.687 -0.7008 0.6095, 5.687 -0.6887 0.6712, 5.687 -0.6891 0.6095, 5.687 -0.6791 0.6106, 5.687 -0.6722 0.613, 5.687 -0.6669 0.6165, 5.687 -0.6653 0.6179, 5.687 -0.6611 0.6231, 5.687 -0.6585 0.6292, 5.687 -0.657 0.6366, 5.687 -0.6568 0.6412, 5.687 -0.6577 0.6502, 5.687 -0.6599 0.6563, 5.687 -0.6628 0.6609, 5.687 -0.6656 0.6637, 5.687 -0.6787 0.6702, 5.687 -0.6717 0.6678
            ]
        }
        coordIndex [
            0,1,2,-1,2,1,3,-1,2,3,4,-1,4,5,2,-1,2,5,6,-1,2,6,7,-1,7,8,2,-1,2,8,9,-1,2,9,10,-1,10,11,2,-1,2,11,12,-1,2,12,13,-1,13,14,2,-1,2,14,15,-1,2,15,16,-1,16,15,17,-1,
        ]
    }
}
Shape{
    appearance Appearance {
        material  Material 	{
            diffuseColor 0.0 0.0 0.0
            specularColor 0.0 0.0 0.0
            ambientIntensity 0.0
            transparency 0.0
            shininess 0.5
        }
    }
    geometry IndexedFaceSet {
        ccw TRUE
        solid FALSE
        coord DEF co Coordinate {
            point [
                5.6909 -0.6191 0.6313, 5.6909 -0.6223 0.6223, 5.6909 -0.5922 0.6313, 5.6909 -0.589 0.6223, 5.6909 -0.6071 0.6646, 5.6909 -0.611 0.6805, 5.6909 -0.6415 0.6004, 5.6909 -0.63 0.6004, 5.6909 -0.6064 0.667, 5.6909 -0.6058 0.6702, 5.6909 -0.5999 0.6805, 5.6909 -0.6055 0.6702, 5.6909 -0.6049 0.6668, 5.6909 -0.6043 0.6646, 5.6909 -0.5694 0.6004, 5.6909 -0.5808 0.6004, 5.687 -0.5999 0.6805, 5.687 -0.5694 0.6004, 5.687 -0.611 0.6805, 5.687 -0.6415 0.6004, 5.687 -0.6184 0.661, 5.687 -0.63 0.6004, 5.687 -0.6223 0.6223, 5.687 -0.589 0.6223, 5.687 -0.6184 0.6223, 5.687 -0.5808 0.6004, 5.687 -0.6191 0.6313, 5.687 -0.5922 0.6313, 5.687 -0.6043 0.6646, 5.687 -0.6055 0.6702, 5.687 -0.6049 0.6668, 5.687 -0.6058 0.6702, 5.687 -0.6071 0.6646, 5.687 -0.6064 0.667
            ]
        }
        coordIndex [
            0,1,2,-1,2,1,3,-1,4,5,0,-1,0,5,6,-1,0,6,1,-1,1,6,7,-1,4,8,5,-1,5,8,9,-1,5,9,10,-1,10,9,11,-1,10,11,12,-1,12,13,10,-1,10,13,2,-1,10,2,14,-1,14,2,3,-1,14,3,15,-1,10,14,16,-1,16,14,17,-1,5,10,18,-1,18,10,16,-1,19,6,20,-1,20,6,5,-1,20,5,18,-1,7,6,21,-1,21,6,19,-1,1,7,22,-1,22,7,21,-1,23,3,24,-1,24,3,1,-1,24,1,22,-1,15,3,25,-1,25,3,23,-1,14,15,17,-1,17,15,25,-1,0,2,26,-1,26,2,27,-1,2,13,27,-1,27,13,28,-1,11,29,30,-1,11,30,12,-1,12,30,28,-1,12,28,13,-1,11,9,29,-1,29,9,31,-1,4,32,33,-1,4,33,8,-1,8,33,31,-1,8,31,9,-1,4,0,32,-1,32,0,26,-1,
        ]
    }
}
Shape{
    appearance Appearance {
        material  Material 	{
            diffuseColor 0.996078431372549 0.8705882352941177 0.7607843137254902
            specularColor 0.4980392156862745 0.43529411764705883 0.3803921568627451
            ambientIntensity 0.8956
            transparency 0.0
            shininess 0.5
        }
    }
    geometry IndexedFaceSet {
        ccw TRUE
        solid FALSE
        coord DEF co Coordinate {
            point [
                5.687 -0.6055 0.6702, 5.687 -0.6058 0.6702, 5.687 -0.6049 0.6668, 5.687 -0.6064 0.667, 5.687 -0.6043 0.6646, 5.687 -0.6071 0.6646, 5.687 -0.5922 0.6313, 5.687 -0.6191 0.6313
            ]
        }
        coordIndex [
            0,1,2,-1,2,1,3,-1,2,3,4,-1,4,3,5,-1,4,5,6,-1,6,5,7,-1,
        ]
    }
}
Shape{
    appearance Appearance {
        material  Material 	{
            diffuseColor 0.0 0.0 0.0
            specularColor 0.0 0.0 0.0
            ambientIntensity 0.0
            transparency 0.0
            shininess 0.5
        }
    }
    geometry IndexedFaceSet {
        ccw TRUE
        solid FALSE
        coord DEF co Coordinate {
            point [
                5.6909 -0.8477 0.4825, 5.6909 -0.8477 0.4734, 5.687 -0.8477 0.4825, 5.687 -0.8477 0.4734, 5.6909 -0.8804 0.4825, 5.687 -0.8804 0.4825, 5.6909 -0.8804 0.5094, 5.687 -0.8804 0.5094, 5.6909 -0.8518 0.5094, 5.687 -0.8518 0.5094, 5.6909 -0.8518 0.5186, 5.687 -0.8518 0.5186, 5.6909 -0.8804 0.5186, 5.687 -0.8804 0.5186, 5.6909 -0.8804 0.5442, 5.687 -0.8804 0.5442, 5.6909 -0.8495 0.5442, 5.687 -0.8495 0.5442, 5.6909 -0.8495 0.5534, 5.687 -0.8495 0.5534, 5.6909 -0.8908 0.5534, 5.687 -0.8908 0.5534, 5.6909 -0.8908 0.4734, 5.687 -0.8908 0.4734, 5.6909 -0.8024 0.4822, 5.6909 -0.8022 0.4822, 5.6909 -0.8028 0.4914, 5.6909 -0.8264 0.5056, 5.6909 -0.8308 0.5034, 5.6909 -0.8253 0.4967, 5.6909 -0.8022 0.4959, 5.6909 -0.7921 0.5102, 5.6909 -0.8022 0.4966, 5.6909 -0.8022 0.5021, 5.6909 -0.8022 0.4734, 5.6909 -0.7921 0.4734, 5.6909 -0.8043 0.4879, 5.6909 -0.8065 0.4849, 5.6909 -0.804 0.4798, 5.6909 -0.8077 0.4837, 5.6909 -0.8072 0.4764, 5.6909 -0.8106 0.4818, 5.6909 -0.8107 0.4741, 5.6909 -0.8136 0.4807, 5.6909 -0.8148 0.4726, 5.6909 -0.8174 0.4802, 5.6909 -0.82 0.472, 5.6909 -0.8207 0.4806, 5.6909 -0.826 0.4727, 5.6909 -0.823 0.4815, 5.6909 -0.8298 0.4742, 5.6909 -0.825 0.4828, 5.6909 -0.8332 0.4765, 5.6909 -0.8259 0.4837, 5.6909 -0.8265 0.4953, 5.6909 -0.8339 0.5008, 5.6909 -0.8273 0.4934, 5.6909 -0.836 0.4979, 5.6909 -0.8278 0.4911, 5.6909 -0.8239 0.4978, 5.6909 -0.8215 0.4989, 5.6909 -0.8191 0.5073, 5.6909 -0.8156 0.5003, 5.6909 -0.8022 0.5097, 5.6909 -0.8325 0.5265, 5.6909 -0.8325 0.5168, 5.6909 -0.8298 0.5281, 5.6909 -0.8261 0.5209, 5.6909 -0.8222 0.5308, 5.6909 -0.8198 0.5231, 5.6909 -0.8128 0.5319, 5.6909 -0.8138 0.5237, 5.6909 -0.8066 0.5313, 5.6909 -0.8104 0.5234, 5.6909 -0.8025 0.53, 5.6909 -0.808 0.5225, 5.6909 -0.7991 0.5281, 5.6909 -0.8063 0.5214, 5.6909 -0.7965 0.5255, 5.6909 -0.8047 0.5198, 5.6909 -0.7944 0.5222, 5.6909 -0.8036 0.5177, 5.6909 -0.7929 0.5176, 5.6909 -0.8025 0.5142, 5.6909 -0.8374 0.4944, 5.6909 -0.8381 0.4901, 5.6909 -0.8279 0.4895, 5.6909 -0.8381 0.4887, 5.6909 -0.8277 0.4872, 5.6909 -0.8376 0.4841, 5.6909 -0.827 0.4854, 5.6909 -0.8364 0.4807, 5.6909 -0.8343 0.4777, 5.687 -0.8128 0.5319, 5.687 -0.8222 0.5308, 5.687 -0.8298 0.5281, 5.687 -0.8325 0.5265, 5.687 -0.8325 0.5168, 5.687 -0.8261 0.5209, 5.687 -0.8198 0.5231, 5.687 -0.8138 0.5237, 5.687 -0.8104 0.5234, 5.687 -0.808 0.5225, 5.687 -0.8063 0.5214, 5.687 -0.8047 0.5198, 5.687 -0.8036 0.5177, 5.687 -0.8025 0.5142, 5.687 -0.8022 0.5097, 5.687 -0.8191 0.5073, 5.687 -0.8264 0.5056, 5.687 -0.8308 0.5034, 5.687 -0.8339 0.5008, 5.687 -0.836 0.4979, 5.687 -0.8374 0.4944, 5.687 -0.8381 0.4901, 5.687 -0.8381 0.4887, 5.687 -0.8376 0.4841, 5.687 -0.8364 0.4807, 5.687 -0.8343 0.4777, 5.687 -0.8332 0.4765, 5.687 -0.82 0.472, 5.687 -0.8258 0.4727, 5.687 -0.826 0.4727, 5.687 -0.8298 0.4742, 5.687 -0.8148 0.4726, 5.687 -0.8145 0.4727, 5.687 -0.8107 0.4741, 5.687 -0.8072 0.4764, 5.687 -0.804 0.4798, 5.687 -0.8024 0.4822, 5.687 -0.8022 0.4822, 5.687 -0.8022 0.4734, 5.687 -0.7921 0.4734, 5.687 -0.7921 0.5102, 5.687 -0.7929 0.5176, 5.687 -0.7944 0.5222, 5.687 -0.7965 0.5255, 5.687 -0.7991 0.5281, 5.687 -0.8025 0.53, 5.687 -0.8066 0.5313, 5.687 -0.8253 0.4967, 5.687 -0.8239 0.4978, 5.687 -0.8215 0.4989, 5.687 -0.8156 0.5003, 5.687 -0.8279 0.4895, 5.687 -0.8278 0.4911, 5.687 -0.8273 0.4934, 5.687 -0.8265 0.4953, 5.687 -0.825 0.4828, 5.687 -0.8259 0.4837, 5.687 -0.827 0.4854, 5.687 -0.8277 0.4872, 5.687 -0.8174 0.4802, 5.687 -0.8207 0.4806, 5.687 -0.823 0.4815, 5.687 -0.8065 0.4849, 5.687 -0.8077 0.4837, 5.687 -0.8106 0.4818, 5.687 -0.8136 0.4807, 5.687 -0.8022 0.4966, 5.687 -0.8022 0.4959, 5.687 -0.8028 0.4914, 5.687 -0.8043 0.4879, 5.687 -0.8022 0.5021
            ]
        }
        coordIndex [
            0,1,2,-1,2,1,3,-1,4,0,5,-1,5,0,2,-1,6,4,7,-1,7,4,5,-1,8,6,9,-1,9,6,7,-1,10,8,11,-1,11,8,9,-1,12,10,13,-1,13,10,11,-1,14,12,15,-1,15,12,13,-1,16,14,17,-1,17,14,15,-1,18,16,19,-1,19,16,17,-1,20,18,21,-1,21,18,19,-1,22,20,23,-1,23,20,21,-1,1,22,3,-1,3,22,23,-1,1,0,22,-1,22,0,4,-1,8,10,6,-1,6,10,12,-1,16,18,14,-1,14,18,20,-1,14,20,12,-1,12,20,22,-1,12,22,6,-1,6,22,4,-1,24,25,26,-1,27,28,29,-1,30,31,32,-1,32,31,33,-1,34,35,25,-1,25,35,31,-1,25,31,26,-1,26,31,30,-1,26,36,24,-1,24,36,37,-1,24,37,38,-1,38,37,39,-1,38,39,40,-1,40,39,41,-1,40,41,42,-1,42,41,43,-1,42,43,44,-1,44,43,45,-1,44,45,46,-1,46,45,47,-1,46,47,48,-1,48,47,49,-1,48,49,50,-1,50,49,51,-1,50,51,52,-1,52,51,53,-1,29,28,54,-1,54,28,55,-1,54,55,56,-1,56,55,57,-1,56,57,58,-1,29,59,27,-1,27,59,60,-1,27,60,61,-1,61,60,62,-1,61,62,63,-1,64,65,66,-1,66,65,67,-1,66,67,68,-1,68,67,69,-1,68,69,70,-1,70,69,71,-1,70,71,72,-1,72,71,73,-1,72,73,74,-1,74,73,75,-1,74,75,76,-1,76,75,77,-1,76,77,78,-1,78,77,79,-1,78,79,80,-1,80,79,81,-1,80,81,82,-1,82,81,83,-1,82,83,31,-1,31,83,63,-1,31,63,33,-1,33,63,62,-1,57,84,58,-1,58,84,85,-1,58,85,86,-1,86,85,87,-1,86,87,88,-1,88,87,89,-1,88,89,90,-1,90,89,91,-1,90,91,53,-1,53,91,92,-1,53,92,52,-1,70,93,94,-1,70,94,68,-1,68,94,95,-1,68,95,66,-1,66,95,96,-1,66,96,64,-1,65,64,97,-1,97,64,96,-1,65,97,98,-1,65,98,67,-1,67,98,99,-1,67,99,69,-1,69,99,100,-1,69,100,71,-1,71,100,101,-1,71,101,73,-1,73,101,102,-1,73,102,75,-1,75,102,103,-1,75,103,77,-1,77,103,104,-1,77,104,79,-1,79,104,105,-1,79,105,81,-1,81,105,106,-1,81,106,83,-1,83,106,107,-1,83,107,63,-1,61,63,108,-1,108,63,107,-1,61,108,109,-1,61,109,27,-1,27,109,110,-1,27,110,28,-1,28,110,111,-1,28,111,55,-1,55,111,112,-1,55,112,57,-1,57,112,113,-1,57,113,84,-1,84,113,114,-1,84,114,85,-1,85,114,115,-1,85,115,87,-1,87,115,116,-1,87,116,89,-1,89,116,117,-1,89,117,91,-1,91,117,118,-1,91,118,92,-1,92,118,119,-1,92,119,52,-1,120,46,121,-1,121,46,48,-1,121,48,122,-1,122,48,50,-1,122,50,123,-1,123,50,52,-1,123,52,119,-1,46,120,124,-1,46,124,44,-1,44,124,125,-1,44,125,42,-1,125,126,42,-1,42,126,127,-1,42,127,40,-1,40,127,128,-1,40,128,38,-1,38,128,129,-1,38,129,24,-1,25,24,130,-1,130,24,129,-1,34,25,131,-1,131,25,130,-1,35,34,132,-1,132,34,131,-1,31,35,133,-1,133,35,132,-1,31,133,134,-1,31,134,82,-1,82,134,135,-1,82,135,80,-1,80,135,136,-1,80,136,78,-1,78,136,137,-1,78,137,76,-1,76,137,138,-1,76,138,74,-1,74,138,139,-1,74,139,72,-1,72,139,93,-1,72,93,70,-1,29,140,141,-1,29,141,59,-1,59,141,142,-1,59,142,60,-1,60,142,143,-1,60,143,62,-1,86,144,145,-1,86,145,58,-1,58,145,146,-1,58,146,56,-1,56,146,147,-1,56,147,54,-1,54,147,140,-1,54,140,29,-1,51,148,149,-1,51,149,53,-1,53,149,150,-1,53,150,90,-1,90,150,151,-1,90,151,88,-1,88,151,144,-1,88,144,86,-1,45,152,153,-1,45,153,47,-1,47,153,154,-1,47,154,49,-1,49,154,148,-1,49,148,51,-1,37,155,156,-1,37,156,39,-1,39,156,157,-1,39,157,41,-1,41,157,158,-1,41,158,43,-1,43,158,152,-1,43,152,45,-1,32,159,160,-1,32,160,30,-1,30,160,161,-1,30,161,26,-1,26,161,162,-1,26,162,36,-1,36,162,155,-1,36,155,37,-1,32,33,159,-1,159,33,163,-1,33,62,163,-1,163,62,143,-1,
        ]
    }
}
Shape{
    appearance Appearance {
        material  Material 	{
            diffuseColor 0.996078431372549 0.8705882352941177 0.7607843137254902
            specularColor 0.4980392156862745 0.43529411764705883 0.3803921568627451
            ambientIntensity 0.8956
            transparency 0.0
            shininess 0.5
        }
    }
    geometry IndexedFaceSet {
        ccw TRUE
        solid FALSE
        coord DEF co Coordinate {
            point [
                5.687 -0.8022 0.5021, 5.687 -0.8156 0.5003, 5.687 -0.8022 0.4966, 5.687 -0.8215 0.4989, 5.687 -0.8239 0.4978, 5.687 -0.8253 0.4967, 5.687 -0.8022 0.4959, 5.687 -0.8028 0.4914, 5.687 -0.8265 0.4953, 5.687 -0.8043 0.4879, 5.687 -0.8259 0.4837, 5.687 -0.825 0.4828, 5.687 -0.8077 0.4837, 5.687 -0.827 0.4854, 5.687 -0.8106 0.4818, 5.687 -0.8136 0.4807, 5.687 -0.8174 0.4802, 5.687 -0.8273 0.4934, 5.687 -0.8278 0.4911, 5.687 -0.8065 0.4849, 5.687 -0.8279 0.4895, 5.687 -0.8277 0.4872, 5.687 -0.823 0.4815, 5.687 -0.8207 0.4806
            ]
        }
        coordIndex [
            0,1,2,-1,2,1,3,-1,3,4,2,-1,2,4,5,-1,2,5,6,-1,6,5,7,-1,7,5,8,-1,7,8,9,-1,10,11,12,-1,10,12,13,-1,14,12,15,-1,15,12,16,-1,8,17,9,-1,9,17,18,-1,9,18,19,-1,19,18,20,-1,19,20,12,-1,12,20,21,-1,12,21,13,-1,11,22,12,-1,12,22,23,-1,12,23,16,-1,
        ]
    }
}
Shape{
    appearance Appearance {
        material  Material 	{
            diffuseColor 0.0 0.0 0.0
            specularColor 0.0 0.0 0.0
            ambientIntensity 0.0
            transparency 0.0
            shininess 0.5
        }
    }
    geometry IndexedFaceSet {
        ccw TRUE
        solid FALSE
        coord DEF co Coordinate {
            point [
                5.687 -0.7786 0.4857, 5.6909 -0.7786 0.4857, 5.6909 -0.7746 0.4833, 5.6909 -0.7621 0.4802, 5.687 -0.7621 0.4802, 5.687 -0.7683 0.4809, 5.6909 -0.7683 0.4809, 5.687 -0.7739 0.483, 5.687 -0.7746 0.4833, 5.6909 -0.7786 0.4754, 5.687 -0.7786 0.4754, 5.6909 -0.7714 0.4729, 5.687 -0.7739 0.4738, 5.687 -0.763 0.472, 5.6909 -0.763 0.472, 5.687 -0.7696 0.4727, 5.687 -0.7714 0.4729, 5.687 -0.7566 0.4727, 5.6909 -0.7549 0.4729, 5.687 -0.7549 0.4729, 5.687 -0.7494 0.4748, 5.6909 -0.7494 0.4748, 5.687 -0.7464 0.4766, 5.6909 -0.7464 0.4766, 5.687 -0.7435 0.4791, 5.6909 -0.7435 0.4791, 5.687 -0.7416 0.4817, 5.6909 -0.7416 0.4817, 5.687 -0.7404 0.4849, 5.6909 -0.7404 0.4849, 5.687 -0.7399 0.4889, 5.6909 -0.7399 0.4889, 5.687 -0.7403 0.4927, 5.6909 -0.7403 0.4927, 5.687 -0.7414 0.4956, 5.6909 -0.7414 0.4956, 5.687 -0.7433 0.4984, 5.6909 -0.7433 0.4984, 5.687 -0.7457 0.5005, 5.6909 -0.7457 0.5005, 5.687 -0.7523 0.5042, 5.6909 -0.7523 0.5042, 5.687 -0.7562 0.5058, 5.6909 -0.7562 0.5058, 5.687 -0.7624 0.5085, 5.6909 -0.7624 0.5085, 5.687 -0.766 0.5107, 5.6909 -0.766 0.5107, 5.687 -0.7669 0.5118, 5.6909 -0.7669 0.5118, 5.687 -0.7677 0.5131, 5.6909 -0.7677 0.5131, 5.687 -0.7681 0.5147, 5.6909 -0.7681 0.5147, 5.687 -0.7682 0.516, 5.6909 -0.7682 0.516, 5.687 -0.768 0.5176, 5.6909 -0.768 0.5176, 5.687 -0.7675 0.519, 5.6909 -0.7675 0.519, 5.687 -0.7666 0.5203, 5.6909 -0.7666 0.5203, 5.687 -0.7651 0.5216, 5.6909 -0.7651 0.5216, 5.687 -0.7629 0.5228, 5.6909 -0.7629 0.5228, 5.687 -0.7602 0.5235, 5.6909 -0.7602 0.5235, 5.687 -0.7572 0.5237, 5.6909 -0.7572 0.5237, 5.687 -0.7506 0.523, 5.6909 -0.7506 0.523, 5.687 -0.745 0.5209, 5.6909 -0.745 0.5209, 5.687 -0.7427 0.5196, 5.6909 -0.7427 0.5196, 5.6909 -0.7427 0.5293, 5.687 -0.7427 0.5293, 5.687 -0.7507 0.5315, 5.6909 -0.7507 0.5315, 5.687 -0.7562 0.5319, 5.6909 -0.7562 0.5319, 5.687 -0.7636 0.5311, 5.6909 -0.7636 0.5311, 5.687 -0.7691 0.5291, 5.6909 -0.7691 0.5291, 5.687 -0.7721 0.5273, 5.6909 -0.7721 0.5273, 5.687 -0.7739 0.5257, 5.6909 -0.775 0.5246, 5.687 -0.775 0.5246, 5.687 -0.7769 0.5219, 5.6909 -0.7769 0.5219, 5.687 -0.7781 0.5187, 5.6909 -0.7781 0.5187, 5.687 -0.7785 0.5151, 5.6909 -0.7785 0.5151, 5.687 -0.7781 0.5112, 5.6909 -0.7781 0.5112, 5.687 -0.777 0.5082, 5.6909 -0.777 0.5082, 5.687 -0.7756 0.5061, 5.6909 -0.7756 0.5061, 5.687 -0.7633 0.4985, 5.6909 -0.7633 0.4985, 5.6909 -0.7693 0.5012, 5.687 -0.774 0.5044, 5.6909 -0.774 0.5044, 5.687 -0.7739 0.5043, 5.687 -0.7693 0.5012, 5.687 -0.7567 0.4957, 5.6909 -0.7567 0.4957, 5.687 -0.7528 0.4934, 5.6909 -0.7528 0.4934, 5.687 -0.7516 0.4921, 5.6909 -0.7516 0.4921, 5.687 -0.7508 0.4908, 5.6909 -0.7508 0.4908, 5.687 -0.7503 0.4892, 5.6909 -0.7503 0.4892, 5.687 -0.7502 0.4879, 5.6909 -0.7502 0.4879, 5.687 -0.7504 0.486, 5.6909 -0.7504 0.486, 5.687 -0.7509 0.4846, 5.6909 -0.7509 0.4846, 5.687 -0.7518 0.4833, 5.6909 -0.7518 0.4833, 5.687 -0.753 0.4823, 5.6909 -0.753 0.4823, 5.687 -0.7539 0.4817, 5.6909 -0.7539 0.4817, 5.687 -0.7565 0.4808, 5.6909 -0.7565 0.4808, 5.687 -0.7616 0.4802, 5.6909 -0.7616 0.4802, 5.6909 -0.6902 0.5306, 5.6909 -0.6798 0.5306, 5.687 -0.6902 0.5306, 5.687 -0.6798 0.5306, 5.6909 -0.7058 0.4875, 5.687 -0.7058 0.4875, 5.687 -0.7066 0.4848, 5.6909 -0.7066 0.4848, 5.687 -0.7071 0.4829, 5.6909 -0.7071 0.4829, 5.6909 -0.7073 0.4829, 5.687 -0.7073 0.4829, 5.6909 -0.7086 0.4876, 5.687 -0.7086 0.4876, 5.687 -0.7235 0.5306, 5.6909 -0.7235 0.5306, 5.687 -0.7187 0.5166, 5.6909 -0.7347 0.5306, 5.687 -0.7347 0.5306, 5.687 -0.7123 0.4735, 5.6909 -0.7123 0.4735, 5.687 -0.7187 0.4897, 5.687 -0.7167 0.4631, 5.6909 -0.7167 0.4631, 5.687 -0.7126 0.4727, 5.687 -0.7186 0.4595, 5.6909 -0.7186 0.4595, 5.687 -0.7187 0.4595, 5.6909 -0.7205 0.4574, 5.687 -0.7205 0.4574, 5.687 -0.7224 0.4561, 5.6909 -0.7224 0.4561, 5.687 -0.7245 0.4553, 5.6909 -0.7245 0.4553, 5.687 -0.727 0.455, 5.6909 -0.727 0.455, 5.687 -0.7306 0.4555, 5.6909 -0.7306 0.4555, 5.687 -0.7326 0.4562, 5.6909 -0.7326 0.4562, 5.6909 -0.7326 0.4472, 5.687 -0.7326 0.4472, 5.687 -0.7284 0.4465, 5.6909 -0.7284 0.4465, 5.687 -0.7262 0.4464, 5.6909 -0.7262 0.4464, 5.687 -0.7221 0.4469, 5.6909 -0.7221 0.4469, 5.687 -0.7187 0.4482, 5.6909 -0.7182 0.4484, 5.687 -0.7182 0.4484, 5.687 -0.7147 0.4509, 5.6909 -0.7147 0.4509, 5.687 -0.714 0.4515, 5.6909 -0.714 0.4515, 5.687 -0.7103 0.4559, 5.6909 -0.7103 0.4559, 5.687 -0.7058 0.4647, 5.6909 -0.7058 0.4647, 5.687 -0.7026 0.4727, 5.6909 -0.6259 0.4825, 5.6909 -0.6259 0.4734, 5.687 -0.6259 0.4825, 5.687 -0.6259 0.4734, 5.687 -0.6587 0.4825, 5.6909 -0.6587 0.4825, 5.687 -0.6437 0.4825, 5.6909 -0.6587 0.5094, 5.687 -0.6587 0.5094, 5.687 -0.63 0.5094, 5.6909 -0.63 0.5094, 5.687 -0.6437 0.5094, 5.6909 -0.63 0.5186, 5.687 -0.63 0.5186, 5.687 -0.6587 0.5186, 5.6909 -0.6587 0.5186, 5.687 -0.6437 0.5186, 5.6909 -0.6587 0.5442, 5.687 -0.6587 0.5442, 5.687 -0.6278 0.5442, 5.6909 -0.6278 0.5442, 5.687 -0.6437 0.5442, 5.6909 -0.6278 0.5534, 5.687 -0.6278 0.5534, 5.687 -0.669 0.5534, 5.6909 -0.669 0.5534, 5.687 -0.6437 0.5534, 5.6909 -0.669 0.4734, 5.687 -0.669 0.4734, 5.687 -0.6437 0.4734, 5.6909 -0.5609 0.4961, 5.6909 -0.5651 0.4908, 5.6909 -0.5577 0.4846, 5.6909 -0.5666 0.4894, 5.6909 -0.566 0.4786, 5.6909 -0.5719 0.486, 5.6909 -0.5751 0.4751, 5.6909 -0.5788 0.4836, 5.6909 -0.5888 0.4734, 5.6909 -0.5889 0.4825, 5.6909 -0.6108 0.4734, 5.6909 -0.6005 0.4825, 5.6909 -0.6108 0.5534, 5.6909 -0.6005 0.5442, 5.6909 -0.588 0.5534, 5.6909 -0.5884 0.5442, 5.6909 -0.5752 0.552, 5.6909 -0.5784 0.5432, 5.6909 -0.5656 0.5483, 5.6909 -0.5714 0.5407, 5.6909 -0.5577 0.5428, 5.6909 -0.5653 0.5367, 5.6909 -0.5544 0.5395, 5.6909 -0.5626 0.5339, 5.6909 -0.5496 0.5324, 5.6909 -0.5596 0.5293, 5.6909 -0.5468 0.5246, 5.6909 -0.5574 0.5232, 5.6909 -0.5456 0.5144, 5.6909 -0.5565 0.5141, 5.6909 -0.5459 0.5087, 5.6909 -0.5567 0.5096, 5.6909 -0.548 0.4995, 5.6909 -0.5582 0.5021, 5.6909 -0.552 0.4912, 5.687 -0.5888 0.4734, 5.687 -0.6108 0.4734, 5.687 -0.5751 0.4751, 5.687 -0.566 0.4786, 5.687 -0.5577 0.4846, 5.687 -0.552 0.4912, 5.687 -0.548 0.4995, 5.687 -0.5459 0.5087, 5.687 -0.5456 0.5144, 5.687 -0.5468 0.5246, 5.687 -0.5496 0.5324, 5.687 -0.5544 0.5395, 5.687 -0.5577 0.5428, 5.687 -0.5656 0.5483, 5.687 -0.5752 0.552, 5.687 -0.588 0.5534, 5.687 -0.6108 0.5534, 5.687 -0.5884 0.5442, 5.687 -0.6005 0.5442, 5.687 -0.6005 0.4825, 5.687 -0.5889 0.4825, 5.687 -0.5651 0.4908, 5.687 -0.5666 0.4894, 5.687 -0.5719 0.486, 5.687 -0.5788 0.4836, 5.687 -0.5565 0.5141, 5.687 -0.5567 0.5096, 5.687 -0.5582 0.5021, 5.687 -0.5609 0.4961, 5.687 -0.5653 0.5367, 5.687 -0.5626 0.5339, 5.687 -0.5596 0.5293, 5.687 -0.5574 0.5232, 5.687 -0.5784 0.5432, 5.687 -0.5714 0.5407
            ]
        }
        coordIndex [
            0,1,2,-1,3,4,5,-1,3,5,6,-1,6,5,7,-1,6,7,2,-1,2,7,8,-1,2,8,0,-1,9,1,10,-1,10,1,0,-1,9,10,11,-1,11,10,12,-1,13,14,15,-1,15,14,11,-1,15,11,16,-1,16,11,12,-1,13,17,14,-1,14,17,18,-1,17,19,18,-1,18,19,20,-1,18,20,21,-1,21,20,22,-1,21,22,23,-1,23,22,24,-1,23,24,25,-1,25,24,26,-1,25,26,27,-1,27,26,28,-1,27,28,29,-1,29,28,30,-1,29,30,31,-1,31,30,32,-1,31,32,33,-1,33,32,34,-1,33,34,35,-1,35,34,36,-1,35,36,37,-1,37,36,38,-1,37,38,39,-1,39,38,40,-1,39,40,41,-1,41,40,42,-1,41,42,43,-1,43,42,44,-1,43,44,45,-1,45,44,46,-1,45,46,47,-1,47,46,48,-1,47,48,49,-1,49,48,50,-1,49,50,51,-1,51,50,52,-1,51,52,53,-1,53,52,54,-1,53,54,55,-1,55,54,56,-1,55,56,57,-1,57,56,58,-1,57,58,59,-1,59,58,60,-1,59,60,61,-1,61,60,62,-1,61,62,63,-1,63,62,64,-1,63,64,65,-1,65,64,66,-1,65,66,67,-1,67,66,68,-1,67,68,69,-1,69,68,70,-1,69,70,71,-1,71,70,72,-1,71,72,73,-1,73,72,74,-1,73,74,75,-1,76,75,77,-1,77,75,74,-1,76,77,78,-1,76,78,79,-1,79,78,80,-1,79,80,81,-1,81,80,82,-1,81,82,83,-1,83,82,84,-1,83,84,85,-1,85,84,86,-1,85,86,87,-1,86,88,87,-1,87,88,89,-1,88,90,89,-1,89,90,91,-1,89,91,92,-1,92,91,93,-1,92,93,94,-1,94,93,95,-1,94,95,96,-1,96,95,97,-1,96,97,98,-1,98,97,99,-1,98,99,100,-1,100,99,101,-1,100,101,102,-1,103,104,105,-1,102,101,106,-1,102,106,107,-1,107,106,108,-1,107,108,105,-1,105,108,109,-1,105,109,103,-1,104,103,110,-1,104,110,111,-1,111,110,112,-1,111,112,113,-1,113,112,114,-1,113,114,115,-1,115,114,116,-1,115,116,117,-1,117,116,118,-1,117,118,119,-1,119,118,120,-1,119,120,121,-1,121,120,122,-1,121,122,123,-1,123,122,124,-1,123,124,125,-1,125,124,126,-1,125,126,127,-1,127,126,128,-1,127,128,129,-1,129,128,130,-1,129,130,131,-1,131,130,132,-1,131,132,133,-1,133,132,134,-1,133,134,135,-1,135,134,4,-1,135,4,3,-1,61,63,85,-1,85,63,83,-1,111,43,104,-1,104,43,45,-1,21,23,127,-1,127,23,25,-1,127,25,125,-1,125,25,27,-1,125,27,123,-1,123,27,29,-1,123,29,121,-1,121,29,31,-1,121,31,119,-1,119,31,33,-1,119,33,117,-1,117,33,35,-1,117,35,115,-1,115,35,37,-1,115,37,113,-1,113,37,39,-1,113,39,111,-1,111,39,41,-1,111,41,43,-1,14,3,11,-1,11,3,6,-1,11,6,9,-1,9,6,2,-1,9,2,1,-1,63,65,83,-1,83,65,67,-1,83,67,81,-1,81,67,69,-1,81,69,79,-1,79,69,71,-1,79,71,76,-1,76,71,73,-1,76,73,75,-1,127,129,21,-1,21,129,131,-1,21,131,18,-1,18,131,133,-1,18,133,14,-1,14,133,135,-1,14,135,3,-1,85,87,61,-1,61,87,89,-1,61,89,59,-1,59,89,92,-1,59,92,57,-1,57,92,94,-1,57,94,55,-1,55,94,96,-1,55,96,53,-1,53,96,98,-1,53,98,51,-1,51,98,100,-1,51,100,49,-1,49,100,102,-1,49,102,47,-1,47,102,107,-1,47,107,45,-1,45,107,105,-1,45,105,104,-1,136,137,138,-1,138,137,139,-1,140,136,141,-1,141,136,138,-1,140,141,142,-1,140,142,143,-1,143,142,144,-1,143,144,145,-1,146,145,147,-1,147,145,144,-1,148,146,149,-1,149,146,147,-1,150,151,152,-1,152,151,148,-1,152,148,149,-1,153,151,154,-1,154,151,150,-1,155,156,157,-1,157,156,153,-1,157,153,154,-1,158,159,160,-1,160,159,156,-1,160,156,155,-1,159,158,161,-1,159,161,162,-1,162,161,163,-1,162,163,164,-1,163,165,164,-1,164,165,166,-1,164,166,167,-1,167,166,168,-1,167,168,169,-1,169,168,170,-1,169,170,171,-1,171,170,172,-1,171,172,173,-1,173,172,174,-1,173,174,175,-1,176,175,177,-1,177,175,174,-1,176,177,178,-1,176,178,179,-1,179,178,180,-1,179,180,181,-1,181,180,182,-1,181,182,183,-1,183,182,184,-1,183,184,185,-1,184,186,185,-1,185,186,187,-1,185,187,188,-1,188,187,189,-1,188,189,190,-1,190,189,191,-1,190,191,192,-1,192,191,193,-1,192,193,194,-1,139,137,195,-1,195,137,194,-1,195,194,193,-1,143,145,194,-1,137,136,194,-1,194,136,140,-1,194,140,143,-1,151,153,148,-1,148,153,156,-1,148,156,146,-1,192,162,190,-1,190,162,164,-1,175,176,173,-1,173,176,179,-1,173,179,171,-1,171,179,181,-1,171,181,169,-1,169,181,183,-1,169,183,167,-1,167,183,185,-1,167,185,164,-1,164,185,188,-1,164,188,190,-1,145,146,194,-1,194,146,156,-1,194,156,192,-1,192,156,159,-1,192,159,162,-1,196,197,198,-1,198,197,199,-1,200,201,202,-1,202,201,196,-1,202,196,198,-1,203,201,204,-1,204,201,200,-1,205,206,207,-1,207,206,203,-1,207,203,204,-1,208,206,209,-1,209,206,205,-1,210,211,212,-1,212,211,208,-1,212,208,209,-1,213,211,214,-1,214,211,210,-1,215,216,217,-1,217,216,213,-1,217,213,214,-1,218,216,219,-1,219,216,215,-1,220,221,222,-1,222,221,218,-1,222,218,219,-1,223,221,224,-1,224,221,220,-1,199,197,225,-1,225,197,223,-1,225,223,224,-1,197,196,223,-1,223,196,201,-1,206,208,203,-1,203,208,211,-1,216,218,213,-1,213,218,221,-1,213,221,211,-1,211,221,223,-1,211,223,203,-1,203,223,201,-1,226,227,228,-1,228,227,229,-1,228,229,230,-1,230,229,231,-1,230,231,232,-1,232,231,233,-1,232,233,234,-1,234,233,235,-1,234,235,236,-1,236,235,237,-1,236,237,238,-1,238,237,239,-1,238,239,240,-1,240,239,241,-1,240,241,242,-1,242,241,243,-1,242,243,244,-1,244,243,245,-1,244,245,246,-1,246,245,247,-1,246,247,248,-1,248,247,249,-1,248,249,250,-1,250,249,251,-1,250,251,252,-1,252,251,253,-1,252,253,254,-1,254,253,255,-1,254,255,256,-1,256,255,257,-1,256,257,258,-1,258,257,259,-1,258,259,260,-1,260,259,226,-1,260,226,228,-1,234,236,261,-1,261,236,262,-1,234,261,263,-1,234,263,232,-1,232,263,264,-1,232,264,230,-1,230,264,265,-1,230,265,228,-1,228,265,266,-1,228,266,260,-1,260,266,267,-1,260,267,258,-1,258,267,268,-1,258,268,256,-1,256,268,269,-1,256,269,254,-1,254,269,270,-1,254,270,252,-1,252,270,271,-1,252,271,250,-1,250,271,272,-1,250,272,248,-1,248,272,273,-1,248,273,246,-1,246,273,274,-1,246,274,244,-1,244,274,275,-1,244,275,242,-1,242,275,276,-1,242,276,240,-1,238,240,277,-1,277,240,276,-1,236,238,262,-1,262,238,277,-1,241,239,278,-1,278,239,279,-1,239,237,279,-1,279,237,280,-1,237,235,280,-1,280,235,281,-1,227,282,283,-1,227,283,229,-1,229,283,284,-1,229,284,231,-1,231,284,285,-1,231,285,233,-1,233,285,281,-1,233,281,235,-1,255,286,287,-1,255,287,257,-1,257,287,288,-1,257,288,259,-1,259,288,289,-1,259,289,226,-1,226,289,282,-1,226,282,227,-1,247,290,291,-1,247,291,249,-1,249,291,292,-1,249,292,251,-1,251,292,293,-1,251,293,253,-1,253,293,286,-1,253,286,255,-1,241,278,294,-1,241,294,243,-1,243,294,295,-1,243,295,245,-1,245,295,290,-1,245,290,247,-1,
        ]
    }
}
Shape{
    appearance Appearance {
        material  Material 	{
            diffuseColor 0.996078431372549 0.8705882352941177 0.7607843137254902
            specularColor 0.4980392156862745 0.43529411764705883 0.3803921568627451
            ambientIntensity 0.8956
            transparency 0.0
            shininess 0.5
        }
    }
    geometry IndexedFaceSet {
        ccw TRUE
        solid FALSE
        coord DEF co Coordinate {
            point [
                5.687 -0.6005 0.5442, 5.687 -0.6005 0.4825, 5.687 -0.5884 0.5442, 5.687 -0.5889 0.4825, 5.687 -0.5788 0.4836, 5.687 -0.5719 0.486, 5.687 -0.5666 0.4894, 5.687 -0.5651 0.4908, 5.687 -0.5609 0.4961, 5.687 -0.5582 0.5021, 5.687 -0.5567 0.5096, 5.687 -0.5565 0.5141, 5.687 -0.5574 0.5232, 5.687 -0.5596 0.5293, 5.687 -0.5626 0.5339, 5.687 -0.5653 0.5367, 5.687 -0.5784 0.5432, 5.687 -0.5714 0.5407
            ]
        }
        coordIndex [
            0,1,2,-1,2,1,3,-1,2,3,4,-1,4,5,2,-1,2,5,6,-1,2,6,7,-1,7,8,2,-1,2,8,9,-1,2,9,10,-1,10,11,2,-1,2,11,12,-1,2,12,13,-1,13,14,2,-1,2,14,15,-1,2,15,16,-1,16,15,17,-1,
        ]
    }
}
Shape{
    appearance Appearance {
        material  Material 	{
            diffuseColor 0.0 0.0 0.0
            specularColor 0.0 0.0 0.0
            ambientIntensity 0.0
            transparency 0.0
            shininess 0.5
        }
    }
    geometry IndexedFaceSet {
        ccw TRUE
        solid FALSE
        coord DEF co Coordinate {
            point [
                5.6909 -0.5188 0.5043, 5.6909 -0.5221 0.4953, 5.6909 -0.4919 0.5043, 5.6909 -0.4887 0.4953, 5.6909 -0.5068 0.5376, 5.6909 -0.5107 0.5534, 5.6909 -0.5412 0.4734, 5.6909 -0.5298 0.4734, 5.6909 -0.5061 0.54, 5.6909 -0.5055 0.5432, 5.6909 -0.4996 0.5534, 5.6909 -0.5053 0.5432, 5.6909 -0.5046 0.5398, 5.6909 -0.504 0.5376, 5.6909 -0.4691 0.4734, 5.6909 -0.4806 0.4734, 5.687 -0.4996 0.5534, 5.687 -0.4691 0.4734, 5.687 -0.5107 0.5534, 5.687 -0.5412 0.4734, 5.687 -0.5298 0.4734, 5.687 -0.5221 0.4953, 5.687 -0.4887 0.4953, 5.687 -0.4806 0.4734, 5.687 -0.5188 0.5043, 5.687 -0.4919 0.5043, 5.687 -0.504 0.5376, 5.687 -0.5053 0.5432, 5.687 -0.5046 0.5398, 5.687 -0.5055 0.5432, 5.687 -0.5068 0.5376, 5.687 -0.5061 0.54
            ]
        }
        coordIndex [
            0,1,2,-1,2,1,3,-1,4,5,0,-1,0,5,6,-1,0,6,1,-1,1,6,7,-1,4,8,5,-1,5,8,9,-1,5,9,10,-1,10,9,11,-1,10,11,12,-1,12,13,10,-1,10,13,2,-1,10,2,14,-1,14,2,3,-1,14,3,15,-1,10,14,16,-1,16,14,17,-1,5,10,18,-1,18,10,16,-1,6,5,19,-1,19,5,18,-1,7,6,20,-1,20,6,19,-1,1,7,21,-1,21,7,20,-1,3,1,22,-1,22,1,21,-1,15,3,23,-1,23,3,22,-1,14,15,17,-1,17,15,23,-1,0,2,24,-1,24,2,25,-1,2,13,25,-1,25,13,26,-1,11,27,28,-1,11,28,12,-1,12,28,26,-1,12,26,13,-1,11,9,27,-1,27,9,29,-1,4,30,31,-1,4,31,8,-1,8,31,29,-1,8,29,9,-1,4,0,30,-1,30,0,24,-1,
        ]
    }
}
Shape{
    appearance Appearance {
        material  Material 	{
            diffuseColor 0.996078431372549 0.8705882352941177 0.7607843137254902
            specularColor 0.4980392156862745 0.43529411764705883 0.3803921568627451
            ambientIntensity 0.8956
            transparency 0.0
            shininess 0.5
        }
    }
    geometry IndexedFaceSet {
        ccw TRUE
        solid FALSE
        coord DEF co Coordinate {
            point [
                5.687 -0.5053 0.5432, 5.687 -0.5055 0.5432, 5.687 -0.5046 0.5398, 5.687 -0.5061 0.54, 5.687 -0.504 0.5376, 5.687 -0.5068 0.5376, 5.687 -0.4919 0.5043, 5.687 -0.5188 0.5043
            ]
        }
        coordIndex [
            0,1,2,-1,2,1,3,-1,2,3,4,-1,4,3,5,-1,4,5,6,-1,6,5,7,-1,
        ]
    }
}
Shape{
    appearance Appearance {
        material  Material 	{
            diffuseColor 0.0 0.0 0.0
            specularColor 0.0 0.0 0.0
            ambientIntensity 0.0
            transparency 0.0
            shininess 0.5
        }
    }
    geometry IndexedFaceSet {
        ccw TRUE
        solid FALSE
        coord DEF co Coordinate {
            point [
                5.6909 -1.2445 0.4621, 5.6909 -1.236 0.4517, 5.6909 -1.2495 0.5124, 5.6909 -1.2589 0.6117, 5.6909 -1.2461 0.6183, 5.6909 -1.2498 0.653, 5.6909 -1.1491 0.4603, 5.6909 -1.1425 0.4731, 5.6909 -1.1393 0.4872, 5.6909 -1.2142 0.6547, 5.6909 -1.1966 0.6131, 5.6909 -1.1878 0.6312, 5.6909 -1.2273 0.6558, 5.6909 -1.0594 0.5403, 5.6909 -1.077 0.5704, 5.6909 -1.1391 0.4981, 5.6909 -1.1533 0.5306, 5.6909 -1.1391 0.4924, 5.6909 -1.1699 0.4419, 5.6909 -1.1585 0.4497, 5.6909 -1.2187 0.4902, 5.6909 -1.2177 0.4849, 5.6909 -1.2154 0.4801, 5.6909 -1.0406 0.5966, 5.6909 -1.036 0.5966, 5.6909 -1.0127 0.6274, 5.6909 -1.0248 0.5952, 5.6909 -1.0101 0.6265, 5.6909 -1.0149 0.5912, 5.6909 -0.9931 0.6181, 5.6909 -0.9776 0.6051, 5.6909 -1.2026 0.6683, 5.6909 -1.175 0.6465, 5.6909 -1.1892 0.6797, 5.6909 -1.1599 0.6575, 5.6909 -1.1753 0.6883, 5.6909 -1.2614 0.5196, 5.6909 -1.2574 0.4764, 5.6909 -1.2501 0.4742, 5.6909 -1.232 0.6214, 5.6909 -1.2267 0.6217, 5.6909 -1.2208 0.6555, 5.6909 -1.2138 0.6201, 5.6909 -1.2011 0.6156, 5.6909 -1.1785 0.479, 5.6909 -1.1816 0.4755, 5.6909 -1.1859 0.4724, 5.6909 -1.1826 0.4371, 5.6909 -1.1909 0.4704, 5.6909 -1.196 0.4355, 5.6909 -1.1966 0.4697, 5.6909 -1.1984 0.4356, 5.6909 -1.1975 0.4697, 5.6909 -1.2118 0.4377, 5.6909 -1.2027 0.4705, 5.6909 -1.2249 0.4433, 5.6909 -1.2078 0.4727, 5.6909 -1.2122 0.4761, 5.6909 -1.1758 0.4998, 5.6909 -1.1745 0.4945, 5.6909 -1.1745 0.4893, 5.6909 -1.1759 0.4839, 5.6909 -1.2709 0.6448, 5.6909 -1.289 0.6321, 5.6909 -1.2695 0.6023, 5.6909 -1.2928 0.6285, 5.6909 -1.2773 0.5909, 5.6909 -1.3065 0.6108, 5.6909 -1.2821 0.5782, 5.6909 -1.2184 0.4958, 5.6909 -1.2168 0.5011, 5.6909 -1.243 0.5249, 5.6909 -1.2138 0.5059, 5.6909 -1.2336 0.5356, 5.6909 -1.2116 0.5082, 5.6909 -1.2219 0.5436, 5.6909 -1.2071 0.5114, 5.6909 -1.2093 0.5483, 5.6909 -1.2021 0.5134, 5.6909 -1.196 0.5499, 5.6909 -1.1966 0.5141, 5.6909 -1.189 0.5495, 5.6909 -1.1918 0.5136, 5.6909 -1.1753 0.5461, 5.6909 -1.1865 0.5117, 5.6909 -1.1632 0.5396, 5.6909 -1.182 0.5086, 5.6909 -1.1783 0.5045, 5.6909 -1.0061 0.585, 5.6909 -1.0007 0.5791, 5.6909 -0.966 0.5889, 5.6909 -0.9951 0.5695, 5.6909 -0.959 0.5715, 5.6909 -0.9921 0.5587, 5.6909 -0.9563 0.5528, 5.6909 -0.9916 0.5522, 5.6909 -0.9589 0.5326, 5.6909 -0.9931 0.5407, 5.6909 -0.966 0.5146, 5.6909 -0.9972 0.5306, 5.6909 -0.9774 0.4987, 5.6909 -1.0034 0.5219, 5.6909 -0.9928 0.4856, 5.6909 -1.0117 0.5148, 5.6909 -1.0102 0.4771, 5.6909 -1.0217 0.51, 5.6909 -1.0292 0.4731, 5.6909 -1.0326 0.5078, 5.6909 -1.0628 0.4731, 5.6909 -1.0582 0.5078, 5.6909 -1.066 0.4736, 5.6909 -1.0434 0.6723, 5.6909 -1.066 0.6465, 5.6909 -1.0247 0.6507, 5.6909 -1.0531 0.6312, 5.6909 -1.0442 0.6129, 5.6909 -1.0611 0.5083, 5.6909 -1.0748 0.4791, 5.6909 -1.0735 0.4777, 5.6909 -1.1491 0.6985, 5.6909 -1.1414 0.6651, 5.6909 -1.1209 0.7019, 5.6909 -1.1203 0.6678, 5.6909 -1.0974 0.6995, 5.6909 -1.1009 0.6654, 5.6909 -1.0688 0.6894, 5.6909 -1.083 0.6585, 5.6909 -1.067 0.6474, 5.6909 -1.0594 0.508, 5.6909 -1.0698 0.4751, 5.6909 -1.3156 0.5903, 5.6909 -1.3194 0.5689, 5.6909 -1.2837 0.5647, 5.6909 -1.3195 0.5636, 5.6909 -1.283 0.5563, 5.6909 -1.3167 0.5412, 5.6909 -1.279 0.5423, 5.6909 -1.3086 0.52, 5.6909 -1.2717 0.53, 5.6909 -1.2956 0.5016, 5.6909 -1.2779 0.4865, 5.6909 -1.0793 0.4907, 5.6909 -1.0788 0.4865, 5.6909 -1.0773 0.4826, 5.6909 -1.0661 0.5078, 5.6909 -1.07 0.5063, 5.6909 -1.0792 0.493, 5.6909 -1.0735 0.5038, 5.6909 -1.0758 0.5012, 5.6909 -1.078 0.4973, 5.6909 -1.0617 0.5084, 5.687 -0.9563 0.5528, 5.687 -0.959 0.5715, 5.687 -0.9609 0.5762, 5.687 -0.966 0.5889, 5.687 -0.9776 0.6051, 5.687 -0.9931 0.6181, 5.687 -1.0101 0.6265, 5.687 -1.0127 0.6274, 5.687 -1.0247 0.6507, 5.687 -1.0434 0.6723, 5.687 -1.0565 0.6811, 5.687 -1.0688 0.6894, 5.687 -1.0974 0.6995, 5.687 -1.1209 0.7019, 5.687 -1.1491 0.6985, 5.687 -1.1753 0.6883, 5.687 -1.1869 0.6811, 5.687 -1.1892 0.6797, 5.687 -1.2026 0.6683, 5.687 -1.2142 0.6547, 5.687 -1.2208 0.6555, 5.687 -1.2273 0.6558, 5.687 -1.2498 0.653, 5.687 -1.2709 0.6448, 5.687 -1.289 0.6321, 5.687 -1.2928 0.6285, 5.687 -1.3156 0.5903, 5.687 -1.3065 0.6108, 5.687 -1.3181 0.5762, 5.687 -1.3194 0.5689, 5.687 -1.3195 0.5636, 5.687 -1.3167 0.5412, 5.687 -1.3086 0.52, 5.687 -1.2956 0.5016, 5.687 -1.2779 0.4865, 5.687 -1.2574 0.4764, 5.687 -1.2501 0.4742, 5.687 -1.2494 0.4727, 5.687 -1.2445 0.4621, 5.687 -1.236 0.4517, 5.687 -1.2249 0.4433, 5.687 -1.2195 0.441, 5.687 -1.2118 0.4377, 5.687 -1.1984 0.4356, 5.687 -1.196 0.4355, 5.687 -1.1826 0.4371, 5.687 -1.1724 0.441, 5.687 -1.1699 0.4419, 5.687 -1.1585 0.4497, 5.687 -1.1491 0.4603, 5.687 -1.1427 0.4727, 5.687 -1.1425 0.4731, 5.687 -1.1393 0.4872, 5.687 -1.1391 0.4924, 5.687 -1.1391 0.4981, 5.687 -1.0594 0.5403, 5.687 -1.077 0.5704, 5.687 -1.1533 0.5306, 5.687 -1.1632 0.5396, 5.687 -1.1753 0.5461, 5.687 -1.189 0.5495, 5.687 -1.196 0.5499, 5.687 -1.2093 0.5483, 5.687 -1.2219 0.5436, 5.687 -1.2336 0.5356, 5.687 -1.243 0.5249, 5.687 -1.2495 0.5124, 5.687 -1.2614 0.5196, 5.687 -1.2717 0.53, 5.687 -1.279 0.5423, 5.687 -1.283 0.5563, 5.687 -1.2837 0.5647, 5.687 -1.2823 0.5762, 5.687 -1.2821 0.5782, 5.687 -1.2773 0.5909, 5.687 -1.2695 0.6023, 5.687 -1.2589 0.6117, 5.687 -1.2461 0.6183, 5.687 -1.232 0.6214, 5.687 -1.2267 0.6217, 5.687 -1.2138 0.6201, 5.687 -1.2011 0.6156, 5.687 -1.1966 0.6131, 5.687 -1.1878 0.6312, 5.687 -1.175 0.6465, 5.687 -1.1599 0.6575, 5.687 -1.1414 0.6651, 5.687 -1.1203 0.6678, 5.687 -1.1009 0.6654, 5.687 -1.083 0.6585, 5.687 -1.067 0.6474, 5.687 -1.066 0.6465, 5.687 -1.0531 0.6312, 5.687 -1.0442 0.6129, 5.687 -1.0406 0.5966, 5.687 -1.036 0.5966, 5.687 -1.0248 0.5952, 5.687 -1.0149 0.5912, 5.687 -1.0061 0.585, 5.687 -1.0007 0.5791, 5.687 -0.9991 0.5762, 5.687 -0.9951 0.5695, 5.687 -0.9921 0.5587, 5.687 -0.9916 0.5522, 5.687 -0.9931 0.5407, 5.687 -0.9972 0.5306, 5.687 -1.0034 0.5219, 5.687 -1.0117 0.5148, 5.687 -1.0217 0.51, 5.687 -1.0326 0.5078, 5.687 -1.0582 0.5078, 5.687 -1.0594 0.508, 5.687 -1.0611 0.5083, 5.687 -1.0617 0.5084, 5.687 -1.0661 0.5078, 5.687 -1.07 0.5063, 5.687 -1.0735 0.5038, 5.687 -1.0758 0.5012, 5.687 -1.078 0.4973, 5.687 -1.0792 0.493, 5.687 -1.0793 0.4907, 5.687 -1.0788 0.4865, 5.687 -1.0773 0.4826, 5.687 -1.0748 0.4791, 5.687 -1.0735 0.4777, 5.687 -1.0698 0.4751, 5.687 -1.066 0.4736, 5.687 -1.0628 0.4731, 5.687 -1.0292 0.4731, 5.687 -1.0102 0.4771, 5.687 -0.9928 0.4856, 5.687 -0.9774 0.4987, 5.687 -0.966 0.5146, 5.687 -0.9589 0.5326, 5.687 -1.1966 0.5141, 5.687 -1.1918 0.5136, 5.687 -1.1865 0.5117, 5.687 -1.182 0.5086, 5.687 -1.1783 0.5045, 5.687 -1.1758 0.4998, 5.687 -1.1745 0.4945, 5.687 -1.1745 0.4893, 5.687 -1.1759 0.4839, 5.687 -1.1785 0.479, 5.687 -1.1816 0.4755, 5.687 -1.1859 0.4724, 5.687 -1.1909 0.4704, 5.687 -1.1966 0.4697, 5.687 -1.1975 0.4697, 5.687 -1.2027 0.4705, 5.687 -1.2078 0.4727, 5.687 -1.2122 0.4761, 5.687 -1.2154 0.4801, 5.687 -1.2177 0.4849, 5.687 -1.2187 0.4902, 5.687 -1.2184 0.4958, 5.687 -1.2168 0.5011, 5.687 -1.2138 0.5059, 5.687 -1.2116 0.5082, 5.687 -1.2071 0.5114, 5.687 -1.2021 0.5134
            ]
        }
        coordIndex [
            0,1,2,-1,3,4,5,-1,6,7,8,-1,9,10,11,-1,5,4,12,-1,13,14,15,-1,15,14,16,-1,15,16,17,-1,17,16,18,-1,17,18,8,-1,8,18,19,-1,8,19,6,-1,20,2,21,-1,21,2,1,-1,21,1,22,-1,23,24,25,-1,25,24,26,-1,25,26,27,-1,27,26,28,-1,27,28,29,-1,29,28,30,-1,9,11,31,-1,31,11,32,-1,31,32,33,-1,33,32,34,-1,33,34,35,-1,36,37,2,-1,2,37,38,-1,2,38,0,-1,4,39,12,-1,12,39,40,-1,12,40,41,-1,41,40,42,-1,41,42,9,-1,9,42,43,-1,9,43,10,-1,44,45,18,-1,18,45,46,-1,18,46,47,-1,47,46,48,-1,47,48,49,-1,49,48,50,-1,49,50,51,-1,51,50,52,-1,51,52,53,-1,53,52,54,-1,53,54,55,-1,55,54,56,-1,55,56,1,-1,1,56,57,-1,1,57,22,-1,58,59,16,-1,16,59,60,-1,16,60,18,-1,18,60,61,-1,18,61,44,-1,5,62,3,-1,3,62,63,-1,3,63,64,-1,64,63,65,-1,64,65,66,-1,66,65,67,-1,66,67,68,-1,20,69,2,-1,2,69,70,-1,2,70,71,-1,71,70,72,-1,71,72,73,-1,73,72,74,-1,73,74,75,-1,75,74,76,-1,75,76,77,-1,77,76,78,-1,77,78,79,-1,79,78,80,-1,79,80,81,-1,81,80,82,-1,81,82,83,-1,83,82,84,-1,83,84,85,-1,85,84,86,-1,85,86,16,-1,16,86,87,-1,16,87,58,-1,28,88,30,-1,30,88,89,-1,30,89,90,-1,90,89,91,-1,90,91,92,-1,92,91,93,-1,92,93,94,-1,94,93,95,-1,94,95,96,-1,96,95,97,-1,96,97,98,-1,98,97,99,-1,98,99,100,-1,100,99,101,-1,100,101,102,-1,102,101,103,-1,102,103,104,-1,104,103,105,-1,104,105,106,-1,106,105,107,-1,106,107,108,-1,108,107,109,-1,108,109,110,-1,111,112,113,-1,113,112,114,-1,113,114,25,-1,25,114,115,-1,25,115,23,-1,116,117,118,-1,35,34,119,-1,119,34,120,-1,119,120,121,-1,121,120,122,-1,121,122,123,-1,123,122,124,-1,123,124,125,-1,125,124,126,-1,125,126,111,-1,111,126,127,-1,111,127,112,-1,109,128,110,-1,110,128,116,-1,110,116,129,-1,129,116,118,-1,67,130,68,-1,68,130,131,-1,68,131,132,-1,132,131,133,-1,132,133,134,-1,134,133,135,-1,134,135,136,-1,136,135,137,-1,136,137,138,-1,138,137,139,-1,138,139,36,-1,36,139,140,-1,36,140,37,-1,141,142,116,-1,116,142,143,-1,116,143,117,-1,144,145,146,-1,145,147,146,-1,146,147,148,-1,146,148,149,-1,141,116,146,-1,146,116,150,-1,146,150,144,-1,94,151,152,-1,94,152,92,-1,92,152,153,-1,92,153,90,-1,153,154,90,-1,90,154,155,-1,90,155,30,-1,30,155,156,-1,30,156,29,-1,29,156,157,-1,29,157,27,-1,27,157,158,-1,27,158,25,-1,25,158,159,-1,25,159,113,-1,113,159,160,-1,113,160,111,-1,125,111,161,-1,161,111,160,-1,161,162,125,-1,125,162,163,-1,125,163,123,-1,123,163,164,-1,123,164,121,-1,121,164,165,-1,121,165,119,-1,119,165,166,-1,119,166,35,-1,35,166,33,-1,33,166,167,-1,33,167,168,-1,33,168,169,-1,33,169,31,-1,31,169,170,-1,31,170,9,-1,9,170,171,-1,9,171,41,-1,41,171,172,-1,41,172,12,-1,12,172,173,-1,12,173,5,-1,5,173,174,-1,5,174,62,-1,62,174,175,-1,62,175,63,-1,63,175,176,-1,63,176,65,-1,177,67,178,-1,178,67,65,-1,178,65,176,-1,179,131,177,-1,177,131,130,-1,177,130,67,-1,179,180,131,-1,131,180,181,-1,131,181,133,-1,133,181,182,-1,133,182,135,-1,135,182,183,-1,135,183,137,-1,137,183,184,-1,137,184,139,-1,139,184,185,-1,139,185,140,-1,140,185,186,-1,140,186,37,-1,37,186,187,-1,37,187,38,-1,38,187,188,-1,38,188,0,-1,188,189,0,-1,0,189,190,-1,0,190,1,-1,1,190,191,-1,1,191,55,-1,55,191,192,-1,55,192,53,-1,192,193,53,-1,53,193,194,-1,53,194,51,-1,51,194,195,-1,51,195,49,-1,49,195,196,-1,197,18,196,-1,196,18,47,-1,196,47,49,-1,197,198,18,-1,18,198,199,-1,18,199,19,-1,19,199,200,-1,19,200,6,-1,6,200,201,-1,6,201,7,-1,201,202,7,-1,7,202,203,-1,7,203,8,-1,8,203,204,-1,8,204,17,-1,15,17,205,-1,205,17,204,-1,13,15,206,-1,206,15,205,-1,14,13,207,-1,207,13,206,-1,16,14,208,-1,208,14,207,-1,16,208,209,-1,16,209,85,-1,85,209,210,-1,85,210,83,-1,83,210,211,-1,83,211,81,-1,81,211,212,-1,81,212,79,-1,79,212,213,-1,79,213,77,-1,77,213,214,-1,77,214,75,-1,75,214,215,-1,75,215,73,-1,73,215,216,-1,73,216,71,-1,71,216,217,-1,71,217,2,-1,2,217,218,-1,2,218,36,-1,36,218,219,-1,36,219,138,-1,138,219,220,-1,138,220,136,-1,136,220,221,-1,136,221,134,-1,134,221,222,-1,134,222,132,-1,222,223,132,-1,132,223,68,-1,223,224,68,-1,68,224,225,-1,68,225,66,-1,66,225,226,-1,66,226,64,-1,64,226,227,-1,64,227,3,-1,3,227,228,-1,3,228,4,-1,4,228,229,-1,4,229,39,-1,39,229,230,-1,39,230,40,-1,40,230,231,-1,40,231,42,-1,42,231,232,-1,42,232,43,-1,43,232,233,-1,43,233,10,-1,10,233,234,-1,10,234,11,-1,11,234,235,-1,11,235,32,-1,32,235,236,-1,32,236,34,-1,34,236,237,-1,34,237,120,-1,120,237,238,-1,120,238,122,-1,122,238,239,-1,122,239,124,-1,124,239,240,-1,124,240,126,-1,126,240,241,-1,126,241,127,-1,127,241,242,-1,127,242,112,-1,112,242,243,-1,112,243,114,-1,114,243,244,-1,114,244,115,-1,115,244,245,-1,115,245,23,-1,24,23,246,-1,246,23,245,-1,24,246,247,-1,24,247,26,-1,26,247,248,-1,26,248,28,-1,28,248,249,-1,28,249,88,-1,88,249,250,-1,88,250,89,-1,89,250,251,-1,89,251,91,-1,251,252,91,-1,91,252,253,-1,91,253,93,-1,93,253,254,-1,93,254,95,-1,95,254,255,-1,95,255,97,-1,97,255,256,-1,97,256,99,-1,99,256,257,-1,99,257,101,-1,101,257,258,-1,101,258,103,-1,103,258,259,-1,103,259,105,-1,105,259,260,-1,105,260,107,-1,109,107,261,-1,261,107,260,-1,109,261,262,-1,109,262,128,-1,128,262,263,-1,128,263,116,-1,116,263,264,-1,116,264,150,-1,150,264,265,-1,150,265,144,-1,144,265,266,-1,144,266,145,-1,145,266,267,-1,145,267,147,-1,147,267,268,-1,147,268,148,-1,148,268,269,-1,148,269,149,-1,149,269,270,-1,149,270,146,-1,146,270,271,-1,146,271,141,-1,141,271,272,-1,141,272,142,-1,142,272,273,-1,142,273,143,-1,143,273,274,-1,143,274,117,-1,117,274,275,-1,117,275,118,-1,118,275,276,-1,118,276,129,-1,129,276,277,-1,129,277,110,-1,110,277,278,-1,110,278,108,-1,106,108,279,-1,279,108,278,-1,106,279,280,-1,106,280,104,-1,104,280,281,-1,104,281,102,-1,102,281,282,-1,102,282,100,-1,100,282,283,-1,100,283,98,-1,98,283,284,-1,98,284,96,-1,96,284,151,-1,96,151,94,-1,80,285,286,-1,80,286,82,-1,82,286,287,-1,82,287,84,-1,84,287,288,-1,84,288,86,-1,86,288,289,-1,86,289,87,-1,87,289,290,-1,87,290,58,-1,58,290,291,-1,58,291,59,-1,59,291,292,-1,59,292,60,-1,60,292,293,-1,60,293,61,-1,61,293,294,-1,61,294,44,-1,44,294,295,-1,44,295,45,-1,45,295,296,-1,45,296,46,-1,46,296,297,-1,46,297,48,-1,48,297,298,-1,48,298,50,-1,50,298,299,-1,50,299,52,-1,52,299,300,-1,52,300,54,-1,54,300,301,-1,54,301,56,-1,56,301,302,-1,56,302,57,-1,57,302,303,-1,57,303,22,-1,22,303,304,-1,22,304,21,-1,21,304,305,-1,21,305,20,-1,20,305,306,-1,20,306,69,-1,69,306,307,-1,69,307,70,-1,70,307,308,-1,70,308,72,-1,72,308,309,-1,72,309,74,-1,74,309,310,-1,74,310,76,-1,76,310,311,-1,76,311,78,-1,78,311,285,-1,78,285,80,-1,
        ]
    }
}
Shape{
    appearance Appearance {
        material  Material 	{
            diffuseColor 0.996078431372549 0.8705882352941177 0.7607843137254902
            specularColor 0.4980392156862745 0.43529411764705883 0.3803921568627451
            ambientIntensity 0.8956
            transparency 0.0
            shininess 0.5
        }
    }
    geometry IndexedFaceSet {
        ccw TRUE
        solid FALSE
        coord DEF co Coordinate {
            point [
                5.687 -1.1975 0.4697, 5.687 -1.2116 0.5082, 5.687 -1.2138 0.5059, 5.687 -1.1909 0.4704, 5.687 -1.1859 0.4724, 5.687 -1.1918 0.5136, 5.687 -1.1966 0.5141, 5.687 -1.2021 0.5134, 5.687 -1.2071 0.5114, 5.687 -1.2177 0.4849, 5.687 -1.2154 0.4801, 5.687 -1.2122 0.4761, 5.687 -1.1966 0.4697, 5.687 -1.2168 0.5011, 5.687 -1.2184 0.4958, 5.687 -1.2187 0.4902, 5.687 -1.2078 0.4727, 5.687 -1.2027 0.4705, 5.687 -1.1816 0.4755, 5.687 -1.1785 0.479, 5.687 -1.1759 0.4839, 5.687 -1.1745 0.4893, 5.687 -1.1745 0.4945, 5.687 -1.1758 0.4998, 5.687 -1.1783 0.5045, 5.687 -1.182 0.5086, 5.687 -1.1865 0.5117
            ]
        }
        coordIndex [
            0,1,2,-1,3,4,5,-1,6,7,0,-1,0,7,8,-1,0,8,1,-1,9,10,2,-1,2,10,11,-1,6,0,5,-1,5,0,12,-1,5,12,3,-1,13,14,2,-1,2,14,15,-1,2,15,9,-1,11,16,2,-1,2,16,17,-1,2,17,0,-1,4,18,5,-1,5,18,19,-1,5,19,20,-1,20,21,5,-1,5,21,22,-1,5,22,23,-1,23,24,5,-1,5,24,25,-1,5,25,26,-1,
        ]
    }
}
Shape{
    appearance Appearance {
        material  Material 	{
            diffuseColor 0.7529411764705882 0.7529411764705882 0.7529411764705882
            specularColor 0.3764705882352941 0.3764705882352941 0.3764705882352941
            ambientIntensity 0.7529
            transparency 0.0
            shininess 0.5
        }
    }
    geometry IndexedFaceSet {
        ccw TRUE
        solid FALSE
        coord DEF co Coordinate {
            point [
                -5.6909 -0.6125 0.0, -5.6909 -0.6587 0.0, -5.6909 -0.6125 0.0787, -5.6909 -0.6587 0.0787, -5.6327 -0.5542 0.0, -5.1398 -0.698 0.0, -5.6474 -0.5668 0.0, -5.6516 -0.698 0.0, -5.6647 -0.5754 0.0, -5.6146 -0.482 0.0, -5.6216 -0.464 0.0, -5.1398 -0.3043 0.0, -5.6327 -0.4482 0.0, -5.6516 -0.3043 0.0, -5.6474 -0.4356 0.0, -5.6647 -0.4269 0.0, -5.6713 -0.6928 0.0, -5.6794 -0.6865 0.0, -5.6857 -0.6783 0.0, -5.6807 -0.586 0.0, -5.6863 -0.5939 0.0, -5.6898 -0.6029 0.0, -5.6733 -0.5797 0.0, -5.6896 -0.6689 0.0, -5.6216 -0.5384 0.0, -5.6146 -0.5204 0.0, -5.6122 -0.5012 0.0, -5.6618 -0.6967 0.0, -5.6909 -0.3437 0.0, -5.6909 -0.3898 0.0, -5.6733 -0.4226 0.0, -5.6807 -0.4163 0.0, -5.6863 -0.4084 0.0, -5.6898 -0.3994 0.0, -5.6857 -0.324 0.0, -5.6794 -0.3159 0.0, -5.6713 -0.3096 0.0, -5.6896 -0.3335 0.0, -5.6618 -0.3057 0.0, -5.0284 -0.3043 0.0787, -5.0284 0.2075 0.0787, -5.0239 0.2075 0.0951, -5.0306 -0.3043 0.0729, -5.0239 -0.698 0.0951, -5.0306 -0.698 0.0729, -5.0416 -0.698 0.0525, -5.0416 -0.3043 0.0525, -5.0562 -0.698 0.0346, -5.0562 -0.3043 0.0346, -5.0741 -0.698 0.0199, -5.0741 -0.3043 0.0199, -5.0946 -0.698 0.009, -5.0946 -0.3043 0.009, -5.1167 -0.698 0.0023, -5.1167 -0.3043 0.0023, -5.0217 0.2075 0.1181, -5.0217 -0.698 0.1181, -5.0217 0.2075 0.1969, -5.0217 -0.698 0.1969, -5.1004 0.2075 0.1969, -5.1004 -0.698 0.1969, -5.1004 0.2075 0.1181, -5.1004 -0.698 0.1181, -5.1398 -0.3043 0.0787, -5.1398 -0.698 0.0787, -5.1296 -0.698 0.0801, -5.1398 0.2075 0.0787, -5.1296 0.2075 0.0801, -5.1201 0.2075 0.084, -5.1201 -0.698 0.084, -5.1119 0.2075 0.0903, -5.1119 -0.698 0.0903, -5.1057 0.2075 0.0984, -5.1057 -0.698 0.0984, -5.1017 0.2075 0.1079, -5.1017 -0.698 0.1079, -5.6327 -0.4482 0.0787, -5.6216 -0.464 0.0787, -5.6516 -0.698 0.0787, -5.6474 -0.5668 0.0787, -5.6647 -0.5754 0.0787, -5.6327 -0.5542 0.0787, -5.6216 -0.5384 0.0787, -5.6733 -0.4226 0.0787, -5.6647 -0.4269 0.0787, -5.6909 -0.3898 0.0787, -5.6146 -0.482 0.0787, -5.6122 -0.5012 0.0787, -5.6146 -0.5204 0.0787, -5.6733 -0.5797 0.0787, -5.6807 -0.586 0.0787, -5.6863 -0.5939 0.0787, -5.6898 -0.6029 0.0787, -5.6896 -0.3335 0.0787, -5.6909 -0.3437 0.0787, -5.6516 -0.3043 0.0787, -5.6857 -0.6783 0.0787, -5.6794 -0.6865 0.0787, -5.6713 -0.6928 0.0787, -5.6713 -0.3096 0.0787, -5.6794 -0.3159 0.0787, -5.6857 -0.324 0.0787, -5.6474 -0.4356 0.0787, -5.6896 -0.6689 0.0787, -5.6618 -0.6967 0.0787, -5.6898 -0.3994 0.0787, -5.6863 -0.4084 0.0787, -5.6807 -0.4163 0.0787, -5.6618 -0.3057 0.0787
            ]
        }
        coordIndex [
            0,1,2,-1,2,1,3,-1,4,5,6,-1,6,5,7,-1,6,7,8,-1,9,10,11,-1,11,10,12,-1,11,12,13,-1,13,12,14,-1,13,14,15,-1,16,17,18,-1,19,0,20,-1,20,0,21,-1,19,22,0,-1,0,22,8,-1,0,8,1,-1,1,8,7,-1,1,7,23,-1,4,24,5,-1,5,24,25,-1,5,25,11,-1,11,25,26,-1,11,26,9,-1,23,7,18,-1,18,7,27,-1,18,27,16,-1,28,13,29,-1,29,13,15,-1,29,15,30,-1,30,31,29,-1,29,31,32,-1,29,32,33,-1,34,35,36,-1,28,37,13,-1,13,37,34,-1,13,34,38,-1,38,34,36,-1,39,40,41,-1,42,39,43,-1,43,44,42,-1,42,44,45,-1,42,45,46,-1,46,45,47,-1,46,47,48,-1,48,47,49,-1,48,49,50,-1,50,49,51,-1,50,51,52,-1,52,51,53,-1,52,53,54,-1,54,53,5,-1,54,5,11,-1,39,41,43,-1,43,41,55,-1,43,55,56,-1,55,57,56,-1,56,57,58,-1,57,59,58,-1,58,59,60,-1,59,61,60,-1,60,61,62,-1,63,64,65,-1,66,63,67,-1,67,63,65,-1,67,65,68,-1,68,65,69,-1,68,69,70,-1,70,69,71,-1,70,71,72,-1,72,71,73,-1,72,73,74,-1,74,73,75,-1,74,75,61,-1,61,75,62,-1,76,77,63,-1,78,79,80,-1,79,78,81,-1,81,78,64,-1,81,64,82,-1,83,84,85,-1,77,86,63,-1,63,86,87,-1,63,87,64,-1,64,87,88,-1,64,88,82,-1,89,90,2,-1,2,90,91,-1,2,91,92,-1,3,78,2,-1,2,78,80,-1,2,80,89,-1,93,94,95,-1,96,97,98,-1,99,100,101,-1,76,63,102,-1,102,63,95,-1,102,95,84,-1,84,95,94,-1,84,94,85,-1,3,103,78,-1,78,103,96,-1,78,96,104,-1,104,96,98,-1,105,106,85,-1,85,106,107,-1,85,107,83,-1,93,95,101,-1,101,95,108,-1,101,108,99,-1,28,29,94,-1,94,29,85,-1,58,60,56,-1,56,60,62,-1,56,62,43,-1,43,62,75,-1,43,75,44,-1,44,75,73,-1,65,51,69,-1,69,51,49,-1,69,49,71,-1,71,49,47,-1,71,47,73,-1,73,47,45,-1,73,45,44,-1,78,7,64,-1,64,7,5,-1,64,5,65,-1,65,5,53,-1,65,53,51,-1,8,80,6,-1,6,80,79,-1,6,79,4,-1,4,79,81,-1,4,81,24,-1,24,81,82,-1,24,82,25,-1,25,82,88,-1,25,88,26,-1,26,88,87,-1,26,87,9,-1,9,87,86,-1,9,86,10,-1,10,86,77,-1,10,77,12,-1,12,77,76,-1,12,76,14,-1,14,76,102,-1,14,102,15,-1,15,102,84,-1,13,95,11,-1,11,95,63,-1,11,63,54,-1,54,63,52,-1,39,42,63,-1,63,42,46,-1,46,48,63,-1,63,48,50,-1,63,50,52,-1,63,66,39,-1,39,66,40,-1,7,78,104,-1,7,104,27,-1,27,104,98,-1,27,98,16,-1,16,98,97,-1,16,97,17,-1,17,97,96,-1,17,96,18,-1,18,96,103,-1,18,103,23,-1,23,103,3,-1,23,3,1,-1,15,84,83,-1,15,83,30,-1,30,83,107,-1,30,107,31,-1,31,107,106,-1,31,106,32,-1,32,106,105,-1,32,105,33,-1,33,105,85,-1,33,85,29,-1,0,2,92,-1,0,92,21,-1,21,92,91,-1,21,91,20,-1,20,91,90,-1,20,90,19,-1,19,90,89,-1,19,89,22,-1,22,89,80,-1,22,80,8,-1,95,13,38,-1,95,38,108,-1,108,38,36,-1,108,36,99,-1,99,36,35,-1,99,35,100,-1,100,35,34,-1,100,34,101,-1,101,34,37,-1,101,37,93,-1,93,37,28,-1,93,28,94,-1,68,40,67,-1,67,40,66,-1,59,57,61,-1,61,57,55,-1,61,55,74,-1,74,55,41,-1,74,41,72,-1,72,41,40,-1,72,40,70,-1,70,40,68,-1,
        ]
    }
}
Shape{
    appearance Appearance {
        material  Material 	{
            diffuseColor 0.2235294117647059 0.2235294117647059 0.2235294117647059
            specularColor 0.11372549019607843 0.11372549019607843 0.11372549019607843
            ambientIntensity 0.2235
            transparency 0.0
            shininess 0.5
        }
    }
    geometry IndexedFaceSet {
        ccw TRUE
        solid FALSE
        coord DEF co Coordinate {
            point [
                -4.8445 -0.8909 0.7424, -5.1594 -0.8909 0.7424, -4.8445 -0.9539 0.7953, -5.1594 -0.9539 0.7953, -4.8445 -0.8516 0.7424, -5.1594 -0.8516 0.7424, 5.2343 -1.4657 0.0866, 5.6083 -1.4657 0.0866, 5.2343 -1.7571 0.0866, 5.6083 -1.7571 0.0866
            ]
        }
        coordIndex [
            0,1,2,-1,2,1,3,-1,4,5,0,-1,0,5,1,-1,6,7,8,-1,8,7,9,-1,
        ]
    }
}
Shape{
    appearance Appearance {
        material  Material 	{
            diffuseColor 0.25098039215686274 0.25098039215686274 0.25098039215686274
            specularColor 0.12549019607843137 0.12549019607843137 0.12549019607843137
            ambientIntensity 0.251
            transparency 0.0
            shininess 0.5
        }
    }
    geometry IndexedFaceSet {
        ccw TRUE
        solid FALSE
        coord DEF co Coordinate {
            point [
                5.1555 -0.8516 0.2441, 5.1555 -0.8516 0.7424, 5.1555 -0.8909 0.7424, 5.1555 -1.4657 0.2441, 5.1555 -0.9539 0.7953, 5.1555 -1.4657 0.7953
            ]
        }
        coordIndex [
            0,1,2,-1,0,2,3,-1,3,2,4,-1,3,4,5,-1,
        ]
    }
}
Shape{
    appearance Appearance {
        material  Material 	{
            diffuseColor 0.2235294117647059 0.2235294117647059 0.2235294117647059
            specularColor 0.11372549019607843 0.11372549019607843 0.11372549019607843
            ambientIntensity 0.2235
            transparency 0.0
            shininess 0.5
        }
    }
    geometry IndexedFaceSet {
        ccw TRUE
        solid FALSE
        coord DEF co Coordinate {
            point [
                4.8406 -0.9539 0.7953, 5.1555 -0.9539 0.7953, 4.8406 -0.8909 0.7424, 5.1555 -0.8909 0.7424, -5.1594 -1.4657 0.7953, -5.6122 -1.4657 0.7953, -5.6122 -1.7571 0.7953, 5.6083 -1.7571 0.7953, 5.6083 -1.4657 0.7953, 5.1555 -1.4657 0.7953, 4.8406 -1.2453 0.7953, -4.8445 -1.2453 0.7953, -4.8445 -0.9539 0.7953, -5.1594 -0.9539 0.7953, 5.2343 -1.7571 0.0866, 5.6083 -1.7571 0.0866, 5.2343 -1.7571 0.2441, -5.6122 -1.7571 0.0866, -5.2382 -1.7571 0.0866, -5.2382 -1.7571 0.2441, -2.1673 -1.7571 0.2441, -2.1673 -1.7571 0.2835, -1.8917 -1.7571 0.5591, 2.1634 -1.7571 0.2441, 2.1634 -1.7571 0.2835, 1.8878 -1.7571 0.5591, -5.2382 -1.4657 0.0866, -5.6122 -1.4657 0.0866, 4.8406 -0.8516 0.7424, 5.1555 -0.8516 0.7424, 4.8406 -0.8516 0.5984, 5.1555 -0.8516 0.2441, -4.8445 -0.8516 0.5984, -5.1594 -0.8516 0.2441, -4.8445 -0.8516 0.7424, -5.1594 -0.8516 0.7424
            ]
        }
        coordIndex [
            0,1,2,-1,2,1,3,-1,4,5,6,-1,7,8,9,-1,1,0,9,-1,9,0,10,-1,9,10,11,-1,12,13,11,-1,11,13,4,-1,11,4,9,-1,9,4,6,-1,9,6,7,-1,14,15,16,-1,16,15,7,-1,17,18,6,-1,6,18,19,-1,6,19,20,-1,20,21,6,-1,6,21,22,-1,6,22,7,-1,23,16,24,-1,24,16,7,-1,24,7,25,-1,25,7,22,-1,18,17,26,-1,26,17,27,-1,28,29,30,-1,30,29,31,-1,30,31,32,-1,32,31,33,-1,32,33,34,-1,34,33,35,-1,2,3,28,-1,28,3,29,-1,
        ]
    }
}
Shape{
    appearance Appearance {
        material  Material 	{
            diffuseColor 0.25098039215686274 0.25098039215686274 0.25098039215686274
            specularColor 0.12549019607843137 0.12549019607843137 0.12549019607843137
            ambientIntensity 0.251
            transparency 0.0
            shininess 0.5
        }
    }
    geometry IndexedFaceSet {
        ccw TRUE
        solid FALSE
        coord DEF co Coordinate {
            point [
                -5.1594 -0.8909 0.7424, -5.1594 -0.8516 0.7424, -5.1594 -0.8516 0.2441, -5.1594 -0.9539 0.7953, -5.1594 -1.4657 0.2441, -5.1594 -1.4657 0.7953, -5.2382 -1.4657 0.0866, -5.6122 -1.4657 0.0866, -5.2382 -1.4657 0.2441, -5.6122 -1.4657 0.7953, -5.6122 -1.7571 0.7953, -5.6122 -1.7571 0.0866, 5.1555 -1.4657 0.2441, 5.1555 -1.4657 0.7953, 5.2343 -1.4657 0.2441, 5.6083 -1.4657 0.7953, 5.2343 -1.4657 0.0866, 5.6083 -1.4657 0.0866, 5.6083 -1.7571 0.0866, 5.6083 -1.7571 0.7953, -5.2382 -1.7571 0.2441, -5.2382 -1.7571 0.0866, 5.2343 -1.7571 0.2441, 5.2343 -1.7571 0.0866, 2.1634 -1.7571 0.2441, 5.1555 -0.8516 0.2441, 2.1634 -1.2689 0.2441, -2.1673 -1.2689 0.2441, -2.1673 -1.7571 0.2441
            ]
        }
        coordIndex [
            0,1,2,-1,0,2,3,-1,3,2,4,-1,3,4,5,-1,6,7,8,-1,8,7,9,-1,8,9,4,-1,4,9,5,-1,9,7,10,-1,10,7,11,-1,12,13,14,-1,14,13,15,-1,14,15,16,-1,16,15,17,-1,17,15,18,-1,18,15,19,-1,20,21,8,-1,8,21,6,-1,14,16,22,-1,22,16,23,-1,20,8,4,-1,14,22,12,-1,12,22,24,-1,12,24,25,-1,25,24,26,-1,25,26,2,-1,2,26,27,-1,2,27,4,-1,4,27,28,-1,4,28,20,-1,
        ]
    }
}
Shape{
    appearance Appearance {
        material  Material 	{
            diffuseColor 0.2235294117647059 0.2235294117647059 0.2235294117647059
            specularColor 0.11372549019607843 0.11372549019607843 0.11372549019607843
            ambientIntensity 0.2235
            transparency 0.0
            shininess 0.5
        }
    }
    geometry IndexedFaceSet {
        ccw TRUE
        solid FALSE
        coord DEF co Coordinate {
            point [
                -4.8445 -0.8516 0.5984, -4.8445 -0.8516 0.7424, -4.8445 -0.8909 0.7424, -4.8445 -0.9539 0.7953, -4.8445 -1.2453 0.7953, -4.8445 -1.2453 0.5984, 4.8406 -1.2453 0.7953, 4.8406 -0.9539 0.7953, 4.8406 -1.2453 0.5984, 4.8406 -0.8909 0.7424, 4.8406 -0.8516 0.5984, 4.8406 -0.8516 0.7424, 2.1634 -1.2689 0.2835, 2.1634 -1.2689 0.2441, 2.1634 -1.7571 0.2835, 2.1634 -1.7571 0.2441, -2.1673 -1.7571 0.2835, -2.1673 -1.7571 0.2441, -2.1673 -1.2689 0.2835, -2.1673 -1.2689 0.2441, 1.8878 -1.7571 0.5591, -1.8917 -1.7571 0.5591, 1.8878 -1.5445 0.5591, -1.8917 -1.5445 0.5591
            ]
        }
        coordIndex [
            0,1,2,-1,3,4,2,-1,2,4,5,-1,2,5,0,-1,6,7,8,-1,8,7,9,-1,8,9,10,-1,10,9,11,-1,8,5,6,-1,6,5,4,-1,8,10,5,-1,5,10,0,-1,12,13,14,-1,14,13,15,-1,16,17,18,-1,18,17,19,-1,18,19,12,-1,12,19,13,-1,20,21,22,-1,22,21,23,-1,
        ]
    }
}
Shape{
    appearance Appearance {
        material  Material 	{
            diffuseColor 0.25098039215686274 0.25098039215686274 0.25098039215686274
            specularColor 0.12549019607843137 0.12549019607843137 0.12549019607843137
            ambientIntensity 0.251
            transparency 0.0
            shininess 0.5
        }
    }
    geometry IndexedFaceSet {
        ccw TRUE
        solid FALSE
        coord DEF co Coordinate {
            point [
                -2.1673 -1.2689 0.2835, -1.8917 -1.5445 0.5591, -2.1673 -1.7571 0.2835, -1.8917 -1.7571 0.5591, 2.1634 -1.2689 0.2835, 1.8878 -1.5445 0.5591, 2.1634 -1.7571 0.2835, 1.8878 -1.7571 0.5591
            ]
        }
        coordIndex [
            0,1,2,-1,2,1,3,-1,4,5,0,-1,0,5,1,-1,6,7,4,-1,4,7,5,-1,
        ]
    }
}