#VRML V2.0 utf8
# 3D model generated by easyeda2kicad.py (https://github.com/uPesy/easyeda2kicad.py)

Shape{
    appearance Appearance {
        material  Material 	{
            diffuseColor 0.8274509803921568 0.8392156862745098 0.8274509803921568
            specularColor 0.8274509803921568 0.8392156862745098 0.8274509803921568
            ambientIntensity 0.8344
            transparency 0.0
            shininess 0.5
        }
    }
    geometry IndexedFaceSet {
        ccw TRUE
        solid FALSE
        coord DEF co Coordinate {
            point [
                -0.6496 0.5002 0.0827, -0.6496 0.5002 0.0, -0.8898 0.5002 0.0827, -0.8937 0.5002 0.0, -0.8937 0.5002 0.0827, 0.8937 0.5002 0.0827, 0.8937 0.5002 0.0, 0.8898 0.5002 0.0827, 0.6496 0.5002 0.0, 0.6496 0.5002 0.0827, -0.6496 -0.4998 0.0, -0.6496 -0.4998 0.0827, 0.6496 -0.4998 0.0, 0.6496 -0.4998 0.0827, 0.8898 -0.4998 0.0827, 0.8937 -0.4998 0.0, 0.8937 -0.4998 0.0827, -0.8937 -0.4998 0.0827, -0.8937 -0.4998 0.0, -0.8898 -0.4998 0.0827
            ]
        }
        coordIndex [
            0,1,2,-1,2,1,3,-1,2,3,4,-1,5,6,7,-1,7,6,8,-1,7,8,9,-1,10,1,11,-1,11,1,0,-1,8,12,9,-1,9,12,13,-1,13,12,14,-1,14,12,15,-1,14,15,16,-1,17,18,19,-1,19,18,10,-1,19,10,11,-1,
        ]
    }
}
Shape{
    appearance Appearance {
        material  Material 	{
            diffuseColor 1.0 1.0 1.0
            specularColor 0.30196078431372547 0.30196078431372547 0.30196078431372547
            ambientIntensity 1.0
            transparency 0.0
            shininess 0.5
        }
    }
    geometry IndexedFaceSet {
        ccw TRUE
        solid FALSE
        coord DEF co Coordinate {
            point [
                -0.5894 -0.4152 1.35, -0.5894 -0.4152 1.3504, -0.5914 -0.3999 1.35, -0.5914 -0.3999 1.3504, -0.5973 -0.3857 1.35, -0.5973 -0.3857 1.3504, -0.6067 -0.3734 1.35, -0.6067 -0.3734 1.3504, -0.6189 -0.364 1.35, -0.6189 -0.364 1.3504, -0.6332 -0.3581 1.35, -0.6332 -0.3581 1.3504, -0.6485 -0.3561 1.35, -0.6485 -0.3561 1.3504, -0.6638 -0.3581 1.35, -0.6638 -0.3581 1.3504, -0.678 -0.364 1.35, -0.678 -0.364 1.3504, -0.6902 -0.3734 1.35, -0.6902 -0.3734 1.3504, -0.6996 -0.3857 1.35, -0.6996 -0.3857 1.3504, -0.7055 -0.3999 1.35, -0.7055 -0.3999 1.3504, -0.7075 -0.4152 1.35, -0.7075 -0.4152 1.3504, -0.5894 0.4604 1.35, -0.5894 0.4604 1.3504, -0.5914 0.4757 1.35, -0.5914 0.4757 1.3504, -0.5973 0.4899 1.35, -0.5973 0.4899 1.3504, -0.6067 0.5022 1.35, -0.6067 0.5022 1.3504, -0.6189 0.5115 1.35, -0.6189 0.5115 1.3504, -0.6332 0.5174 1.35, -0.6332 0.5174 1.3504, -0.6485 0.5195 1.35, -0.6485 0.5195 1.3504, -0.6638 0.5174 1.35, -0.6638 0.5174 1.3504, -0.678 0.5115 1.35, -0.678 0.5115 1.3504, -0.6902 0.5022 1.35, -0.6902 0.5022 1.3504, -0.6996 0.4899 1.35, -0.6996 0.4899 1.3504, -0.7055 0.4757 1.35, -0.7055 0.4757 1.3504, -0.7075 0.4604 1.35, -0.7075 0.4604 1.3504, 0.7822 0.0002 1.35, 0.7822 0.0002 1.3504, 0.7802 0.0155 1.35, 0.7802 0.0155 1.3504, 0.7743 0.0297 1.35, 0.7743 0.0297 1.3504, 0.7649 0.042 1.35, 0.7649 0.042 1.3504, 0.7527 0.0513 1.35, 0.7527 0.0513 1.3504, 0.7385 0.0572 1.35, 0.7385 0.0572 1.3504, 0.7232 0.0593 1.35, 0.7232 0.0593 1.3504, 0.7079 0.0572 1.35, 0.7079 0.0572 1.3504, 0.6937 0.0513 1.35, 0.6937 0.0513 1.3504, 0.6814 0.042 1.35, 0.6814 0.042 1.3504, 0.672 0.0297 1.35, 0.672 0.0297 1.3504, 0.6661 0.0155 1.35, 0.6661 0.0155 1.3504, 0.6641 0.0002 1.35, 0.6641 0.0002 1.3504, -0.6496 0.5002 0.0827, -0.8898 0.5002 0.0827, -0.6496 0.5002 0.2756, -0.8898 0.5002 0.6496, -0.569 0.5002 0.2756, -0.569 0.5002 0.6496, 0.569 0.5002 0.2756, 0.569 0.5002 0.6496, 0.6496 0.5002 0.2756, 0.8898 0.5002 0.6496, 0.6496 0.5002 0.0827, 0.8898 0.5002 0.0827, -0.8898 -0.4998 0.6496, -0.9587 -0.7341 0.6496, -0.9587 0.7344 0.6496, 0.9587 0.7344 0.6496, 0.8898 -0.4998 0.6496, 0.9587 -0.7341 0.6496, -0.5683 -0.5301 0.6496, -0.5663 -0.5348 0.6496, -0.5632 -0.5389 0.6496, -0.5591 -0.542 0.6496, 0.5632 -0.5389 0.6496, 0.5591 -0.542 0.6496, 0.5544 -0.544 0.6496, -0.5544 0.5444 0.6496, -0.5591 0.5424 0.6496, -0.5632 0.5393 0.6496, -0.569 -0.525 0.6496, -0.569 -0.4998 0.6496, 0.569 0.5254 0.6496, -0.5663 0.5352 0.6496, -0.5683 0.5305 0.6496, -0.569 0.5254 0.6496, -0.5544 -0.544 0.6496, -0.5493 -0.5447 0.6496, 0.5493 -0.5447 0.6496, 0.5663 -0.5348 0.6496, 0.5683 -0.5301 0.6496, 0.569 -0.525 0.6496, 0.569 -0.4998 0.6496, 0.567 0.5339 0.6496, 0.5647 0.5377 0.6496, 0.5616 0.5408 0.6496, 0.5578 0.5431 0.6496, 0.5685 0.5298 0.6496, 0.5537 0.5446 0.6496, 0.5493 0.5451 0.6496, -0.5493 0.5451 0.6496, -0.6496 -0.4998 0.2756, -0.569 -0.4998 0.2756, 0.6496 -0.4998 0.2756, 0.569 -0.4998 0.2756, 0.6496 -0.4998 0.0827, 0.8898 -0.4998 0.0827, -0.6496 -0.4998 0.0827, -0.8898 -0.4998 0.0827
            ]
        }
        coordIndex [
            0,1,2,-1,2,1,3,-1,2,3,4,-1,4,3,5,-1,4,5,6,-1,6,5,7,-1,6,7,8,-1,8,7,9,-1,8,9,10,-1,10,9,11,-1,10,11,12,-1,12,11,13,-1,12,13,14,-1,14,13,15,-1,14,15,16,-1,16,15,17,-1,16,17,18,-1,18,17,19,-1,18,19,20,-1,20,19,21,-1,20,21,22,-1,22,21,23,-1,22,23,24,-1,24,23,25,-1,26,27,28,-1,28,27,29,-1,28,29,30,-1,30,29,31,-1,30,31,32,-1,32,31,33,-1,32,33,34,-1,34,33,35,-1,34,35,36,-1,36,35,37,-1,36,37,38,-1,38,37,39,-1,38,39,40,-1,40,39,41,-1,40,41,42,-1,42,41,43,-1,42,43,44,-1,44,43,45,-1,44,45,46,-1,46,45,47,-1,46,47,48,-1,48,47,49,-1,48,49,50,-1,50,49,51,-1,52,53,54,-1,54,53,55,-1,54,55,56,-1,56,55,57,-1,56,57,58,-1,58,57,59,-1,58,59,60,-1,60,59,61,-1,60,61,62,-1,62,61,63,-1,62,63,64,-1,64,63,65,-1,64,65,66,-1,66,65,67,-1,66,67,68,-1,68,67,69,-1,68,69,70,-1,70,69,71,-1,70,71,72,-1,72,71,73,-1,72,73,74,-1,74,73,75,-1,74,75,76,-1,76,75,77,-1,78,79,80,-1,80,79,81,-1,80,81,82,-1,82,81,83,-1,84,85,86,-1,86,85,87,-1,86,87,88,-1,88,87,89,-1,90,91,81,-1,81,91,92,-1,87,93,94,-1,94,93,95,-1,96,97,91,-1,91,97,98,-1,91,98,99,-1,100,95,101,-1,101,95,102,-1,103,104,92,-1,92,104,105,-1,96,91,106,-1,106,91,90,-1,106,90,107,-1,87,85,108,-1,105,109,92,-1,92,109,110,-1,92,110,81,-1,81,110,111,-1,81,111,83,-1,99,112,91,-1,91,112,113,-1,91,113,95,-1,95,113,114,-1,95,114,102,-1,100,115,95,-1,95,115,116,-1,95,116,94,-1,94,116,117,-1,94,117,118,-1,119,120,93,-1,93,120,121,-1,93,121,122,-1,87,108,93,-1,93,108,123,-1,93,123,119,-1,122,124,93,-1,93,124,125,-1,93,125,92,-1,92,125,126,-1,92,126,103,-1,127,80,128,-1,128,80,82,-1,86,129,84,-1,84,129,130,-1,131,132,129,-1,129,132,94,-1,129,94,130,-1,130,94,118,-1,128,107,127,-1,127,107,90,-1,127,90,133,-1,133,90,134,-1,87,94,89,-1,89,94,132,-1,90,81,134,-1,134,81,79,-1,78,80,133,-1,133,80,127,-1,131,129,88,-1,88,129,86,-1,
        ]
    }
}
Shape{
    appearance Appearance {
        material  Material 	{
            diffuseColor 0.8274509803921568 0.8392156862745098 0.8274509803921568
            specularColor 0.8274509803921568 0.8392156862745098 0.8274509803921568
            ambientIntensity 0.8344
            transparency 0.0
            shininess 0.5
        }
    }
    geometry IndexedFaceSet {
        ccw TRUE
        solid FALSE
        coord DEF co Coordinate {
            point [
                -0.8937 0.5002 0.0827, -0.8937 -0.4998 0.0827, -0.8898 0.5002 0.0827, -0.8898 -0.4998 0.0827
            ]
        }
        coordIndex [
            0,1,2,-1,2,1,3,-1,
        ]
    }
}
Shape{
    appearance Appearance {
        material  Material 	{
            diffuseColor 1.0 1.0 1.0
            specularColor 0.30196078431372547 0.30196078431372547 0.30196078431372547
            ambientIntensity 1.0
            transparency 0.0
            shininess 0.5
        }
    }
    geometry IndexedFaceSet {
        ccw TRUE
        solid FALSE
        coord DEF co Coordinate {
            point [
                -0.8937 -0.4998 0.0, -0.8937 -0.4998 0.0827, -0.8937 0.5002 0.0, -0.8937 0.5002 0.0827
            ]
        }
        coordIndex [
            0,1,2,-1,2,1,3,-1,
        ]
    }
}
Shape{
    appearance Appearance {
        material  Material 	{
            diffuseColor 0.8274509803921568 0.8392156862745098 0.8274509803921568
            specularColor 0.8274509803921568 0.8392156862745098 0.8274509803921568
            ambientIntensity 0.8344
            transparency 0.0
            shininess 0.5
        }
    }
    geometry IndexedFaceSet {
        ccw TRUE
        solid FALSE
        coord DEF co Coordinate {
            point [
                0.8937 -0.4998 0.0827, 0.8937 0.5002 0.0827, 0.8898 -0.4998 0.0827, 0.8898 0.5002 0.0827
            ]
        }
        coordIndex [
            0,1,2,-1,2,1,3,-1,
        ]
    }
}
Shape{
    appearance Appearance {
        material  Material 	{
            diffuseColor 1.0 1.0 1.0
            specularColor 0.30196078431372547 0.30196078431372547 0.30196078431372547
            ambientIntensity 1.0
            transparency 0.0
            shininess 0.5
        }
    }
    geometry IndexedFaceSet {
        ccw TRUE
        solid FALSE
        coord DEF co Coordinate {
            point [
                0.8937 0.5002 0.0, 0.8937 0.5002 0.0827, 0.8937 -0.4998 0.0, 0.8937 -0.4998 0.0827, 0.6496 -0.4998 0.0, 0.6496 0.5002 0.0
            ]
        }
        coordIndex [
            0,1,2,-1,2,1,3,-1,4,5,2,-1,2,5,0,-1,
        ]
    }
}
Shape{
    appearance Appearance {
        material  Material 	{
            diffuseColor 0.8274509803921568 0.8392156862745098 0.8274509803921568
            specularColor 0.8274509803921568 0.8392156862745098 0.8274509803921568
            ambientIntensity 0.8344
            transparency 0.0
            shininess 0.5
        }
    }
    geometry IndexedFaceSet {
        ccw TRUE
        solid FALSE
        coord DEF co Coordinate {
            point [
                -0.6496 0.5002 0.0, -0.6496 -0.4998 0.0, -0.8937 0.5002 0.0, -0.8937 -0.4998 0.0
            ]
        }
        coordIndex [
            0,1,2,-1,2,1,3,-1,
        ]
    }
}
Shape{
    appearance Appearance {
        material  Material 	{
            diffuseColor 1.0 1.0 1.0
            specularColor 0.30196078431372547 0.30196078431372547 0.30196078431372547
            ambientIntensity 1.0
            transparency 0.0
            shininess 0.5
        }
    }
    geometry IndexedFaceSet {
        ccw TRUE
        solid FALSE
        coord DEF co Coordinate {
            point [
                -0.569 -0.525 0.6496, -0.569 -0.4998 0.6496, -0.569 -0.525 0.2701, -0.569 -0.4998 0.2756, -0.569 -0.5243 0.265, -0.569 -0.5224 0.2602, -0.569 -0.5104 0.2511, -0.569 -0.5152 0.253, -0.569 -0.5192 0.2562, -0.569 0.5002 0.6496, -0.569 0.5254 0.6496, -0.569 0.5002 0.2756, -0.569 0.5254 0.2701, -0.569 0.5196 0.2562, -0.569 0.5156 0.253, -0.569 0.5247 0.265, -0.569 0.5228 0.2602, -0.569 0.5108 0.2511, -0.569 0.5057 0.2504, -0.569 -0.5053 0.2504, 0.569 0.5254 0.6496, 0.569 0.5002 0.6496, 0.569 0.5254 0.2701, 0.569 0.5002 0.2756, 0.569 0.5247 0.265, 0.569 0.5228 0.2602, 0.569 -0.4998 0.6496, 0.569 -0.525 0.6496, 0.569 -0.4998 0.2756, 0.569 -0.525 0.2701, 0.569 -0.5053 0.2504, 0.569 0.5057 0.2504, 0.569 0.5108 0.2511, 0.569 0.5156 0.253, 0.569 0.5196 0.2562, 0.569 -0.5243 0.265, 0.569 -0.5224 0.2602, 0.569 -0.5192 0.2562, 0.569 -0.5152 0.253, 0.569 -0.5104 0.2511, -0.5493 -0.5447 0.2701, 0.5493 -0.5447 0.2701, -0.5493 -0.5447 0.6496, 0.5493 -0.5447 0.6496, -0.9587 0.7344 1.3504, 0.9587 0.7344 1.3504, -0.9587 0.7344 0.6496, 0.9587 0.7344 0.6496, -0.9587 -0.7341 1.3504, -0.9587 -0.7341 0.6496, 0.9587 -0.7341 1.3504, 0.9587 -0.7341 0.6496, 0.7802 0.0155 1.3504, 0.7822 0.0002 1.3504, 0.672 -0.0293 1.3504, -0.5894 0.4604 1.3504, 0.6814 -0.0416 1.3504, 0.6937 -0.0509 1.3504, -0.5973 -0.4447 1.3504, -0.6067 -0.4569 1.3504, -0.6067 0.5022 1.3504, -0.5973 0.4899 1.3504, 0.6661 0.0155 1.3504, -0.5914 0.4757 1.3504, 0.6641 0.0002 1.3504, 0.6661 -0.0151 1.3504, 0.6814 0.042 1.3504, 0.6937 0.0513 1.3504, -0.6485 -0.4742 1.3504, -0.6332 -0.4722 1.3504, -0.6189 -0.4663 1.3504, 0.7802 -0.0151 1.3504, 0.7743 -0.0293 1.3504, 0.7527 0.0513 1.3504, 0.7385 0.0572 1.3504, 0.7232 0.0593 1.3504, 0.7649 0.042 1.3504, 0.7743 0.0297 1.3504, 0.7649 -0.0416 1.3504, 0.7527 -0.0509 1.3504, 0.7385 -0.0568 1.3504, 0.7079 0.0572 1.3504, -0.5914 0.4451 1.3504, -0.6332 -0.3581 1.3504, -0.5973 0.4309 1.3504, -0.6067 0.4186 1.3504, -0.6067 -0.3734 1.3504, -0.5973 -0.3857 1.3504, 0.7232 -0.0589 1.3504, -0.5914 -0.3999 1.3504, -0.5894 -0.4152 1.3504, -0.5914 -0.4305 1.3504, -0.6638 -0.4722 1.3504, -0.678 -0.4663 1.3504, -0.6902 -0.4569 1.3504, -0.7055 0.4757 1.3504, -0.6996 0.4899 1.3504, -0.6902 0.5022 1.3504, -0.678 0.5115 1.3504, -0.6638 0.5174 1.3504, -0.6485 0.5195 1.3504, -0.6332 0.5174 1.3504, -0.6996 -0.3857 1.3504, -0.6902 -0.3734 1.3504, -0.6485 0.4013 1.3504, -0.678 -0.364 1.3504, 0.7079 -0.0568 1.3504, -0.6189 -0.364 1.3504, 0.672 0.0297 1.3504, -0.6189 0.5115 1.3504, -0.6638 -0.3581 1.3504, -0.6485 -0.3561 1.3504, -0.6332 0.4034 1.3504, -0.6189 0.4093 1.3504, -0.678 0.4093 1.3504, -0.6902 0.4186 1.3504, -0.6996 -0.4447 1.3504, -0.7055 -0.4305 1.3504, -0.7075 -0.4152 1.3504, -0.6996 0.4309 1.3504, -0.7055 0.4451 1.3504, -0.7075 0.4604 1.3504, -0.6638 0.4034 1.3504, -0.7055 -0.3999 1.3504, -0.5493 0.5057 0.2307, 0.5493 0.5057 0.2307, -0.5493 -0.5053 0.2307, 0.5493 -0.5053 0.2307, -0.5493 0.5451 0.6496, 0.5493 0.5451 0.6496, -0.5493 0.5451 0.2701, 0.5493 0.5451 0.2701, 0.5493 -0.5155 0.2321, -0.5493 -0.5155 0.2321, 0.5493 -0.525 0.236, -0.5493 -0.525 0.236, 0.5493 -0.5332 0.2422, -0.5493 -0.5332 0.2422, 0.5493 -0.5394 0.2504, -0.5493 -0.5394 0.2504, 0.5493 -0.5433 0.2599, -0.5493 -0.5433 0.2599, 0.5493 0.5437 0.2599, -0.5493 0.5437 0.2599, 0.5493 0.5398 0.2504, -0.5493 0.5398 0.2504, 0.5493 0.5335 0.2422, -0.5493 0.5335 0.2422, 0.5493 0.5254 0.236, -0.5493 0.5254 0.236, 0.5493 0.5159 0.2321, -0.5493 0.5159 0.2321, -0.5683 0.5305 0.6496, -0.5683 0.5305 0.2701, -0.5663 0.5352 0.6496, -0.5663 0.5352 0.2701, -0.5632 0.5393 0.6496, -0.5632 0.5393 0.2701, -0.5591 0.5424 0.6496, -0.5591 0.5424 0.2701, -0.5544 0.5444 0.6496, -0.5544 0.5444 0.2701, -0.5544 0.5431 0.2601, -0.5591 0.5412 0.2606, -0.5632 0.5382 0.2614, -0.5663 0.5342 0.2624, -0.5683 0.5296 0.2637, -0.5544 0.5392 0.2507, -0.5591 0.5375 0.2517, -0.5632 0.5348 0.2533, -0.5663 0.5313 0.2553, -0.5683 0.5272 0.2577, -0.5544 0.5331 0.2427, -0.5591 0.5317 0.2441, -0.5632 0.5295 0.2463, -0.5663 0.5266 0.2492, -0.5683 0.5232 0.2526, -0.5544 0.5251 0.2366, -0.5591 0.5241 0.2383, -0.5632 0.5225 0.241, -0.5663 0.5205 0.2445, -0.5683 0.5181 0.2486, -0.5544 0.5157 0.2327, -0.5591 0.5152 0.2346, -0.5632 0.5144 0.2376, -0.5663 0.5134 0.2416, -0.5683 0.5121 0.2461, -0.5544 0.5057 0.2314, -0.5591 0.5057 0.2333, -0.5632 0.5057 0.2365, -0.5663 0.5057 0.2406, -0.5683 0.5057 0.2453, -0.5544 -0.5053 0.2314, -0.5591 -0.5053 0.2333, -0.5632 -0.5053 0.2365, -0.5663 -0.5053 0.2406, -0.5683 -0.5053 0.2453, -0.5544 -0.5153 0.2327, -0.5591 -0.5148 0.2346, -0.5632 -0.514 0.2376, -0.5663 -0.513 0.2416, -0.5683 -0.5117 0.2461, -0.5544 -0.5247 0.2366, -0.5591 -0.5237 0.2383, -0.5632 -0.5221 0.241, -0.5663 -0.5201 0.2445, -0.5683 -0.5177 0.2486, -0.5544 -0.5327 0.2427, -0.5591 -0.5313 0.2441, -0.5632 -0.5291 0.2463, -0.5663 -0.5262 0.2492, -0.5683 -0.5228 0.2526, -0.5544 -0.5388 0.2507, -0.5591 -0.5371 0.2517, -0.5632 -0.5344 0.2533, -0.5663 -0.5309 0.2553, -0.5683 -0.5268 0.2577, -0.5544 -0.5427 0.2601, -0.5591 -0.5408 0.2606, -0.5632 -0.5378 0.2614, -0.5663 -0.5338 0.2624, -0.5683 -0.5293 0.2637, -0.5544 -0.544 0.2701, -0.5591 -0.542 0.2701, -0.5632 -0.5389 0.2701, -0.5663 -0.5348 0.2701, -0.5683 -0.5301 0.2701, -0.5683 -0.5301 0.6496, -0.5663 -0.5348 0.6496, -0.5632 -0.5389 0.6496, -0.5591 -0.542 0.6496, -0.5544 -0.544 0.6496, 0.5683 -0.5301 0.6496, 0.5683 -0.5301 0.2701, 0.5663 -0.5348 0.6496, 0.5663 -0.5348 0.2701, 0.5632 -0.5389 0.6496, 0.5632 -0.5389 0.2701, 0.5591 -0.542 0.6496, 0.5591 -0.542 0.2701, 0.5544 -0.544 0.6496, 0.5544 -0.544 0.2701, 0.5544 -0.5427 0.2601, 0.5591 -0.5408 0.2606, 0.5632 -0.5378 0.2614, 0.5663 -0.5338 0.2624, 0.5683 -0.5293 0.2637, 0.5544 -0.5388 0.2507, 0.5591 -0.5371 0.2517, 0.5632 -0.5344 0.2533, 0.5663 -0.5309 0.2553, 0.5683 -0.5268 0.2577, 0.5544 -0.5327 0.2427, 0.5591 -0.5313 0.2441, 0.5632 -0.5291 0.2463, 0.5663 -0.5262 0.2492, 0.5683 -0.5228 0.2526, 0.5544 -0.5247 0.2366, 0.5591 -0.5237 0.2383, 0.5632 -0.5221 0.241, 0.5663 -0.5201 0.2445, 0.5683 -0.5177 0.2486, 0.5544 -0.5153 0.2327, 0.5591 -0.5148 0.2346, 0.5632 -0.514 0.2376, 0.5663 -0.513 0.2416, 0.5683 -0.5117 0.2461, 0.5544 -0.5053 0.2314, 0.5591 -0.5053 0.2333, 0.5632 -0.5053 0.2365, 0.5663 -0.5053 0.2406, 0.5683 -0.5053 0.2453, 0.5544 0.5057 0.2314, 0.5591 0.5057 0.2333, 0.5632 0.5057 0.2365, 0.5663 0.5057 0.2406, 0.5683 0.5057 0.2453, 0.5537 0.5445 0.2701, 0.5544 0.5431 0.2601, 0.5544 0.5444 0.2701, 0.5578 0.543 0.2701, 0.5591 0.5412 0.2606, 0.5591 0.5424 0.2701, 0.5615 0.5407 0.2701, 0.5632 0.5382 0.2614, 0.5632 0.5393 0.2701, 0.5646 0.5376 0.2701, 0.5663 0.5342 0.2624, 0.5544 0.5157 0.2327, 0.5591 0.5152 0.2346, 0.5632 0.5144 0.2376, 0.5663 0.5134 0.2416, 0.5683 0.5121 0.2461, 0.5544 0.5251 0.2366, 0.5591 0.5241 0.2383, 0.5632 0.5225 0.241, 0.5663 0.5205 0.2445, 0.5683 0.5181 0.2486, 0.5544 0.5331 0.2427, 0.5591 0.5317 0.2441, 0.5632 0.5295 0.2463, 0.5663 0.5266 0.2492, 0.5683 0.5232 0.2526, 0.5544 0.5392 0.2507, 0.5591 0.5375 0.2517, 0.5632 0.5348 0.2533, 0.5663 0.5313 0.2553, 0.5683 0.5272 0.2577, 0.5683 0.5296 0.2637, 0.5663 0.5352 0.2701, 0.5669 0.5339 0.2701, 0.5683 0.5305 0.2701, 0.5684 0.5298 0.2701, 0.567 0.5339 0.6496, 0.5685 0.5298 0.6496, 0.5647 0.5377 0.6496, 0.5616 0.5408 0.6496, 0.5578 0.5431 0.6496, 0.5537 0.5446 0.6496, 0.6641 0.0002 1.35, 0.6661 -0.0151 1.35, 0.672 -0.0293 1.35, 0.6814 -0.0416 1.35, 0.6937 -0.0509 1.35, 0.7079 -0.0568 1.35, 0.7232 -0.0589 1.35, 0.7385 -0.0568 1.35, 0.7527 -0.0509 1.35, 0.7649 -0.0416 1.35, 0.7743 -0.0293 1.35, 0.7802 -0.0151 1.35, 0.7822 0.0002 1.35, 0.6814 0.042 1.35, 0.6661 0.0155 1.35, 0.672 0.0297 1.35, 0.7802 0.0155 1.35, 0.7743 0.0297 1.35, 0.7649 0.042 1.35, 0.7527 0.0513 1.35, 0.7385 0.0572 1.35, 0.7232 0.0593 1.35, 0.7079 0.0572 1.35, 0.6937 0.0513 1.35, -0.7075 0.4604 1.35, -0.7055 0.4451 1.35, -0.6996 0.4309 1.35, -0.6902 0.4186 1.35, -0.678 0.4093 1.35, -0.6638 0.4034 1.35, -0.6485 0.4013 1.35, -0.6332 0.4034 1.35, -0.6189 0.4093 1.35, -0.6067 0.4186 1.35, -0.5973 0.4309 1.35, -0.5914 0.4451 1.35, -0.5894 0.4604 1.35, -0.6996 0.4899 1.35, -0.7055 0.4757 1.35, -0.5973 0.4899 1.35, -0.6067 0.5022 1.35, -0.6189 0.5115 1.35, -0.6332 0.5174 1.35, -0.6485 0.5195 1.35, -0.6638 0.5174 1.35, -0.678 0.5115 1.35, -0.6902 0.5022 1.35, -0.5914 0.4757 1.35, -0.7075 -0.4152 1.35, -0.7055 -0.4305 1.35, -0.6996 -0.4447 1.35, -0.6902 -0.4569 1.35, -0.678 -0.4663 1.35, -0.6638 -0.4722 1.35, -0.6485 -0.4742 1.35, -0.6332 -0.4722 1.35, -0.6189 -0.4663 1.35, -0.6067 -0.4569 1.35, -0.5973 -0.4447 1.35, -0.5914 -0.4305 1.35, -0.5894 -0.4152 1.35, -0.6902 -0.3734 1.35, -0.678 -0.364 1.35, -0.5914 -0.3999 1.35, -0.5973 -0.3857 1.35, -0.6485 -0.3561 1.35, -0.6638 -0.3581 1.35, -0.6067 -0.3734 1.35, -0.6189 -0.364 1.35, -0.6332 -0.3581 1.35, -0.6996 -0.3857 1.35, -0.7055 -0.3999 1.35
            ]
        }
        coordIndex [
            0,1,2,-1,2,1,3,-1,2,3,4,-1,4,3,5,-1,6,7,3,-1,3,7,8,-1,3,8,5,-1,9,10,11,-1,11,10,12,-1,11,13,14,-1,12,15,11,-1,11,15,16,-1,11,16,13,-1,14,17,11,-1,11,17,18,-1,11,18,3,-1,3,18,19,-1,3,19,6,-1,20,21,22,-1,22,21,23,-1,22,23,24,-1,24,23,25,-1,26,27,28,-1,28,27,29,-1,28,30,23,-1,23,30,31,-1,23,31,32,-1,32,33,23,-1,23,33,34,-1,23,34,25,-1,29,35,28,-1,28,35,36,-1,28,36,37,-1,37,38,28,-1,28,38,39,-1,28,39,30,-1,40,41,42,-1,42,41,43,-1,44,45,46,-1,46,45,47,-1,48,44,49,-1,49,44,46,-1,50,48,51,-1,51,48,49,-1,45,50,47,-1,47,50,51,-1,52,53,45,-1,54,55,56,-1,56,55,57,-1,58,59,50,-1,60,61,62,-1,62,61,63,-1,62,63,64,-1,64,63,55,-1,64,55,65,-1,65,55,54,-1,66,67,44,-1,68,48,69,-1,69,48,50,-1,69,50,70,-1,70,50,59,-1,45,53,50,-1,50,53,71,-1,50,71,72,-1,73,45,74,-1,74,45,75,-1,73,76,45,-1,45,76,77,-1,45,77,52,-1,72,78,50,-1,50,78,79,-1,50,79,80,-1,44,67,45,-1,45,67,81,-1,45,81,75,-1,55,82,83,-1,83,82,84,-1,83,84,85,-1,86,87,88,-1,88,87,89,-1,88,89,80,-1,80,89,90,-1,80,90,50,-1,50,90,91,-1,50,91,58,-1,68,92,48,-1,48,92,93,-1,48,93,94,-1,95,96,44,-1,44,96,97,-1,44,97,98,-1,98,99,44,-1,44,99,100,-1,44,100,101,-1,102,103,104,-1,104,103,105,-1,57,55,106,-1,106,55,83,-1,106,83,88,-1,88,83,107,-1,88,107,86,-1,66,44,108,-1,108,44,101,-1,108,101,62,-1,62,101,109,-1,62,109,60,-1,105,110,104,-1,104,110,111,-1,104,111,112,-1,112,111,83,-1,112,83,113,-1,113,83,85,-1,48,114,115,-1,94,116,48,-1,48,116,117,-1,48,117,118,-1,115,119,48,-1,48,119,120,-1,48,120,44,-1,44,120,121,-1,44,121,95,-1,114,48,122,-1,122,48,118,-1,122,118,104,-1,104,118,123,-1,104,123,102,-1,124,125,126,-1,126,125,127,-1,128,129,130,-1,130,129,131,-1,126,127,132,-1,126,132,133,-1,133,132,134,-1,133,134,135,-1,135,134,136,-1,135,136,137,-1,137,136,138,-1,137,138,139,-1,139,138,140,-1,139,140,141,-1,141,140,41,-1,141,41,40,-1,130,131,142,-1,130,142,143,-1,143,142,144,-1,143,144,145,-1,145,144,146,-1,145,146,147,-1,147,146,148,-1,147,148,149,-1,149,148,150,-1,149,150,151,-1,151,150,125,-1,151,125,124,-1,12,10,152,-1,12,152,153,-1,153,152,154,-1,153,154,155,-1,155,154,156,-1,155,156,157,-1,157,156,158,-1,157,158,159,-1,159,158,160,-1,159,160,161,-1,161,160,128,-1,161,128,130,-1,130,143,161,-1,161,143,162,-1,161,162,159,-1,159,162,163,-1,159,163,157,-1,157,163,164,-1,157,164,155,-1,155,164,165,-1,155,165,153,-1,153,165,166,-1,153,166,12,-1,12,166,15,-1,143,145,162,-1,162,145,167,-1,162,167,163,-1,163,167,168,-1,163,168,164,-1,164,168,169,-1,164,169,165,-1,165,169,170,-1,165,170,166,-1,166,170,171,-1,166,171,15,-1,15,171,16,-1,145,147,167,-1,167,147,172,-1,167,172,168,-1,168,172,173,-1,168,173,169,-1,169,173,174,-1,169,174,170,-1,170,174,175,-1,170,175,171,-1,171,175,176,-1,171,176,16,-1,16,176,13,-1,147,149,172,-1,172,149,177,-1,172,177,173,-1,173,177,178,-1,173,178,174,-1,174,178,179,-1,174,179,175,-1,175,179,180,-1,175,180,176,-1,176,180,181,-1,176,181,13,-1,13,181,14,-1,149,151,177,-1,177,151,182,-1,177,182,178,-1,178,182,183,-1,178,183,179,-1,179,183,184,-1,179,184,180,-1,180,184,185,-1,180,185,181,-1,181,185,186,-1,181,186,14,-1,14,186,17,-1,151,124,182,-1,182,124,187,-1,182,187,183,-1,183,187,188,-1,183,188,184,-1,184,188,189,-1,184,189,185,-1,185,189,190,-1,185,190,186,-1,186,190,191,-1,186,191,17,-1,17,191,18,-1,124,126,192,-1,124,192,187,-1,187,192,193,-1,187,193,188,-1,188,193,194,-1,188,194,189,-1,189,194,195,-1,189,195,190,-1,190,195,196,-1,190,196,191,-1,191,196,19,-1,191,19,18,-1,126,133,192,-1,192,133,197,-1,192,197,193,-1,193,197,198,-1,193,198,194,-1,194,198,199,-1,194,199,195,-1,195,199,200,-1,195,200,196,-1,196,200,201,-1,196,201,19,-1,19,201,6,-1,133,135,197,-1,197,135,202,-1,197,202,198,-1,198,202,203,-1,198,203,199,-1,199,203,204,-1,199,204,200,-1,200,204,205,-1,200,205,201,-1,201,205,206,-1,201,206,6,-1,6,206,7,-1,135,137,202,-1,202,137,207,-1,202,207,203,-1,203,207,208,-1,203,208,204,-1,204,208,209,-1,204,209,205,-1,205,209,210,-1,205,210,206,-1,206,210,211,-1,206,211,7,-1,7,211,8,-1,137,139,207,-1,207,139,212,-1,207,212,208,-1,208,212,213,-1,208,213,209,-1,209,213,214,-1,209,214,210,-1,210,214,215,-1,210,215,211,-1,211,215,216,-1,211,216,8,-1,8,216,5,-1,139,141,212,-1,212,141,217,-1,212,217,213,-1,213,217,218,-1,213,218,214,-1,214,218,219,-1,214,219,215,-1,215,219,220,-1,215,220,216,-1,216,220,221,-1,216,221,5,-1,5,221,4,-1,141,40,217,-1,217,40,222,-1,217,222,218,-1,218,222,223,-1,218,223,219,-1,219,223,224,-1,219,224,220,-1,220,224,225,-1,220,225,221,-1,221,225,226,-1,221,226,4,-1,4,226,2,-1,0,2,226,-1,0,226,227,-1,227,226,225,-1,227,225,228,-1,228,225,224,-1,228,224,229,-1,229,224,223,-1,229,223,230,-1,230,223,222,-1,230,222,231,-1,231,222,40,-1,231,40,42,-1,29,27,232,-1,29,232,233,-1,233,232,234,-1,233,234,235,-1,235,234,236,-1,235,236,237,-1,237,236,238,-1,237,238,239,-1,239,238,240,-1,239,240,241,-1,241,240,43,-1,241,43,41,-1,41,140,241,-1,241,140,242,-1,241,242,239,-1,239,242,243,-1,239,243,237,-1,237,243,244,-1,237,244,235,-1,235,244,245,-1,235,245,233,-1,233,245,246,-1,233,246,29,-1,29,246,35,-1,140,138,242,-1,242,138,247,-1,242,247,243,-1,243,247,248,-1,243,248,244,-1,244,248,249,-1,244,249,245,-1,245,249,250,-1,245,250,246,-1,246,250,251,-1,246,251,35,-1,35,251,36,-1,138,136,247,-1,247,136,252,-1,247,252,248,-1,248,252,253,-1,248,253,249,-1,249,253,254,-1,249,254,250,-1,250,254,255,-1,250,255,251,-1,251,255,256,-1,251,256,36,-1,36,256,37,-1,136,134,252,-1,252,134,257,-1,252,257,253,-1,253,257,258,-1,253,258,254,-1,254,258,259,-1,254,259,255,-1,255,259,260,-1,255,260,256,-1,256,260,261,-1,256,261,37,-1,37,261,38,-1,134,132,257,-1,257,132,262,-1,257,262,258,-1,258,262,263,-1,258,263,259,-1,259,263,264,-1,259,264,260,-1,260,264,265,-1,260,265,261,-1,261,265,266,-1,261,266,38,-1,38,266,39,-1,132,127,262,-1,262,127,267,-1,262,267,263,-1,263,267,268,-1,263,268,264,-1,264,268,269,-1,264,269,265,-1,265,269,270,-1,265,270,266,-1,266,270,271,-1,266,271,39,-1,39,271,30,-1,127,125,272,-1,127,272,267,-1,267,272,273,-1,267,273,268,-1,268,273,274,-1,268,274,269,-1,269,274,275,-1,269,275,270,-1,270,275,276,-1,270,276,271,-1,271,276,31,-1,271,31,30,-1,131,277,142,-1,142,277,278,-1,277,279,278,-1,278,279,280,-1,278,280,281,-1,280,282,281,-1,281,282,283,-1,281,283,284,-1,283,285,284,-1,284,285,286,-1,284,286,287,-1,125,150,272,-1,272,150,288,-1,272,288,273,-1,273,288,289,-1,273,289,274,-1,274,289,290,-1,274,290,275,-1,275,290,291,-1,275,291,276,-1,276,291,292,-1,276,292,31,-1,150,148,288,-1,288,148,293,-1,288,293,289,-1,289,293,294,-1,289,294,290,-1,290,294,295,-1,290,295,291,-1,291,295,296,-1,291,296,292,-1,292,296,297,-1,148,146,293,-1,293,146,298,-1,293,298,294,-1,294,298,299,-1,294,299,295,-1,295,299,300,-1,295,300,296,-1,296,300,301,-1,296,301,297,-1,297,301,302,-1,146,144,298,-1,298,144,303,-1,298,303,299,-1,299,303,304,-1,299,304,300,-1,300,304,305,-1,300,305,301,-1,301,305,306,-1,301,306,302,-1,302,306,307,-1,144,142,303,-1,303,142,278,-1,303,278,304,-1,304,278,281,-1,304,281,305,-1,305,281,284,-1,305,284,306,-1,306,284,287,-1,306,287,307,-1,307,287,308,-1,286,309,287,-1,287,309,310,-1,287,310,308,-1,308,310,311,-1,308,311,312,-1,31,292,32,-1,32,292,297,-1,32,297,33,-1,33,297,302,-1,33,302,34,-1,34,302,307,-1,34,307,25,-1,25,307,308,-1,25,308,24,-1,24,308,312,-1,24,312,22,-1,313,314,312,-1,312,314,20,-1,312,20,22,-1,312,311,313,-1,313,311,310,-1,313,310,315,-1,315,310,309,-1,309,286,315,-1,315,286,285,-1,315,285,316,-1,285,283,316,-1,316,283,282,-1,316,282,317,-1,282,280,317,-1,317,280,279,-1,317,279,318,-1,279,277,318,-1,318,277,131,-1,318,131,129,-1,319,64,320,-1,320,64,65,-1,320,65,321,-1,321,65,54,-1,321,54,322,-1,322,54,56,-1,322,56,323,-1,323,56,57,-1,323,57,324,-1,324,57,106,-1,324,106,325,-1,325,106,88,-1,325,88,326,-1,326,88,80,-1,326,80,327,-1,327,80,79,-1,327,79,328,-1,328,79,78,-1,328,78,329,-1,329,78,72,-1,329,72,330,-1,330,72,71,-1,330,71,331,-1,331,71,53,-1,329,330,332,-1,333,319,328,-1,328,319,320,-1,328,320,321,-1,329,332,328,-1,328,332,334,-1,328,334,333,-1,330,331,332,-1,332,331,335,-1,332,335,336,-1,336,337,332,-1,332,337,338,-1,332,338,339,-1,325,326,324,-1,324,326,323,-1,321,322,328,-1,328,322,323,-1,328,323,327,-1,327,323,326,-1,339,340,332,-1,332,340,341,-1,332,341,342,-1,343,121,344,-1,344,121,120,-1,344,120,345,-1,345,120,119,-1,345,119,346,-1,346,119,115,-1,346,115,347,-1,347,115,114,-1,347,114,348,-1,348,114,122,-1,348,122,349,-1,349,122,104,-1,349,104,350,-1,350,104,112,-1,350,112,351,-1,351,112,113,-1,351,113,352,-1,352,113,85,-1,352,85,353,-1,353,85,84,-1,353,84,354,-1,354,84,82,-1,354,82,355,-1,355,82,55,-1,356,357,343,-1,347,358,346,-1,346,358,345,-1,358,359,345,-1,345,359,360,-1,345,360,361,-1,361,362,345,-1,345,362,363,-1,345,363,364,-1,364,365,345,-1,345,365,356,-1,345,356,344,-1,344,356,343,-1,347,348,358,-1,358,348,349,-1,358,349,350,-1,351,352,350,-1,350,352,353,-1,350,353,354,-1,354,355,350,-1,350,355,366,-1,350,366,358,-1,367,118,368,-1,368,118,117,-1,368,117,369,-1,369,117,116,-1,369,116,370,-1,370,116,94,-1,370,94,371,-1,371,94,93,-1,371,93,372,-1,372,93,92,-1,372,92,373,-1,373,92,68,-1,373,68,374,-1,374,68,69,-1,374,69,375,-1,375,69,70,-1,375,70,376,-1,376,70,59,-1,376,59,377,-1,377,59,58,-1,377,58,378,-1,378,58,91,-1,378,91,379,-1,379,91,90,-1,380,375,381,-1,381,375,376,-1,381,376,377,-1,377,378,381,-1,381,378,379,-1,381,379,382,-1,383,384,382,-1,382,384,385,-1,382,385,381,-1,383,386,384,-1,384,386,387,-1,384,387,388,-1,380,389,375,-1,375,389,390,-1,375,390,367,-1,367,368,375,-1,375,368,369,-1,375,369,370,-1,370,371,375,-1,375,371,372,-1,375,372,374,-1,374,372,373,-1,
        ]
    }
}
Shape{
    appearance Appearance {
        material  Material 	{
            diffuseColor 1.0 1.0 1.0
            specularColor 0.5019607843137255 0.5019607843137255 0.5019607843137255
            ambientIntensity 1.0
            transparency 0.0
            shininess 0.5
        }
    }
    geometry IndexedFaceSet {
        ccw TRUE
        solid FALSE
        coord DEF co Coordinate {
            point [
                0.1438 -0.7344 1.138, 0.1463 -0.7344 1.1346, 0.1451 -0.7344 1.1386, 0.1478 -0.7344 1.1353, 0.1463 -0.7344 1.1393, 0.1492 -0.7344 1.1362, 0.1474 -0.7344 1.1401, 0.1505 -0.7344 1.1372, 0.1478 -0.7344 1.1406, 0.1511 -0.7344 1.1378, 0.1487 -0.7344 1.1415, 0.1522 -0.7344 1.1389, 0.1495 -0.7344 1.1426, 0.1532 -0.7344 1.1402, 0.1501 -0.7344 1.1438, 0.1541 -0.7344 1.1415, 0.1507 -0.7344 1.1451, 0.1513 -0.7344 1.1544, 0.1558 -0.7344 1.1563, 0.151 -0.7344 1.1559, 0.1553 -0.7344 1.1578, 0.1505 -0.7344 1.1572, 0.1547 -0.7344 1.1592, 0.1499 -0.7344 1.1584, 0.1539 -0.7344 1.1605, 0.1492 -0.7344 1.1595, 0.153 -0.7344 1.1617, 0.152 -0.7344 1.1629, 0.1484 -0.7344 1.1604, 0.1511 -0.7344 1.1638, 0.1477 -0.7344 1.161, 0.1498 -0.7344 1.1648, 0.1466 -0.7344 1.1619, 0.1484 -0.7344 1.1658, 0.1454 -0.7344 1.1626, 0.1469 -0.7344 1.1665, 0.1441 -0.7344 1.1632, 0.1453 -0.7344 1.1672, 0.1427 -0.7344 1.1637, 0.1437 -0.7344 1.1677, 0.1412 -0.7344 1.1641, 0.142 -0.7344 1.1681, 0.1396 -0.7344 1.1643, 0.1402 -0.7344 1.1684, 0.1378 -0.7344 1.1644, 0.1382 -0.7344 1.1685, 0.1374 -0.7344 1.1644, 0.1376 -0.7344 1.1685, 0.132 -0.7344 1.1644, 0.1274 -0.7344 1.1685, 0.132 -0.7344 1.1368, 0.1274 -0.7344 1.1328, 0.1372 -0.7344 1.1368, 0.1372 -0.7344 1.1328, 0.1391 -0.7344 1.1369, 0.1393 -0.7344 1.1328, 0.1408 -0.7344 1.1371, 0.1412 -0.7344 1.1331, 0.1424 -0.7344 1.1375, 0.143 -0.7344 1.1334, 0.1447 -0.7344 1.1339, 0.1548 -0.7344 1.1429, 0.1554 -0.7344 1.1444, 0.1511 -0.7344 1.1464, 0.1559 -0.7344 1.1459, 0.1514 -0.7344 1.148, 0.1562 -0.7344 1.1476, 0.1516 -0.7344 1.1496, 0.1564 -0.7344 1.1494, 0.1516 -0.7344 1.151, 0.1565 -0.7344 1.1511, 0.1515 -0.7344 1.1528, 0.1564 -0.7344 1.1529, 0.1562 -0.7344 1.1547, 0.1466 -0.7341 1.1619, 0.1498 -0.7341 1.1648, 0.1477 -0.7341 1.161, 0.1511 -0.7341 1.1638, 0.1484 -0.7341 1.1604, 0.152 -0.7341 1.1629, 0.1492 -0.7341 1.1595, 0.153 -0.7341 1.1617, 0.1499 -0.7341 1.1584, 0.1539 -0.7341 1.1605, 0.1505 -0.7341 1.1572, 0.1547 -0.7341 1.1592, 0.151 -0.7341 1.1559, 0.1451 -0.7341 1.1386, 0.1463 -0.7341 1.1346, 0.1438 -0.7341 1.138, 0.1447 -0.7341 1.1339, 0.1424 -0.7341 1.1375, 0.143 -0.7341 1.1334, 0.1408 -0.7341 1.1371, 0.1412 -0.7341 1.1331, 0.1391 -0.7341 1.1369, 0.1393 -0.7341 1.1328, 0.1372 -0.7341 1.1368, 0.1372 -0.7341 1.1328, 0.132 -0.7341 1.1368, 0.1274 -0.7341 1.1328, 0.132 -0.7341 1.1644, 0.1274 -0.7341 1.1685, 0.1374 -0.7341 1.1644, 0.1376 -0.7341 1.1685, 0.1378 -0.7341 1.1644, 0.1382 -0.7341 1.1685, 0.1396 -0.7341 1.1643, 0.1402 -0.7341 1.1684, 0.1412 -0.7341 1.1641, 0.142 -0.7341 1.1681, 0.1427 -0.7341 1.1637, 0.1437 -0.7341 1.1677, 0.1441 -0.7341 1.1632, 0.1453 -0.7341 1.1672, 0.1454 -0.7341 1.1626, 0.1469 -0.7341 1.1665, 0.1484 -0.7341 1.1658, 0.1511 -0.7341 1.1464, 0.1554 -0.7341 1.1444, 0.1507 -0.7341 1.1451, 0.1548 -0.7341 1.1429, 0.1501 -0.7341 1.1438, 0.1541 -0.7341 1.1415, 0.1495 -0.7341 1.1426, 0.1532 -0.7341 1.1402, 0.1487 -0.7341 1.1415, 0.1522 -0.7341 1.1389, 0.1478 -0.7341 1.1406, 0.1511 -0.7341 1.1378, 0.1474 -0.7341 1.1401, 0.1505 -0.7341 1.1372, 0.1463 -0.7341 1.1393, 0.1492 -0.7341 1.1362, 0.1478 -0.7341 1.1353, 0.1553 -0.7341 1.1578, 0.1558 -0.7341 1.1563, 0.1513 -0.7341 1.1544, 0.1562 -0.7341 1.1547, 0.1515 -0.7341 1.1528, 0.1564 -0.7341 1.1529, 0.1516 -0.7341 1.151, 0.1565 -0.7341 1.1511, 0.1516 -0.7341 1.1496, 0.1564 -0.7341 1.1494, 0.1514 -0.7341 1.148, 0.1562 -0.7341 1.1476, 0.1559 -0.7341 1.1459, 0.085 -0.7344 1.1391, 0.085 -0.7341 1.1391, 0.0846 -0.7341 1.1379, 0.0846 -0.7344 1.1379, 0.0844 -0.7341 1.137, 0.0844 -0.7344 1.137, 0.0843 -0.7344 1.137, 0.0843 -0.7341 1.137, 0.0837 -0.7344 1.1391, 0.0837 -0.7341 1.1391, 0.0771 -0.7344 1.1583, 0.0771 -0.7341 1.1583, 0.0721 -0.7344 1.1583, 0.0721 -0.7341 1.1583, 0.0821 -0.7344 1.1328, 0.0821 -0.7341 1.1328, 0.0801 -0.7344 1.1282, 0.0801 -0.7341 1.1282, 0.0796 -0.7341 1.1271, 0.0796 -0.7344 1.1271, 0.0791 -0.7341 1.1263, 0.0791 -0.7344 1.1263, 0.0784 -0.7341 1.1256, 0.0784 -0.7344 1.1256, 0.0778 -0.7341 1.1252, 0.0778 -0.7344 1.1252, 0.0771 -0.7341 1.1248, 0.0771 -0.7344 1.1248, 0.0763 -0.7341 1.1246, 0.0763 -0.7344 1.1246, 0.0755 -0.7341 1.1246, 0.0755 -0.7344 1.1246, 0.0746 -0.7341 1.1246, 0.0746 -0.7344 1.1246, 0.0736 -0.7341 1.1249, 0.0736 -0.7344 1.1249, 0.073 -0.7341 1.1251, 0.073 -0.7344 1.1251, 0.073 -0.7344 1.1211, 0.073 -0.7341 1.1211, 0.074 -0.7341 1.1209, 0.074 -0.7344 1.1209, 0.0753 -0.7341 1.1207, 0.0753 -0.7344 1.1207, 0.0759 -0.7341 1.1207, 0.0759 -0.7344 1.1207, 0.077 -0.7341 1.1208, 0.077 -0.7344 1.1208, 0.078 -0.7341 1.121, 0.078 -0.7344 1.121, 0.079 -0.7341 1.1214, 0.079 -0.7344 1.1214, 0.0799 -0.7341 1.1219, 0.0799 -0.7344 1.1219, 0.0808 -0.7341 1.1225, 0.0808 -0.7344 1.1225, 0.0817 -0.7341 1.1234, 0.0817 -0.7344 1.1234, 0.0825 -0.7341 1.1244, 0.0825 -0.7344 1.1244, 0.0833 -0.7341 1.1256, 0.0833 -0.7344 1.1256, 0.0841 -0.7341 1.127, 0.0841 -0.7344 1.127, 0.0849 -0.7341 1.1286, 0.0849 -0.7344 1.1286, 0.085 -0.7341 1.1289, 0.085 -0.7344 1.1289, 0.0966 -0.7344 1.1583, 0.0966 -0.7341 1.1583, 0.0919 -0.7344 1.1583, 0.0919 -0.7341 1.1583, 0.0594 -0.7344 1.1322, 0.0594 -0.7341 1.1322, 0.0608 -0.7341 1.1322, 0.0608 -0.7344 1.1322, 0.0622 -0.7341 1.1324, 0.0622 -0.7344 1.1324, 0.0634 -0.7341 1.1326, 0.0634 -0.7344 1.1326, 0.0645 -0.7341 1.1329, 0.0645 -0.7344 1.1329, 0.0655 -0.7341 1.1334, 0.0655 -0.7344 1.1334, 0.0664 -0.7341 1.1339, 0.0664 -0.7344 1.1339, 0.0669 -0.7341 1.1342, 0.0669 -0.7344 1.1342, 0.0676 -0.7341 1.1347, 0.0676 -0.7344 1.1347, 0.0682 -0.7341 1.1354, 0.0682 -0.7344 1.1354, 0.0687 -0.7341 1.136, 0.0687 -0.7344 1.136, 0.0691 -0.7341 1.1367, 0.0691 -0.7344 1.1367, 0.0694 -0.7341 1.1375, 0.0694 -0.7344 1.1375, 0.0696 -0.7341 1.1382, 0.0696 -0.7344 1.1382, 0.0697 -0.7341 1.1391, 0.0697 -0.7344 1.1391, 0.0697 -0.7341 1.1397, 0.0697 -0.7344 1.1397, 0.0697 -0.7341 1.1406, 0.0697 -0.7344 1.1406, 0.0695 -0.7341 1.1415, 0.0695 -0.7344 1.1415, 0.0693 -0.7341 1.1422, 0.0693 -0.7344 1.1422, 0.0689 -0.7341 1.1429, 0.0689 -0.7344 1.1429, 0.0685 -0.7341 1.1436, 0.0685 -0.7344 1.1436, 0.0682 -0.7341 1.1439, 0.0682 -0.7344 1.1439, 0.0677 -0.7341 1.1445, 0.0677 -0.7344 1.1445, 0.067 -0.7341 1.145, 0.067 -0.7344 1.145, 0.066 -0.7341 1.1456, 0.066 -0.7344 1.1456, 0.0649 -0.7341 1.1462, 0.0649 -0.7344 1.1462, 0.0634 -0.7341 1.1468, 0.0634 -0.7344 1.1468, 0.0625 -0.7341 1.1472, 0.0625 -0.7344 1.1472, 0.0605 -0.7341 1.148, 0.0605 -0.7344 1.148, 0.0593 -0.7341 1.1486, 0.0593 -0.7344 1.1486, 0.0585 -0.7341 1.1491, 0.0585 -0.7344 1.1491, 0.0581 -0.7341 1.1494, 0.0581 -0.7344 1.1494, 0.0577 -0.7341 1.1498, 0.0577 -0.7344 1.1498, 0.0574 -0.7341 1.1503, 0.0574 -0.7344 1.1503, 0.0573 -0.7341 1.1508, 0.0573 -0.7344 1.1508, 0.0572 -0.7341 1.1514, 0.0572 -0.7344 1.1514, 0.0571 -0.7341 1.1518, 0.0571 -0.7344 1.1518, 0.0572 -0.7341 1.1524, 0.0572 -0.7344 1.1524, 0.0573 -0.7341 1.1529, 0.0573 -0.7344 1.1529, 0.0576 -0.7341 1.1534, 0.0576 -0.7344 1.1534, 0.0579 -0.7341 1.1538, 0.0579 -0.7344 1.1538, 0.0584 -0.7341 1.1542, 0.0584 -0.7344 1.1542, 0.0585 -0.7341 1.1543, 0.0585 -0.7344 1.1543, 0.0591 -0.7341 1.1546, 0.0591 -0.7344 1.1546, 0.0597 -0.7341 1.1549, 0.0597 -0.7344 1.1549, 0.0605 -0.7341 1.1551, 0.0605 -0.7344 1.1551, 0.0613 -0.7341 1.1552, 0.0613 -0.7344 1.1552, 0.062 -0.7341 1.1552, 0.062 -0.7344 1.1552, 0.0632 -0.7341 1.1552, 0.0632 -0.7344 1.1552, 0.0644 -0.7341 1.155, 0.0644 -0.7344 1.155, 0.0655 -0.7341 1.1548, 0.0655 -0.7344 1.1548, 0.0665 -0.7341 1.1544, 0.0665 -0.7344 1.1544, 0.0675 -0.7341 1.154, 0.0675 -0.7344 1.154, 0.0685 -0.7341 1.1534, 0.0685 -0.7344 1.1534, 0.0685 -0.7344 1.1577, 0.0685 -0.7341 1.1577, 0.0673 -0.7341 1.1582, 0.0673 -0.7344 1.1582, 0.0662 -0.7341 1.1585, 0.0662 -0.7344 1.1585, 0.0649 -0.7341 1.1587, 0.0649 -0.7344 1.1587, 0.0636 -0.7341 1.1588, 0.0636 -0.7344 1.1588, 0.0625 -0.7341 1.1589, 0.0625 -0.7344 1.1589, 0.0611 -0.7341 1.1588, 0.0611 -0.7344 1.1588, 0.0599 -0.7341 1.1587, 0.0599 -0.7344 1.1587, 0.0588 -0.7341 1.1584, 0.0588 -0.7344 1.1584, 0.0577 -0.7341 1.1581, 0.0577 -0.7344 1.1581, 0.0567 -0.7341 1.1576, 0.0567 -0.7344 1.1576, 0.0558 -0.7341 1.1571, 0.0558 -0.7344 1.1571, 0.0554 -0.7341 1.1568, 0.0554 -0.7344 1.1568, 0.0546 -0.7341 1.1563, 0.0546 -0.7344 1.1563, 0.054 -0.7341 1.1556, 0.054 -0.7344 1.1556, 0.0535 -0.7341 1.1549, 0.0535 -0.7344 1.1549, 0.0531 -0.7341 1.1542, 0.0531 -0.7344 1.1542, 0.0528 -0.7341 1.1535, 0.0528 -0.7344 1.1535, 0.0526 -0.7341 1.1527, 0.0526 -0.7344 1.1527, 0.0525 -0.7341 1.1519, 0.0525 -0.7344 1.1519, 0.0525 -0.7341 1.1514, 0.0525 -0.7344 1.1514, 0.0526 -0.7341 1.1505, 0.0526 -0.7344 1.1505, 0.0527 -0.7341 1.1496, 0.0527 -0.7344 1.1496, 0.053 -0.7341 1.1488, 0.053 -0.7344 1.1488, 0.0533 -0.7341 1.1481, 0.0533 -0.7344 1.1481, 0.0537 -0.7341 1.1474, 0.0537 -0.7344 1.1474, 0.0538 -0.7341 1.1474, 0.0538 -0.7344 1.1474, 0.0542 -0.7341 1.1468, 0.0542 -0.7344 1.1468, 0.0548 -0.7341 1.1463, 0.0548 -0.7344 1.1463, 0.0557 -0.7341 1.1458, 0.0557 -0.7344 1.1458, 0.0567 -0.7341 1.1452, 0.0567 -0.7344 1.1452, 0.058 -0.7341 1.1445, 0.058 -0.7344 1.1445, 0.0593 -0.7341 1.144, 0.0593 -0.7344 1.144, 0.0613 -0.7341 1.1432, 0.0613 -0.7344 1.1432, 0.0626 -0.7341 1.1426, 0.0626 -0.7344 1.1426, 0.0634 -0.7341 1.1421, 0.0634 -0.7344 1.1421, 0.064 -0.7341 1.1417, 0.064 -0.7344 1.1417, 0.0644 -0.7341 1.1413, 0.0644 -0.7344 1.1413, 0.0648 -0.7341 1.1408, 0.0648 -0.7344 1.1408, 0.065 -0.7341 1.1403, 0.065 -0.7344 1.1403, 0.0651 -0.7341 1.1397, 0.0651 -0.7344 1.1397, 0.0651 -0.7341 1.1393, 0.0651 -0.7344 1.1393, 0.0651 -0.7341 1.1386, 0.0651 -0.7344 1.1386, 0.0649 -0.7341 1.138, 0.0649 -0.7344 1.138, 0.0647 -0.7341 1.1375, 0.0647 -0.7344 1.1375, 0.0644 -0.7341 1.1371, 0.0644 -0.7344 1.1371, 0.0639 -0.7341 1.1368, 0.0639 -0.7344 1.1368, 0.0634 -0.7341 1.1364, 0.0634 -0.7344 1.1364, 0.0628 -0.7341 1.1362, 0.0628 -0.7344 1.1362, 0.062 -0.7341 1.136, 0.062 -0.7344 1.136, 0.0611 -0.7341 1.1359, 0.0611 -0.7344 1.1359, 0.0599 -0.7341 1.1358, 0.0599 -0.7344 1.1358, 0.0587 -0.7341 1.1359, 0.0587 -0.7344 1.1359, 0.0576 -0.7341 1.136, 0.0576 -0.7344 1.136, 0.0565 -0.7341 1.1363, 0.0565 -0.7344 1.1363, 0.0554 -0.7341 1.1366, 0.0554 -0.7344 1.1366, 0.0544 -0.7341 1.1371, 0.0544 -0.7344 1.1371, 0.0533 -0.7341 1.1377, 0.0533 -0.7344 1.1377, 0.0525 -0.7341 1.1383, 0.0525 -0.7344 1.1383, 0.0525 -0.7344 1.1337, 0.0525 -0.7341 1.1337, 0.0536 -0.7341 1.1332, 0.0536 -0.7344 1.1332, 0.0547 -0.7341 1.1328, 0.0547 -0.7344 1.1328, 0.0559 -0.7341 1.1325, 0.0559 -0.7344 1.1325, 0.0572 -0.7341 1.1323, 0.0572 -0.7344 1.1323, 0.0585 -0.7341 1.1322, 0.0585 -0.7344 1.1322, 0.0419 -0.7344 1.1328, 0.0464 -0.7344 1.1328, 0.0419 -0.7344 1.1367, 0.0464 -0.7344 1.1492, 0.0385 -0.7344 1.155, 0.0392 -0.7344 1.1548, 0.0411 -0.7344 1.1583, 0.0305 -0.7344 1.1469, 0.0296 -0.7344 1.1464, 0.0321 -0.7344 1.1436, 0.0316 -0.7344 1.1432, 0.042 -0.7344 1.158, 0.0398 -0.7344 1.1544, 0.0428 -0.7344 1.1575, 0.0403 -0.7344 1.154, 0.0435 -0.7344 1.157, 0.0313 -0.7344 1.1375, 0.0309 -0.7344 1.138, 0.0272 -0.7344 1.1352, 0.0288 -0.7344 1.1459, 0.0281 -0.7344 1.1453, 0.0312 -0.7344 1.1427, 0.0317 -0.7344 1.1473, 0.0328 -0.7344 1.1439, 0.033 -0.7344 1.1477, 0.0336 -0.7344 1.1442, 0.0344 -0.7344 1.1479, 0.0441 -0.7344 1.1565, 0.0408 -0.7344 1.1535, 0.0447 -0.7344 1.1558, 0.0412 -0.7344 1.1529, 0.0452 -0.7344 1.155, 0.0279 -0.7344 1.1451, 0.0273 -0.7344 1.1445, 0.0309 -0.7344 1.1422, 0.0269 -0.7344 1.1438, 0.0307 -0.7344 1.1415, 0.0411 -0.7344 1.1393, 0.0418 -0.7344 1.1367, 0.0406 -0.7344 1.1386, 0.0416 -0.7344 1.1363, 0.0361 -0.7344 1.1359, 0.0371 -0.7344 1.1326, 0.037 -0.7344 1.136, 0.038 -0.7344 1.133, 0.0378 -0.7344 1.1363, 0.0388 -0.7344 1.1335, 0.0385 -0.7344 1.1367, 0.0419 -0.7344 1.1429, 0.0419 -0.7344 1.1419, 0.0417 -0.7344 1.141, 0.0414 -0.7344 1.1401, 0.0456 -0.7344 1.1541, 0.0415 -0.7344 1.1522, 0.0459 -0.7344 1.1531, 0.0417 -0.7344 1.1514, 0.0462 -0.7344 1.1519, 0.0317 -0.7344 1.137, 0.0296 -0.7344 1.1331, 0.0323 -0.7344 1.1366, 0.0304 -0.7344 1.1328, 0.0329 -0.7344 1.1362, 0.0313 -0.7344 1.1325, 0.0336 -0.7344 1.136, 0.0277 -0.7344 1.1345, 0.0281 -0.7344 1.1342, 0.0288 -0.7344 1.1336, 0.0305 -0.7344 1.1392, 0.0261 -0.7344 1.1376, 0.0307 -0.7344 1.1386, 0.0264 -0.7344 1.1367, 0.0267 -0.7344 1.1359, 0.0419 -0.7344 1.1456, 0.0419 -0.7344 1.149, 0.036 -0.7344 1.1448, 0.0346 -0.7344 1.1445, 0.0396 -0.7344 1.134, 0.0403 -0.7344 1.1347, 0.0392 -0.7344 1.1371, 0.041 -0.7344 1.1354, 0.0398 -0.7344 1.1377, 0.04 -0.7344 1.1379, 0.0464 -0.7344 1.1506, 0.0419 -0.7344 1.1504, 0.0419 -0.7344 1.1493, 0.0419 -0.7344 1.1431, 0.0323 -0.7344 1.1323, 0.0334 -0.7344 1.1322, 0.0343 -0.7344 1.1359, 0.034 -0.7344 1.1322, 0.0352 -0.7344 1.1358, 0.0351 -0.7344 1.1322, 0.0362 -0.7344 1.1324, 0.0265 -0.7344 1.143, 0.0262 -0.7344 1.1421, 0.0305 -0.7344 1.1408, 0.026 -0.7344 1.1412, 0.0304 -0.7344 1.14, 0.0401 -0.7344 1.1586, 0.039 -0.7344 1.1588, 0.0377 -0.7344 1.1552, 0.0377 -0.7344 1.1589, 0.0368 -0.7344 1.1552, 0.0372 -0.7344 1.1589, 0.0363 -0.7344 1.1552, 0.0357 -0.7344 1.1588, 0.0351 -0.7344 1.1551, 0.0342 -0.7344 1.1587, 0.034 -0.7344 1.1549, 0.0329 -0.7344 1.1584, 0.0328 -0.7344 1.1546, 0.0316 -0.7344 1.158, 0.0317 -0.7344 1.1542, 0.0304 -0.7344 1.1575, 0.0306 -0.7344 1.1536, 0.0292 -0.7344 1.157, 0.0295 -0.7344 1.1529, 0.0284 -0.7344 1.1565, 0.0284 -0.7344 1.1521, 0.0259 -0.7344 1.1401, 0.0259 -0.7344 1.1396, 0.026 -0.7344 1.1385, 0.0295 -0.7341 1.1529, 0.0284 -0.7341 1.1521, 0.0284 -0.7341 1.1565, 0.0398 -0.7341 1.1544, 0.0428 -0.7341 1.1575, 0.0403 -0.7341 1.154, 0.0435 -0.7341 1.157, 0.0408 -0.7341 1.1535, 0.0417 -0.7341 1.141, 0.0419 -0.7341 1.1419, 0.0464 -0.7341 1.1492, 0.0313 -0.7341 1.1375, 0.0272 -0.7341 1.1352, 0.0309 -0.7341 1.138, 0.0267 -0.7341 1.1359, 0.0307 -0.7341 1.1386, 0.0441 -0.7341 1.1565, 0.0447 -0.7341 1.1558, 0.0412 -0.7341 1.1529, 0.0452 -0.7341 1.155, 0.0415 -0.7341 1.1522, 0.0377 -0.7341 1.1552, 0.039 -0.7341 1.1588, 0.0385 -0.7341 1.155, 0.0401 -0.7341 1.1586, 0.0392 -0.7341 1.1548, 0.0411 -0.7341 1.1583, 0.042 -0.7341 1.158, 0.0414 -0.7341 1.1401, 0.0419 -0.7341 1.1367, 0.0419 -0.7341 1.1328, 0.0464 -0.7341 1.1328, 0.0316 -0.7341 1.1432, 0.0296 -0.7341 1.1464, 0.0321 -0.7341 1.1436, 0.0305 -0.7341 1.1469, 0.0328 -0.7341 1.1439, 0.0317 -0.7341 1.1473, 0.0336 -0.7341 1.1442, 0.033 -0.7341 1.1477, 0.0346 -0.7341 1.1445, 0.0344 -0.7341 1.1479, 0.0312 -0.7341 1.1427, 0.0281 -0.7341 1.1453, 0.0288 -0.7341 1.1459, 0.0317 -0.7341 1.137, 0.0281 -0.7341 1.1342, 0.0277 -0.7341 1.1345, 0.0323 -0.7341 1.1366, 0.0296 -0.7341 1.1331, 0.0288 -0.7341 1.1336, 0.0419 -0.7341 1.1456, 0.0464 -0.7341 1.1506, 0.0419 -0.7341 1.1431, 0.0419 -0.7341 1.1429, 0.0309 -0.7341 1.1422, 0.0273 -0.7341 1.1445, 0.0279 -0.7341 1.1451, 0.0456 -0.7341 1.1541, 0.0459 -0.7341 1.1531, 0.0417 -0.7341 1.1514, 0.0462 -0.7341 1.1519, 0.0419 -0.7341 1.1504, 0.0419 -0.7341 1.1493, 0.0264 -0.7341 1.1367, 0.0261 -0.7341 1.1376, 0.0305 -0.7341 1.1392, 0.0419 -0.7341 1.149, 0.036 -0.7341 1.1448, 0.0306 -0.7341 1.1536, 0.0292 -0.7341 1.157, 0.0317 -0.7341 1.1542, 0.0304 -0.7341 1.1575, 0.0328 -0.7341 1.1546, 0.0316 -0.7341 1.158, 0.034 -0.7341 1.1549, 0.0329 -0.7341 1.1584, 0.0351 -0.7341 1.1551, 0.0342 -0.7341 1.1587, 0.0363 -0.7341 1.1552, 0.0357 -0.7341 1.1588, 0.0368 -0.7341 1.1552, 0.0372 -0.7341 1.1589, 0.0377 -0.7341 1.1589, 0.0305 -0.7341 1.1408, 0.0262 -0.7341 1.1421, 0.0307 -0.7341 1.1415, 0.0265 -0.7341 1.143, 0.0269 -0.7341 1.1438, 0.026 -0.7341 1.1385, 0.0259 -0.7341 1.1396, 0.0304 -0.7341 1.14, 0.0259 -0.7341 1.1401, 0.026 -0.7341 1.1412, 0.0416 -0.7341 1.1363, 0.041 -0.7341 1.1354, 0.0392 -0.7341 1.1371, 0.0403 -0.7341 1.1347, 0.0385 -0.7341 1.1367, 0.0396 -0.7341 1.134, 0.0378 -0.7341 1.1363, 0.0388 -0.7341 1.1335, 0.037 -0.7341 1.136, 0.0343 -0.7341 1.1359, 0.0334 -0.7341 1.1322, 0.0336 -0.7341 1.136, 0.0323 -0.7341 1.1323, 0.0329 -0.7341 1.1362, 0.0313 -0.7341 1.1325, 0.0304 -0.7341 1.1328, 0.038 -0.7341 1.133, 0.0371 -0.7341 1.1326, 0.0361 -0.7341 1.1359, 0.0362 -0.7341 1.1324, 0.0352 -0.7341 1.1358, 0.0351 -0.7341 1.1322, 0.034 -0.7341 1.1322, 0.0398 -0.7341 1.1377, 0.04 -0.7341 1.1379, 0.0418 -0.7341 1.1367, 0.0406 -0.7341 1.1386, 0.0411 -0.7341 1.1393, -0.1517 -0.7344 1.123, -0.1489 -0.7344 1.1207, -0.1578 -0.7344 1.1502, -0.136 -0.7344 1.1962, -0.1341 -0.7344 1.1952, -0.142 -0.7344 1.2137, -0.1193 -0.7344 1.2141, -0.115 -0.7344 1.2164, -0.1229 -0.7344 1.2296, -0.0687 -0.7344 1.201, -0.0666 -0.7344 1.1965, -0.052 -0.7344 1.2015, -0.0652 -0.7344 1.1918, -0.0645 -0.7344 1.1878, -0.1324 -0.7344 1.1508, -0.13 -0.7344 1.15, -0.1247 -0.7344 1.1653, -0.0549 -0.7344 1.1496, -0.0584 -0.7344 1.1485, -0.0546 -0.7344 1.1334, -0.158 -0.7344 1.1331, -0.1565 -0.7344 1.1294, -0.1544 -0.7344 1.126, -0.0729 -0.7344 1.1626, -0.0808 -0.7344 1.1761, -0.1085 -0.7344 1.1438, -0.1148 -0.7344 1.1583, -0.1085 -0.7344 1.1413, -0.1222 -0.7344 1.1187, -0.1087 -0.7344 1.138, -0.1188 -0.7344 1.1209, -0.1159 -0.7344 1.1233, -0.1364 -0.7344 1.1314, -0.1374 -0.7344 1.1161, -0.1341 -0.7344 1.1311, -0.1339 -0.7344 1.1159, -0.1317 -0.7344 1.1314, -0.1408 -0.7344 1.1337, -0.1388 -0.7344 1.1323, -0.1454 -0.7344 1.1185, -0.1415 -0.7344 1.117, -0.125 -0.7344 1.1449, -0.1244 -0.7344 1.1426, -0.1243 -0.7344 1.1402, -0.1248 -0.7344 1.1377, -0.1259 -0.7344 1.1355, -0.1549 -0.7344 1.1979, -0.1582 -0.7344 1.2129, -0.1632 -0.7344 1.2113, -0.0594 -0.7344 1.1326, -0.0609 -0.7344 1.1481, -0.0744 -0.7344 1.1326, -0.0724 -0.7344 1.1481, -0.0757 -0.7344 1.1328, -0.1175 -0.7344 1.2319, -0.1103 -0.7344 1.2181, -0.1119 -0.7344 1.2335, -0.1614 -0.7344 1.1522, -0.1658 -0.7344 1.1359, -0.1609 -0.7344 1.134, -0.1588 -0.7344 1.1963, -0.1679 -0.7344 1.209, -0.1624 -0.7344 1.1942, -0.1723 -0.7344 1.2061, -0.1656 -0.7344 1.1915, -0.1132 -0.7344 1.1265, -0.1111 -0.7344 1.1301, -0.1096 -0.7344 1.1339, -0.144 -0.7344 1.14, -0.1435 -0.7344 1.1376, -0.1424 -0.7344 1.1355, -0.121 -0.7344 1.1635, -0.1279 -0.7344 1.1487, -0.1177 -0.7344 1.1611, -0.0435 -0.7344 1.1737, -0.03 -0.7344 1.182, -0.0449 -0.7344 1.1771, -0.0323 -0.7344 1.1862, -0.0469 -0.7344 1.1802, -0.0352 -0.7344 1.1902, -0.0494 -0.7344 1.1828, -0.0386 -0.7344 1.1938, -0.0523 -0.7344 1.185, -0.1676 -0.7344 1.1579, -0.1784 -0.7344 1.1453, -0.1647 -0.7344 1.1548, -0.1745 -0.7344 1.1416, -0.1703 -0.7344 1.1385, -0.1531 -0.7344 1.2139, -0.1509 -0.7344 1.1988, -0.1479 -0.7344 1.2142, -0.1476 -0.7344 1.199, -0.1449 -0.7344 1.2141, -0.1437 -0.7344 1.1986, -0.1398 -0.7344 1.1977, -0.1439 -0.7344 1.1425, -0.1433 -0.7344 1.1449, -0.1566 -0.7344 1.1528, -0.142 -0.7344 1.147, -0.1341 -0.7344 1.1509, -0.1379 -0.7344 1.1666, -0.1365 -0.7344 1.1506, -0.1418 -0.7344 1.1657, -0.1388 -0.7344 1.1498, -0.1287 -0.7344 1.1664, -0.1326 -0.7344 1.1669, -0.1339 -0.7344 1.1669, -0.1275 -0.7344 1.1336, -0.1295 -0.7344 1.1323, -0.1259 -0.7344 1.1171, -0.1298 -0.7344 1.1162, -0.05 -0.7344 1.1348, -0.0456 -0.7344 1.1368, -0.0516 -0.7344 1.1513, -0.0415 -0.7344 1.1394, -0.0488 -0.7344 1.1535, -0.0377 -0.7344 1.1426, -0.0476 -0.7344 1.1547, -0.0363 -0.7344 1.1441, -0.0455 -0.7344 1.1576, -0.1281 -0.7344 1.2267, -0.1308 -0.7344 1.2249, -0.1232 -0.7344 1.2112, -0.1349 -0.7344 1.2216, -0.1268 -0.7344 1.2078, -0.1386 -0.7344 1.2179, -0.1298 -0.7344 1.2039, -0.1322 -0.7344 1.1997, -0.0543 -0.7344 1.2066, -0.0571 -0.7344 1.2115, -0.0714 -0.7344 1.2052, -0.0605 -0.7344 1.2161, -0.0747 -0.7344 1.2089, -0.1726 -0.7344 1.169, -0.1877 -0.7344 1.1627, -0.1715 -0.7344 1.165, -0.1861 -0.7344 1.1577, -0.1698 -0.7344 1.1611, -0.1838 -0.7344 1.153, -0.1809 -0.7344 1.1485, -0.1262 -0.7344 1.147, -0.043 -0.7344 1.1643, -0.027 -0.7344 1.166, -0.0426 -0.7344 1.168, -0.0269 -0.7344 1.1682, -0.0427 -0.7344 1.17, -0.0273 -0.7344 1.173, -0.0283 -0.7344 1.1775, -0.0333 -0.7344 1.1478, -0.0308 -0.7344 1.152, -0.0439 -0.7344 1.1609, -0.0289 -0.7344 1.1564, -0.0276 -0.7344 1.1611, -0.1455 -0.7344 1.1641, -0.1486 -0.7344 1.1622, -0.1408 -0.7344 1.1484, -0.1517 -0.7344 1.1595, -0.1545 -0.7344 1.1564, -0.0736 -0.7344 1.1484, -0.0798 -0.7344 1.1353, -0.079 -0.7344 1.1346, -0.1003 -0.7344 1.2348, -0.1001 -0.7344 1.2196, -0.0986 -0.7344 1.2348, -0.0952 -0.7344 1.2192, -0.1702 -0.7344 1.1852, -0.1858 -0.7344 1.1892, -0.1717 -0.7344 1.1815, -0.1875 -0.7344 1.1842, -0.1727 -0.7344 1.1776, -0.1886 -0.7344 1.1791, -0.173 -0.7344 1.1736, -0.189 -0.7344 1.1741, -0.173 -0.7344 1.1728, -0.189 -0.7344 1.173, -0.1887 -0.7344 1.1678, -0.0625 -0.7344 1.1878, -0.0589 -0.7344 1.1875, -0.0511 -0.7344 1.2012, -0.0555 -0.7344 1.1865, -0.0468 -0.7344 1.1994, -0.0425 -0.7344 1.1969, -0.0818 -0.7344 1.1405, -0.0816 -0.7344 1.1387, -0.0809 -0.7344 1.1369, -0.0729 -0.7344 1.1482, -0.0774 -0.7344 1.1334, -0.1062 -0.7344 1.2345, -0.1055 -0.7344 1.2192, -0.1008 -0.7344 1.2195, -0.0758 -0.7344 1.1482, -0.0775 -0.7344 1.1475, -0.0817 -0.7344 1.1413, -0.0791 -0.7344 1.1464, -0.0804 -0.7344 1.145, -0.0813 -0.7344 1.1432, -0.1762 -0.7344 1.2029, -0.1771 -0.7344 1.202, -0.168 -0.7344 1.1887, -0.1805 -0.7344 1.1981, -0.1834 -0.7344 1.1938, -0.0739 -0.7344 1.1484, -0.0646 -0.7344 1.2205, -0.0658 -0.7344 1.2216, -0.0778 -0.7344 1.2117, -0.0706 -0.7344 1.2253, -0.0818 -0.7344 1.2145, -0.0758 -0.7344 1.2285, -0.0861 -0.7344 1.2167, -0.0812 -0.7344 1.2311, -0.0906 -0.7344 1.2183, -0.0869 -0.7344 1.233, -0.0927 -0.7344 1.2342, -0.0808 -0.7341 1.1761, -0.0729 -0.7341 1.1626, -0.1148 -0.7341 1.1583, -0.1085 -0.7341 1.1438, -0.1222 -0.7341 1.1187, -0.1085 -0.7341 1.1413, -0.1087 -0.7341 1.138, -0.1188 -0.7341 1.1209, -0.1159 -0.7341 1.1233, -0.1365 -0.7341 1.1506, -0.1388 -0.7341 1.1498, -0.1578 -0.7341 1.1502, -0.1408 -0.7341 1.1484, -0.115 -0.7341 1.2164, -0.1193 -0.7341 1.2141, -0.1281 -0.7341 1.2267, -0.1517 -0.7341 1.123, -0.1544 -0.7341 1.126, -0.1433 -0.7341 1.1449, -0.1565 -0.7341 1.1294, -0.158 -0.7341 1.1331, -0.1259 -0.7341 1.1355, -0.1248 -0.7341 1.1377, -0.1243 -0.7341 1.1402, -0.1244 -0.7341 1.1426, -0.1715 -0.7341 1.165, -0.1698 -0.7341 1.1611, -0.1838 -0.7341 1.153, -0.1096 -0.7341 1.1339, -0.1111 -0.7341 1.1301, -0.1132 -0.7341 1.1265, -0.1341 -0.7341 1.1311, -0.1317 -0.7341 1.1314, -0.1298 -0.7341 1.1162, -0.1588 -0.7341 1.1963, -0.1632 -0.7341 1.2113, -0.1549 -0.7341 1.1979, -0.1582 -0.7341 1.2129, -0.1509 -0.7341 1.1988, -0.1531 -0.7341 1.2139, -0.1476 -0.7341 1.199, -0.1809 -0.7341 1.1485, -0.1676 -0.7341 1.1579, -0.1784 -0.7341 1.1453, -0.1647 -0.7341 1.1548, -0.1745 -0.7341 1.1416, -0.1703 -0.7341 1.1385, -0.1614 -0.7341 1.1522, -0.1658 -0.7341 1.1359, -0.1609 -0.7341 1.134, -0.142 -0.7341 1.147, -0.0714 -0.7341 1.2052, -0.0571 -0.7341 1.2115, -0.0687 -0.7341 1.201, -0.0543 -0.7341 1.2066, -0.0666 -0.7341 1.1965, -0.052 -0.7341 1.2015, -0.0652 -0.7341 1.1918, -0.1308 -0.7341 1.2249, -0.1232 -0.7341 1.2112, -0.1349 -0.7341 1.2216, -0.0555 -0.7341 1.1865, -0.0589 -0.7341 1.1875, -0.1439 -0.7341 1.1425, -0.144 -0.7341 1.14, -0.1435 -0.7341 1.1376, -0.1386 -0.7341 1.2179, -0.1268 -0.7341 1.2078, -0.142 -0.7341 1.2137, -0.1298 -0.7341 1.2039, -0.1322 -0.7341 1.1997, -0.0439 -0.7341 1.1609, -0.0308 -0.7341 1.152, -0.0455 -0.7341 1.1576, -0.0333 -0.7341 1.1478, -0.0476 -0.7341 1.1547, -0.0363 -0.7341 1.1441, -0.0488 -0.7341 1.1535, -0.0377 -0.7341 1.1426, -0.0516 -0.7341 1.1513, -0.0449 -0.7341 1.1771, -0.03 -0.7341 1.182, -0.0435 -0.7341 1.1737, -0.0283 -0.7341 1.1775, -0.0427 -0.7341 1.17, -0.0273 -0.7341 1.173, -0.0426 -0.7341 1.168, -0.0625 -0.7341 1.1878, -0.0645 -0.7341 1.1878, -0.1388 -0.7341 1.1323, -0.1489 -0.7341 1.1207, -0.1408 -0.7341 1.1337, -0.1424 -0.7341 1.1355, -0.1341 -0.7341 1.1509, -0.1326 -0.7341 1.1669, -0.1324 -0.7341 1.1508, -0.1287 -0.7341 1.1664, -0.13 -0.7341 1.15, -0.1479 -0.7341 1.2142, -0.1449 -0.7341 1.2141, -0.1437 -0.7341 1.1986, -0.1398 -0.7341 1.1977, -0.1259 -0.7341 1.1171, -0.1295 -0.7341 1.1323, -0.1275 -0.7341 1.1336, -0.1247 -0.7341 1.1653, -0.121 -0.7341 1.1635, -0.1279 -0.7341 1.1487, -0.1177 -0.7341 1.1611, -0.1262 -0.7341 1.147, -0.125 -0.7341 1.1449, -0.1455 -0.7341 1.1641, -0.1418 -0.7341 1.1657, -0.136 -0.7341 1.1962, -0.1341 -0.7341 1.1952, -0.079 -0.7341 1.1346, -0.0798 -0.7341 1.1353, -0.0736 -0.7341 1.1484, -0.0809 -0.7341 1.1369, -0.0269 -0.7341 1.1682, -0.027 -0.7341 1.166, -0.043 -0.7341 1.1643, -0.0276 -0.7341 1.1611, -0.0289 -0.7341 1.1564, -0.0511 -0.7341 1.2012, -0.0468 -0.7341 1.1994, -0.0523 -0.7341 1.185, -0.0425 -0.7341 1.1969, -0.0494 -0.7341 1.1828, -0.0386 -0.7341 1.1938, -0.0469 -0.7341 1.1802, -0.0352 -0.7341 1.1902, -0.0323 -0.7341 1.1862, -0.1339 -0.7341 1.1159, -0.1374 -0.7341 1.1161, -0.1364 -0.7341 1.1314, -0.1415 -0.7341 1.117, -0.1454 -0.7341 1.1185, -0.1545 -0.7341 1.1564, -0.1517 -0.7341 1.1595, -0.1486 -0.7341 1.1622, -0.1379 -0.7341 1.1666, -0.1339 -0.7341 1.1669, -0.1717 -0.7341 1.1815, -0.1858 -0.7341 1.1892, -0.1702 -0.7341 1.1852, -0.1834 -0.7341 1.1938, -0.168 -0.7341 1.1887, -0.1861 -0.7341 1.1577, -0.1877 -0.7341 1.1627, -0.1726 -0.7341 1.169, -0.1887 -0.7341 1.1678, -0.173 -0.7341 1.1728, -0.189 -0.7341 1.173, -0.173 -0.7341 1.1736, -0.189 -0.7341 1.1741, -0.1727 -0.7341 1.1776, -0.1886 -0.7341 1.1791, -0.1875 -0.7341 1.1842, -0.0415 -0.7341 1.1394, -0.0456 -0.7341 1.1368, -0.0549 -0.7341 1.1496, -0.05 -0.7341 1.1348, -0.0584 -0.7341 1.1485, -0.0546 -0.7341 1.1334, -0.0609 -0.7341 1.1481, -0.0594 -0.7341 1.1326, -0.0724 -0.7341 1.1481, -0.0744 -0.7341 1.1326, -0.0729 -0.7341 1.1482, -0.0757 -0.7341 1.1328, -0.0774 -0.7341 1.1334, -0.0816 -0.7341 1.1387, -0.0818 -0.7341 1.1405, -0.0817 -0.7341 1.1413, -0.1566 -0.7341 1.1528, -0.1805 -0.7341 1.1981, -0.1771 -0.7341 1.202, -0.1656 -0.7341 1.1915, -0.1762 -0.7341 1.2029, -0.1624 -0.7341 1.1942, -0.1723 -0.7341 1.2061, -0.1679 -0.7341 1.209, -0.0813 -0.7341 1.1432, -0.0804 -0.7341 1.145, -0.0791 -0.7341 1.1464, -0.0775 -0.7341 1.1475, -0.0778 -0.7341 1.2117, -0.0658 -0.7341 1.2216, -0.0747 -0.7341 1.2089, -0.0646 -0.7341 1.2205, -0.0605 -0.7341 1.2161, -0.1229 -0.7341 1.2296, -0.1175 -0.7341 1.2319, -0.1103 -0.7341 1.2181, -0.1119 -0.7341 1.2335, -0.1055 -0.7341 1.2192, -0.1062 -0.7341 1.2345, -0.1008 -0.7341 1.2195, -0.1003 -0.7341 1.2348, -0.1001 -0.7341 1.2196, -0.0986 -0.7341 1.2348, -0.0952 -0.7341 1.2192, -0.0927 -0.7341 1.2342, -0.0906 -0.7341 1.2183, -0.0869 -0.7341 1.233, -0.0861 -0.7341 1.2167, -0.0812 -0.7341 1.2311, -0.0818 -0.7341 1.2145, -0.0758 -0.7341 1.2285, -0.0706 -0.7341 1.2253, -0.0758 -0.7341 1.1482, -0.0739 -0.7341 1.1484, 0.0991 -0.7344 1.1947, 0.1015 -0.7344 1.1913, 0.1003 -0.7344 1.1953, 0.103 -0.7344 1.192, 0.1015 -0.7344 1.196, 0.1044 -0.7344 1.1929, 0.1026 -0.7344 1.1969, 0.1057 -0.7344 1.1939, 0.103 -0.7344 1.1973, 0.1063 -0.7344 1.1945, 0.1039 -0.7344 1.1983, 0.1075 -0.7344 1.1956, 0.1047 -0.7344 1.1993, 0.1085 -0.7344 1.1969, 0.1054 -0.7344 1.2005, 0.1093 -0.7344 1.1982, 0.1059 -0.7344 1.2018, 0.1066 -0.7344 1.2111, 0.111 -0.7344 1.213, 0.1062 -0.7344 1.2126, 0.1105 -0.7344 1.2145, 0.1057 -0.7344 1.2139, 0.1099 -0.7344 1.2159, 0.1051 -0.7344 1.2151, 0.1091 -0.7344 1.2172, 0.1044 -0.7344 1.2162, 0.1083 -0.7344 1.2185, 0.1072 -0.7344 1.2196, 0.1036 -0.7344 1.2171, 0.1063 -0.7344 1.2205, 0.1029 -0.7344 1.2177, 0.105 -0.7344 1.2215, 0.1018 -0.7344 1.2186, 0.1036 -0.7344 1.2225, 0.1006 -0.7344 1.2193, 0.1021 -0.7344 1.2233, 0.0993 -0.7344 1.2199, 0.1006 -0.7344 1.2239, 0.0979 -0.7344 1.2204, 0.0989 -0.7344 1.2244, 0.0964 -0.7344 1.2208, 0.0972 -0.7344 1.2248, 0.0948 -0.7344 1.221, 0.0954 -0.7344 1.2251, 0.0931 -0.7344 1.2211, 0.0935 -0.7344 1.2252, 0.0926 -0.7344 1.2211, 0.0928 -0.7344 1.2252, 0.0872 -0.7344 1.2211, 0.0826 -0.7344 1.2252, 0.0872 -0.7344 1.1935, 0.0826 -0.7344 1.1895, 0.0924 -0.7344 1.1935, 0.0924 -0.7344 1.1895, 0.0943 -0.7344 1.1936, 0.0945 -0.7344 1.1895, 0.096 -0.7344 1.1938, 0.0964 -0.7344 1.1898, 0.0976 -0.7344 1.1942, 0.0982 -0.7344 1.1901, 0.0999 -0.7344 1.1906, 0.1101 -0.7344 1.1996, 0.1106 -0.7344 1.2011, 0.1063 -0.7344 1.2032, 0.1111 -0.7344 1.2026, 0.1066 -0.7344 1.2047, 0.1114 -0.7344 1.2043, 0.1068 -0.7344 1.2063, 0.1116 -0.7344 1.2061, 0.1069 -0.7344 1.2077, 0.1117 -0.7344 1.2078, 0.1068 -0.7344 1.2095, 0.1116 -0.7344 1.2096, 0.1114 -0.7344 1.2114, 0.1018 -0.7341 1.2186, 0.105 -0.7341 1.2215, 0.1029 -0.7341 1.2177, 0.1063 -0.7341 1.2205, 0.1036 -0.7341 1.2171, 0.1072 -0.7341 1.2196, 0.1044 -0.7341 1.2162, 0.1083 -0.7341 1.2185, 0.1051 -0.7341 1.2151, 0.1091 -0.7341 1.2172, 0.1057 -0.7341 1.2139, 0.1099 -0.7341 1.2159, 0.1062 -0.7341 1.2126, 0.1003 -0.7341 1.1953, 0.1015 -0.7341 1.1913, 0.0991 -0.7341 1.1947, 0.0999 -0.7341 1.1906, 0.0976 -0.7341 1.1942, 0.0982 -0.7341 1.1901, 0.096 -0.7341 1.1938, 0.0964 -0.7341 1.1898, 0.0943 -0.7341 1.1936, 0.0945 -0.7341 1.1895, 0.0924 -0.7341 1.1935, 0.0924 -0.7341 1.1895, 0.0872 -0.7341 1.1935, 0.0826 -0.7341 1.1895, 0.0872 -0.7341 1.2211, 0.0826 -0.7341 1.2252, 0.0926 -0.7341 1.2211, 0.0928 -0.7341 1.2252, 0.0931 -0.7341 1.2211, 0.0935 -0.7341 1.2252, 0.0948 -0.7341 1.221, 0.0954 -0.7341 1.2251, 0.0964 -0.7341 1.2208, 0.0972 -0.7341 1.2248, 0.0979 -0.7341 1.2204, 0.0989 -0.7341 1.2244, 0.0993 -0.7341 1.2199, 0.1006 -0.7341 1.2239, 0.1006 -0.7341 1.2193, 0.1021 -0.7341 1.2233, 0.1036 -0.7341 1.2225, 0.1063 -0.7341 1.2032, 0.1106 -0.7341 1.2011, 0.1059 -0.7341 1.2018, 0.1101 -0.7341 1.1996, 0.1054 -0.7341 1.2005, 0.1093 -0.7341 1.1982, 0.1047 -0.7341 1.1993, 0.1085 -0.7341 1.1969, 0.1039 -0.7341 1.1983, 0.1075 -0.7341 1.1956, 0.103 -0.7341 1.1973, 0.1063 -0.7341 1.1945, 0.1026 -0.7341 1.1969, 0.1057 -0.7341 1.1939, 0.1015 -0.7341 1.196, 0.1044 -0.7341 1.1929, 0.103 -0.7341 1.192, 0.1105 -0.7341 1.2145, 0.111 -0.7341 1.213, 0.1066 -0.7341 1.2111, 0.1114 -0.7341 1.2114, 0.1068 -0.7341 1.2095, 0.1116 -0.7341 1.2096, 0.1069 -0.7341 1.2077, 0.1117 -0.7341 1.2078, 0.1068 -0.7341 1.2063, 0.1116 -0.7341 1.2061, 0.1066 -0.7341 1.2047, 0.1114 -0.7341 1.2043, 0.1111 -0.7341 1.2026, 0.0402 -0.7344 1.193, 0.0402 -0.7341 1.193, 0.0387 -0.7341 1.1931, 0.0387 -0.7344 1.1931, 0.0372 -0.7341 1.1933, 0.0372 -0.7344 1.1933, 0.0359 -0.7341 1.1936, 0.0359 -0.7344 1.1936, 0.0346 -0.7341 1.1941, 0.0346 -0.7344 1.1941, 0.0335 -0.7341 1.1948, 0.0335 -0.7344 1.1948, 0.0324 -0.7341 1.1955, 0.0324 -0.7344 1.1955, 0.0314 -0.7341 1.1964, 0.0314 -0.7344 1.1964, 0.0311 -0.7341 1.1967, 0.0311 -0.7344 1.1967, 0.0302 -0.7341 1.1978, 0.0302 -0.7344 1.1978, 0.0295 -0.7341 1.1989, 0.0295 -0.7344 1.1989, 0.0288 -0.7341 1.2001, 0.0288 -0.7344 1.2001, 0.0283 -0.7341 1.2015, 0.0283 -0.7344 1.2015, 0.0279 -0.7341 1.2029, 0.0279 -0.7344 1.2029, 0.0277 -0.7341 1.2045, 0.0277 -0.7344 1.2045, 0.0276 -0.7341 1.2062, 0.0276 -0.7344 1.2062, 0.0276 -0.7341 1.2069, 0.0276 -0.7344 1.2069, 0.0276 -0.7341 1.2088, 0.0276 -0.7344 1.2088, 0.0278 -0.7341 1.2105, 0.0278 -0.7344 1.2105, 0.0282 -0.7341 1.2121, 0.0282 -0.7344 1.2121, 0.0287 -0.7341 1.2136, 0.0287 -0.7344 1.2136, 0.0293 -0.7341 1.2149, 0.0293 -0.7344 1.2149, 0.03 -0.7341 1.2161, 0.03 -0.7344 1.2161, 0.0309 -0.7341 1.2172, 0.0309 -0.7344 1.2172, 0.0313 -0.7341 1.2177, 0.0313 -0.7344 1.2177, 0.0323 -0.7341 1.2187, 0.0323 -0.7344 1.2187, 0.0334 -0.7341 1.2195, 0.0334 -0.7344 1.2195, 0.0346 -0.7341 1.2202, 0.0346 -0.7344 1.2202, 0.0358 -0.7341 1.2207, 0.0358 -0.7344 1.2207, 0.0372 -0.7341 1.2212, 0.0372 -0.7344 1.2212, 0.0386 -0.7341 1.2215, 0.0386 -0.7344 1.2215, 0.0401 -0.7341 1.2216, 0.0401 -0.7344 1.2216, 0.041 -0.7341 1.2217, 0.041 -0.7344 1.2217, 0.0428 -0.7341 1.2216, 0.0428 -0.7344 1.2216, 0.0444 -0.7341 1.2213, 0.0444 -0.7344 1.2213, 0.046 -0.7341 1.221, 0.046 -0.7344 1.221, 0.0475 -0.7341 1.2205, 0.0475 -0.7344 1.2205, 0.0489 -0.7341 1.2198, 0.0489 -0.7344 1.2198, 0.0495 -0.7341 1.2195, 0.0495 -0.7344 1.2195, 0.0495 -0.7344 1.2244, 0.0495 -0.7341 1.2244, 0.0481 -0.7341 1.2249, 0.0481 -0.7344 1.2249, 0.0466 -0.7341 1.2253, 0.0466 -0.7344 1.2253, 0.0449 -0.7341 1.2256, 0.0449 -0.7344 1.2256, 0.0429 -0.7341 1.2258, 0.0429 -0.7344 1.2258, 0.041 -0.7341 1.2258, 0.041 -0.7344 1.2258, 0.0391 -0.7341 1.2257, 0.0391 -0.7344 1.2257, 0.0374 -0.7341 1.2255, 0.0374 -0.7344 1.2255, 0.0357 -0.7341 1.2252, 0.0357 -0.7344 1.2252, 0.0341 -0.7341 1.2246, 0.0341 -0.7344 1.2246, 0.0326 -0.7341 1.224, 0.0326 -0.7344 1.224, 0.0312 -0.7341 1.2233, 0.0312 -0.7344 1.2233, 0.0299 -0.7341 1.2224, 0.0299 -0.7344 1.2224, 0.0287 -0.7341 1.2213, 0.0287 -0.7344 1.2213, 0.0279 -0.7341 1.2206, 0.0279 -0.7344 1.2206, 0.0268 -0.7341 1.2193, 0.0268 -0.7344 1.2193, 0.0258 -0.7341 1.218, 0.0258 -0.7344 1.218, 0.025 -0.7341 1.2166, 0.025 -0.7344 1.2166, 0.0243 -0.7341 1.2152, 0.0243 -0.7344 1.2152, 0.0237 -0.7341 1.2136, 0.0237 -0.7344 1.2136, 0.0233 -0.7341 1.212, 0.0233 -0.7344 1.212, 0.0229 -0.7341 1.2102, 0.0229 -0.7344 1.2102, 0.0228 -0.7341 1.2083, 0.0228 -0.7344 1.2083, 0.0227 -0.7341 1.2067, 0.0227 -0.7344 1.2067, 0.0228 -0.7341 1.2047, 0.0228 -0.7344 1.2047, 0.023 -0.7341 1.2028, 0.023 -0.7344 1.2028, 0.0234 -0.7341 1.201, 0.0234 -0.7344 1.201, 0.0239 -0.7341 1.1994, 0.0239 -0.7344 1.1994, 0.0245 -0.7341 1.1979, 0.0245 -0.7344 1.1979, 0.0252 -0.7341 1.1965, 0.0252 -0.7344 1.1965, 0.0261 -0.7341 1.1952, 0.0261 -0.7344 1.1952, 0.027 -0.7341 1.1941, 0.027 -0.7344 1.1941, 0.0273 -0.7341 1.1937, 0.0273 -0.7344 1.1937, 0.0284 -0.7341 1.1927, 0.0284 -0.7344 1.1927, 0.0296 -0.7341 1.1917, 0.0296 -0.7344 1.1917, 0.0309 -0.7341 1.1909, 0.0309 -0.7344 1.1909, 0.0322 -0.7341 1.1903, 0.0322 -0.7344 1.1903, 0.0336 -0.7341 1.1897, 0.0336 -0.7344 1.1897, 0.0352 -0.7341 1.1893, 0.0352 -0.7344 1.1893, 0.0368 -0.7341 1.189, 0.0368 -0.7344 1.189, 0.0385 -0.7341 1.1889, 0.0385 -0.7344 1.1889, 0.0396 -0.7341 1.1889, 0.0396 -0.7344 1.1889, 0.0418 -0.7341 1.1889, 0.0418 -0.7344 1.1889, 0.0438 -0.7341 1.1892, 0.0438 -0.7344 1.1892, 0.0456 -0.7341 1.1895, 0.0456 -0.7344 1.1895, 0.0473 -0.7341 1.19, 0.0473 -0.7344 1.19, 0.0487 -0.7341 1.1906, 0.0487 -0.7344 1.1906, 0.0495 -0.7341 1.1909, 0.0495 -0.7344 1.1909, 0.0495 -0.7344 1.1954, 0.0495 -0.7341 1.1954, 0.0481 -0.7341 1.1946, 0.0481 -0.7344 1.1946, 0.0467 -0.7341 1.194, 0.0467 -0.7344 1.194, 0.0452 -0.7341 1.1936, 0.0452 -0.7344 1.1936, 0.0436 -0.7341 1.1932, 0.0436 -0.7344 1.1932, 0.0419 -0.7341 1.193, 0.0419 -0.7344 1.193, 0.1685 -0.7344 1.1466, 0.167 -0.7344 1.1425, 0.1805 -0.7344 1.1466, 0.1819 -0.7344 1.1425, 0.1738 -0.7344 1.1614, 0.1721 -0.7344 1.1685, 0.1585 -0.7344 1.1328, 0.1636 -0.7344 1.1328, 0.1741 -0.7344 1.1625, 0.1744 -0.7344 1.1639, 0.177 -0.7344 1.1685, 0.1745 -0.7344 1.1639, 0.1748 -0.7344 1.1624, 0.1751 -0.7344 1.1614, 0.1906 -0.7344 1.1328, 0.1855 -0.7344 1.1328, 0.177 -0.7341 1.1685, 0.1745 -0.7341 1.1639, 0.1721 -0.7341 1.1685, 0.1744 -0.7341 1.1639, 0.1741 -0.7341 1.1625, 0.1738 -0.7341 1.1614, 0.1685 -0.7341 1.1466, 0.1585 -0.7341 1.1328, 0.1805 -0.7341 1.1466, 0.1751 -0.7341 1.1614, 0.1748 -0.7341 1.1624, 0.1906 -0.7341 1.1328, 0.1855 -0.7341 1.1328, 0.1819 -0.7341 1.1425, 0.1636 -0.7341 1.1328, 0.167 -0.7341 1.1425, 0.106 -0.7344 1.1368, 0.1206 -0.7344 1.1368, 0.106 -0.7341 1.1368, 0.1206 -0.7341 1.1368, 0.106 -0.7344 1.1489, 0.106 -0.7341 1.1489, 0.1188 -0.7344 1.1489, 0.1188 -0.7341 1.1489, 0.1188 -0.7344 1.153, 0.1188 -0.7341 1.153, 0.106 -0.7344 1.153, 0.106 -0.7341 1.153, 0.106 -0.7344 1.1644, 0.106 -0.7341 1.1644, 0.1198 -0.7344 1.1644, 0.1198 -0.7341 1.1644, 0.1198 -0.7344 1.1685, 0.1198 -0.7341 1.1685, 0.1014 -0.7344 1.1685, 0.1014 -0.7341 1.1685, 0.1014 -0.7344 1.1328, 0.1014 -0.7341 1.1328, 0.1206 -0.7344 1.1328, 0.1206 -0.7341 1.1328, 0.007 -0.7344 1.1368, 0.0216 -0.7344 1.1368, 0.007 -0.7341 1.1368, 0.0216 -0.7341 1.1368, 0.007 -0.7344 1.1489, 0.007 -0.7341 1.1489, 0.0198 -0.7344 1.1489, 0.0198 -0.7341 1.1489, 0.0198 -0.7344 1.153, 0.0198 -0.7341 1.153, 0.007 -0.7344 1.153, 0.007 -0.7341 1.153, 0.007 -0.7344 1.1644, 0.007 -0.7341 1.1644, 0.0208 -0.7344 1.1644, 0.0208 -0.7341 1.1644, 0.0208 -0.7344 1.1685, 0.0208 -0.7341 1.1685, 0.0024 -0.7344 1.1685, 0.0024 -0.7341 1.1685, 0.0024 -0.7344 1.1328, 0.0024 -0.7341 1.1328, 0.0216 -0.7344 1.1328, 0.0216 -0.7341 1.1328, 0.1237 -0.7344 1.2033, 0.1222 -0.7344 1.1992, 0.1357 -0.7344 1.2033, 0.1371 -0.7344 1.1992, 0.129 -0.7344 1.2181, 0.1273 -0.7344 1.2252, 0.1137 -0.7344 1.1895, 0.1188 -0.7344 1.1895, 0.1293 -0.7344 1.2192, 0.1296 -0.7344 1.2206, 0.1322 -0.7344 1.2252, 0.1297 -0.7344 1.2206, 0.13 -0.7344 1.2191, 0.1303 -0.7344 1.2181, 0.1459 -0.7344 1.1895, 0.1408 -0.7344 1.1895, 0.1322 -0.7341 1.2252, 0.1297 -0.7341 1.2206, 0.1273 -0.7341 1.2252, 0.1296 -0.7341 1.2206, 0.1293 -0.7341 1.2192, 0.129 -0.7341 1.2181, 0.1237 -0.7341 1.2033, 0.1137 -0.7341 1.1895, 0.1357 -0.7341 1.2033, 0.1303 -0.7341 1.2181, 0.13 -0.7341 1.2191, 0.1459 -0.7341 1.1895, 0.1408 -0.7341 1.1895, 0.1371 -0.7341 1.1992, 0.1188 -0.7341 1.1895, 0.1222 -0.7341 1.1992, 0.0612 -0.7344 1.1935, 0.0759 -0.7344 1.1935, 0.0612 -0.7341 1.1935, 0.0759 -0.7341 1.1935, 0.0612 -0.7344 1.2056, 0.0612 -0.7341 1.2056, 0.074 -0.7344 1.2056, 0.074 -0.7341 1.2056, 0.074 -0.7344 1.2097, 0.074 -0.7341 1.2097, 0.0612 -0.7344 1.2097, 0.0612 -0.7341 1.2097, 0.0612 -0.7344 1.2211, 0.0612 -0.7341 1.2211, 0.075 -0.7344 1.2211, 0.075 -0.7341 1.2211, 0.075 -0.7344 1.2252, 0.075 -0.7341 1.2252, 0.0566 -0.7344 1.2252, 0.0566 -0.7341 1.2252, 0.0566 -0.7344 1.1895, 0.0566 -0.7341 1.1895, 0.0759 -0.7344 1.1895, 0.0759 -0.7341 1.1895, 0.007 -0.7344 1.1935, 0.0212 -0.7344 1.1935, 0.007 -0.7341 1.1935, 0.0212 -0.7341 1.1935, 0.007 -0.7344 1.2252, 0.007 -0.7341 1.2252, 0.0024 -0.7344 1.2252, 0.0024 -0.7341 1.2252, 0.0024 -0.7344 1.1895, 0.0024 -0.7341 1.1895, 0.0212 -0.7344 1.1895, 0.0212 -0.7341 1.1895
            ]
        }
        coordIndex [
            0,1,2,-1,2,1,3,-1,2,3,4,-1,4,3,5,-1,4,5,6,-1,6,5,7,-1,6,7,8,-1,8,7,9,-1,8,9,10,-1,10,9,11,-1,10,11,12,-1,12,11,13,-1,12,13,14,-1,14,13,15,-1,14,15,16,-1,17,18,19,-1,19,18,20,-1,19,20,21,-1,21,20,22,-1,21,22,23,-1,23,22,24,-1,23,24,25,-1,24,26,25,-1,25,26,27,-1,25,27,28,-1,28,27,29,-1,28,29,30,-1,30,29,31,-1,30,31,32,-1,32,31,33,-1,32,33,34,-1,34,33,35,-1,34,35,36,-1,36,35,37,-1,36,37,38,-1,38,37,39,-1,38,39,40,-1,40,39,41,-1,40,41,42,-1,42,41,43,-1,42,43,44,-1,44,43,45,-1,44,45,46,-1,46,45,47,-1,46,47,48,-1,48,47,49,-1,48,49,50,-1,50,49,51,-1,50,51,52,-1,52,51,53,-1,52,53,54,-1,54,53,55,-1,54,55,56,-1,56,55,57,-1,56,57,58,-1,58,57,59,-1,58,59,0,-1,0,59,60,-1,0,60,1,-1,15,61,16,-1,16,61,62,-1,16,62,63,-1,63,62,64,-1,63,64,65,-1,65,64,66,-1,65,66,67,-1,67,66,68,-1,67,68,69,-1,69,68,70,-1,69,70,71,-1,71,70,72,-1,71,72,17,-1,17,72,73,-1,17,73,18,-1,74,75,76,-1,76,75,77,-1,76,77,78,-1,78,77,79,-1,78,79,80,-1,80,79,81,-1,80,81,82,-1,82,81,83,-1,82,83,84,-1,84,83,85,-1,84,85,86,-1,87,88,89,-1,89,88,90,-1,89,90,91,-1,91,90,92,-1,91,92,93,-1,93,92,94,-1,93,94,95,-1,95,94,96,-1,95,96,97,-1,97,96,98,-1,97,98,99,-1,99,98,100,-1,99,100,101,-1,101,100,102,-1,101,102,103,-1,103,102,104,-1,103,104,105,-1,105,104,106,-1,105,106,107,-1,107,106,108,-1,107,108,109,-1,109,108,110,-1,109,110,111,-1,111,110,112,-1,111,112,113,-1,113,112,114,-1,113,114,115,-1,115,114,116,-1,115,116,74,-1,74,116,117,-1,74,117,75,-1,118,119,120,-1,120,119,121,-1,120,121,122,-1,122,121,123,-1,122,123,124,-1,124,123,125,-1,124,125,126,-1,126,125,127,-1,126,127,128,-1,128,127,129,-1,128,129,130,-1,130,129,131,-1,130,131,132,-1,132,131,133,-1,132,133,87,-1,87,133,134,-1,87,134,88,-1,85,135,86,-1,86,135,136,-1,86,136,137,-1,137,136,138,-1,137,138,139,-1,139,138,140,-1,139,140,141,-1,141,140,142,-1,141,142,143,-1,143,142,144,-1,143,144,145,-1,145,144,146,-1,145,146,118,-1,118,146,147,-1,118,147,119,-1,9,129,127,-1,9,127,11,-1,11,127,125,-1,11,125,13,-1,13,125,123,-1,13,123,15,-1,15,123,121,-1,15,121,61,-1,61,121,119,-1,61,119,62,-1,62,119,147,-1,62,147,64,-1,64,147,146,-1,64,146,66,-1,66,146,144,-1,66,144,68,-1,68,144,142,-1,68,142,70,-1,70,142,140,-1,70,140,72,-1,72,140,138,-1,72,138,73,-1,73,138,136,-1,73,136,18,-1,18,136,135,-1,18,135,20,-1,20,135,85,-1,20,85,22,-1,22,85,83,-1,22,83,24,-1,24,83,81,-1,24,81,26,-1,26,81,79,-1,26,79,27,-1,27,79,77,-1,27,77,29,-1,29,77,75,-1,29,75,31,-1,31,75,117,-1,31,117,33,-1,33,117,116,-1,33,116,35,-1,35,116,114,-1,35,114,37,-1,37,114,112,-1,37,112,39,-1,39,112,110,-1,39,110,41,-1,41,110,108,-1,41,108,43,-1,43,108,106,-1,43,106,45,-1,45,106,104,-1,45,104,47,-1,49,47,102,-1,102,47,104,-1,51,49,100,-1,100,49,102,-1,53,51,98,-1,98,51,100,-1,53,98,96,-1,53,96,55,-1,55,96,94,-1,55,94,57,-1,57,94,92,-1,57,92,59,-1,59,92,90,-1,59,90,60,-1,60,90,88,-1,60,88,1,-1,1,88,134,-1,1,134,3,-1,3,134,133,-1,3,133,5,-1,5,133,131,-1,5,131,7,-1,7,131,129,-1,7,129,9,-1,30,76,78,-1,30,78,28,-1,28,78,80,-1,28,80,25,-1,25,80,82,-1,25,82,23,-1,23,82,84,-1,23,84,21,-1,21,84,86,-1,21,86,19,-1,19,86,137,-1,19,137,17,-1,17,137,139,-1,17,139,71,-1,71,139,141,-1,71,141,69,-1,46,103,105,-1,46,105,44,-1,44,105,107,-1,44,107,42,-1,42,107,109,-1,42,109,40,-1,40,109,111,-1,40,111,38,-1,38,111,113,-1,38,113,36,-1,36,113,115,-1,36,115,34,-1,34,115,74,-1,34,74,32,-1,32,74,76,-1,32,76,30,-1,46,48,103,-1,103,48,101,-1,48,50,101,-1,101,50,99,-1,50,52,99,-1,99,52,97,-1,8,128,130,-1,8,130,6,-1,6,130,132,-1,6,132,4,-1,4,132,87,-1,4,87,2,-1,2,87,89,-1,2,89,0,-1,0,89,91,-1,0,91,58,-1,58,91,93,-1,58,93,56,-1,56,93,95,-1,56,95,54,-1,54,95,97,-1,54,97,52,-1,69,141,143,-1,69,143,67,-1,67,143,145,-1,67,145,65,-1,65,145,118,-1,65,118,63,-1,63,118,120,-1,63,120,16,-1,16,120,122,-1,16,122,14,-1,14,122,124,-1,14,124,12,-1,12,124,126,-1,12,126,10,-1,10,126,128,-1,10,128,8,-1,148,149,150,-1,148,150,151,-1,151,150,152,-1,151,152,153,-1,154,153,155,-1,155,153,152,-1,156,154,157,-1,157,154,155,-1,158,156,159,-1,159,156,157,-1,160,158,161,-1,161,158,159,-1,162,160,163,-1,163,160,161,-1,164,162,165,-1,165,162,163,-1,164,165,166,-1,164,166,167,-1,167,166,168,-1,167,168,169,-1,169,168,170,-1,169,170,171,-1,171,170,172,-1,171,172,173,-1,173,172,174,-1,173,174,175,-1,175,174,176,-1,175,176,177,-1,177,176,178,-1,177,178,179,-1,179,178,180,-1,179,180,181,-1,181,180,182,-1,181,182,183,-1,183,182,184,-1,183,184,185,-1,186,185,187,-1,187,185,184,-1,186,187,188,-1,186,188,189,-1,189,188,190,-1,189,190,191,-1,191,190,192,-1,191,192,193,-1,193,192,194,-1,193,194,195,-1,195,194,196,-1,195,196,197,-1,197,196,198,-1,197,198,199,-1,199,198,200,-1,199,200,201,-1,201,200,202,-1,201,202,203,-1,203,202,204,-1,203,204,205,-1,205,204,206,-1,205,206,207,-1,207,206,208,-1,207,208,209,-1,209,208,210,-1,209,210,211,-1,211,210,212,-1,211,212,213,-1,213,212,214,-1,213,214,215,-1,216,215,217,-1,217,215,214,-1,218,216,219,-1,219,216,217,-1,148,218,149,-1,149,218,219,-1,151,153,215,-1,216,218,215,-1,215,218,148,-1,215,148,151,-1,158,160,156,-1,156,160,162,-1,156,162,154,-1,169,171,203,-1,203,171,201,-1,201,171,173,-1,201,173,199,-1,199,173,175,-1,199,175,197,-1,197,175,195,-1,195,175,177,-1,195,177,193,-1,193,177,179,-1,193,179,191,-1,203,205,169,-1,169,205,207,-1,169,207,167,-1,167,207,209,-1,167,209,164,-1,191,179,189,-1,189,179,181,-1,189,181,186,-1,186,181,183,-1,186,183,185,-1,209,211,164,-1,164,211,213,-1,164,213,162,-1,162,213,215,-1,162,215,154,-1,154,215,153,-1,176,174,196,-1,163,161,159,-1,219,217,149,-1,149,217,214,-1,196,174,198,-1,198,174,172,-1,198,172,200,-1,196,194,176,-1,176,194,192,-1,176,192,178,-1,178,192,190,-1,178,190,180,-1,180,190,188,-1,180,188,182,-1,182,188,187,-1,182,187,184,-1,200,172,202,-1,202,172,170,-1,202,170,204,-1,204,170,168,-1,204,168,206,-1,206,168,166,-1,206,166,208,-1,208,166,210,-1,210,166,165,-1,210,165,212,-1,155,152,214,-1,214,152,150,-1,214,150,149,-1,159,157,163,-1,163,157,155,-1,163,155,165,-1,165,155,214,-1,165,214,212,-1,220,221,222,-1,220,222,223,-1,223,222,224,-1,223,224,225,-1,225,224,226,-1,225,226,227,-1,227,226,228,-1,227,228,229,-1,229,228,230,-1,229,230,231,-1,231,230,232,-1,231,232,233,-1,233,232,234,-1,233,234,235,-1,235,234,236,-1,235,236,237,-1,237,236,238,-1,237,238,239,-1,239,238,240,-1,239,240,241,-1,241,240,242,-1,241,242,243,-1,243,242,244,-1,243,244,245,-1,245,244,246,-1,245,246,247,-1,247,246,248,-1,247,248,249,-1,249,248,250,-1,249,250,251,-1,251,250,252,-1,251,252,253,-1,253,252,254,-1,253,254,255,-1,255,254,256,-1,255,256,257,-1,257,256,258,-1,257,258,259,-1,259,258,260,-1,259,260,261,-1,261,260,262,-1,261,262,263,-1,263,262,264,-1,263,264,265,-1,265,264,266,-1,265,266,267,-1,267,266,268,-1,267,268,269,-1,269,268,270,-1,269,270,271,-1,271,270,272,-1,271,272,273,-1,273,272,274,-1,273,274,275,-1,275,274,276,-1,275,276,277,-1,277,276,278,-1,277,278,279,-1,279,278,280,-1,279,280,281,-1,281,280,282,-1,281,282,283,-1,283,282,284,-1,283,284,285,-1,285,284,286,-1,285,286,287,-1,287,286,288,-1,287,288,289,-1,289,288,290,-1,289,290,291,-1,291,290,292,-1,291,292,293,-1,293,292,294,-1,293,294,295,-1,295,294,296,-1,295,296,297,-1,297,296,298,-1,297,298,299,-1,299,298,300,-1,299,300,301,-1,301,300,302,-1,301,302,303,-1,303,302,304,-1,303,304,305,-1,305,304,306,-1,305,306,307,-1,307,306,308,-1,307,308,309,-1,309,308,310,-1,309,310,311,-1,311,310,312,-1,311,312,313,-1,313,312,314,-1,313,314,315,-1,315,314,316,-1,315,316,317,-1,317,316,318,-1,317,318,319,-1,319,318,320,-1,319,320,321,-1,321,320,322,-1,321,322,323,-1,323,322,324,-1,323,324,325,-1,325,324,326,-1,325,326,327,-1,328,327,329,-1,329,327,326,-1,328,329,330,-1,328,330,331,-1,331,330,332,-1,331,332,333,-1,333,332,334,-1,333,334,335,-1,335,334,336,-1,335,336,337,-1,337,336,338,-1,337,338,339,-1,339,338,340,-1,339,340,341,-1,341,340,342,-1,341,342,343,-1,343,342,344,-1,343,344,345,-1,345,344,346,-1,345,346,347,-1,347,346,348,-1,347,348,349,-1,349,348,350,-1,349,350,351,-1,351,350,352,-1,351,352,353,-1,353,352,354,-1,353,354,355,-1,355,354,356,-1,355,356,357,-1,357,356,358,-1,357,358,359,-1,359,358,360,-1,359,360,361,-1,361,360,362,-1,361,362,363,-1,363,362,364,-1,363,364,365,-1,365,364,366,-1,365,366,367,-1,367,366,368,-1,367,368,369,-1,369,368,370,-1,369,370,371,-1,371,370,372,-1,371,372,373,-1,373,372,374,-1,373,374,375,-1,375,374,376,-1,375,376,377,-1,377,376,378,-1,377,378,379,-1,379,378,380,-1,379,380,381,-1,381,380,382,-1,381,382,383,-1,383,382,384,-1,383,384,385,-1,385,384,386,-1,385,386,387,-1,387,386,388,-1,387,388,389,-1,389,388,390,-1,389,390,391,-1,391,390,392,-1,391,392,393,-1,393,392,394,-1,393,394,395,-1,395,394,396,-1,395,396,397,-1,397,396,398,-1,397,398,399,-1,399,398,400,-1,399,400,401,-1,401,400,402,-1,401,402,403,-1,403,402,404,-1,403,404,405,-1,405,404,406,-1,405,406,407,-1,407,406,408,-1,407,408,409,-1,409,408,410,-1,409,410,411,-1,411,410,412,-1,411,412,413,-1,413,412,414,-1,413,414,415,-1,415,414,416,-1,415,416,417,-1,417,416,418,-1,417,418,419,-1,419,418,420,-1,419,420,421,-1,421,420,422,-1,421,422,423,-1,423,422,424,-1,423,424,425,-1,425,424,426,-1,425,426,427,-1,427,426,428,-1,427,428,429,-1,429,428,430,-1,429,430,431,-1,431,430,432,-1,431,432,433,-1,433,432,434,-1,433,434,435,-1,435,434,436,-1,435,436,437,-1,437,436,438,-1,437,438,439,-1,439,438,440,-1,439,440,441,-1,441,440,442,-1,441,442,443,-1,443,442,444,-1,443,444,445,-1,446,445,447,-1,447,445,444,-1,446,447,448,-1,446,448,449,-1,449,448,450,-1,449,450,451,-1,451,450,452,-1,451,452,453,-1,453,452,454,-1,453,454,455,-1,455,454,456,-1,455,456,457,-1,457,456,221,-1,457,221,220,-1,443,445,446,-1,325,327,328,-1,235,237,419,-1,419,237,417,-1,299,359,297,-1,297,359,361,-1,297,361,295,-1,237,239,417,-1,417,239,241,-1,417,241,415,-1,301,355,299,-1,299,355,357,-1,299,357,359,-1,235,419,233,-1,233,419,421,-1,233,421,231,-1,231,421,423,-1,231,423,229,-1,229,423,425,-1,229,425,227,-1,377,287,375,-1,375,287,289,-1,259,405,257,-1,257,405,407,-1,361,363,295,-1,295,363,365,-1,295,365,293,-1,365,367,293,-1,293,367,369,-1,293,369,291,-1,291,369,371,-1,291,371,289,-1,289,371,373,-1,289,373,375,-1,377,379,287,-1,287,379,381,-1,287,381,285,-1,285,381,383,-1,285,383,283,-1,283,383,385,-1,283,385,281,-1,281,385,387,-1,281,387,279,-1,411,251,409,-1,409,251,253,-1,409,253,407,-1,407,253,255,-1,407,255,257,-1,241,243,415,-1,415,243,245,-1,415,245,413,-1,413,245,247,-1,413,247,411,-1,411,247,249,-1,411,249,251,-1,259,261,405,-1,405,261,263,-1,405,263,403,-1,403,263,265,-1,403,265,401,-1,401,265,267,-1,401,267,399,-1,399,267,269,-1,399,269,397,-1,227,425,225,-1,225,425,427,-1,225,427,223,-1,223,427,429,-1,223,429,220,-1,220,429,431,-1,220,431,457,-1,457,431,433,-1,457,433,455,-1,455,433,435,-1,455,435,453,-1,453,435,437,-1,453,437,451,-1,451,437,439,-1,451,439,449,-1,449,439,446,-1,446,439,441,-1,446,441,443,-1,269,271,397,-1,397,271,273,-1,397,273,395,-1,395,273,275,-1,395,275,393,-1,393,275,277,-1,393,277,391,-1,391,277,279,-1,391,279,389,-1,389,279,387,-1,325,328,323,-1,323,328,331,-1,323,331,321,-1,321,331,333,-1,321,333,319,-1,319,333,335,-1,319,335,317,-1,317,335,337,-1,317,337,315,-1,315,337,339,-1,315,339,313,-1,313,339,341,-1,313,341,311,-1,311,341,343,-1,311,343,309,-1,309,343,345,-1,309,345,307,-1,307,345,347,-1,307,347,305,-1,305,347,349,-1,305,349,303,-1,303,349,351,-1,303,351,301,-1,301,351,353,-1,301,353,355,-1,416,236,418,-1,418,236,234,-1,418,234,420,-1,420,234,232,-1,420,232,422,-1,298,296,358,-1,378,286,380,-1,380,286,284,-1,414,240,416,-1,416,240,238,-1,416,238,236,-1,408,406,254,-1,254,406,256,-1,256,406,404,-1,256,404,258,-1,378,376,286,-1,286,376,374,-1,286,374,288,-1,288,374,372,-1,288,372,290,-1,402,262,404,-1,404,262,260,-1,404,260,258,-1,292,364,294,-1,294,364,362,-1,294,362,296,-1,296,362,360,-1,296,360,358,-1,412,244,414,-1,414,244,242,-1,414,242,240,-1,372,370,290,-1,290,370,368,-1,290,368,292,-1,292,368,366,-1,292,366,364,-1,232,230,422,-1,422,230,228,-1,422,228,424,-1,424,228,226,-1,424,226,426,-1,426,226,224,-1,426,224,428,-1,428,224,222,-1,428,222,430,-1,430,222,221,-1,430,221,432,-1,432,221,456,-1,432,456,434,-1,434,456,454,-1,434,454,436,-1,254,252,408,-1,408,252,250,-1,408,250,410,-1,410,250,248,-1,410,248,412,-1,412,248,246,-1,412,246,244,-1,454,452,436,-1,436,452,450,-1,436,450,438,-1,438,450,448,-1,438,448,440,-1,440,448,447,-1,440,447,442,-1,442,447,444,-1,394,392,276,-1,276,392,390,-1,276,390,278,-1,278,390,388,-1,278,388,280,-1,280,388,386,-1,280,386,282,-1,282,386,384,-1,282,384,284,-1,284,384,382,-1,284,382,380,-1,358,356,298,-1,298,356,354,-1,298,354,300,-1,300,354,352,-1,300,352,302,-1,302,352,350,-1,302,350,304,-1,304,350,348,-1,304,348,306,-1,306,348,346,-1,306,346,308,-1,308,346,344,-1,308,344,310,-1,310,344,342,-1,310,342,312,-1,312,342,340,-1,312,340,314,-1,314,340,338,-1,314,338,316,-1,316,338,336,-1,316,336,318,-1,318,336,334,-1,318,334,320,-1,320,334,332,-1,320,332,322,-1,322,332,330,-1,322,330,324,-1,324,330,329,-1,324,329,326,-1,276,274,394,-1,394,274,272,-1,394,272,396,-1,396,272,270,-1,396,270,398,-1,398,270,268,-1,398,268,400,-1,400,268,266,-1,400,266,402,-1,402,266,264,-1,402,264,262,-1,458,459,460,-1,460,459,461,-1,462,463,464,-1,465,466,467,-1,467,466,468,-1,464,463,469,-1,469,463,470,-1,469,470,471,-1,471,470,472,-1,471,472,473,-1,474,475,476,-1,466,477,468,-1,468,477,478,-1,468,478,479,-1,465,467,480,-1,480,467,481,-1,480,481,482,-1,482,481,483,-1,482,483,484,-1,473,472,485,-1,485,472,486,-1,485,486,487,-1,487,486,488,-1,487,488,489,-1,478,490,479,-1,479,490,491,-1,479,491,492,-1,492,491,493,-1,492,493,494,-1,460,495,496,-1,496,495,497,-1,496,497,498,-1,499,500,501,-1,501,500,502,-1,501,502,503,-1,503,502,504,-1,503,504,505,-1,506,507,461,-1,461,507,508,-1,461,508,460,-1,460,508,509,-1,460,509,495,-1,489,488,510,-1,510,488,511,-1,510,511,512,-1,512,511,513,-1,512,513,514,-1,515,516,517,-1,517,516,518,-1,517,518,519,-1,519,518,520,-1,519,520,521,-1,476,522,474,-1,474,522,523,-1,474,523,515,-1,515,523,524,-1,515,524,516,-1,525,526,527,-1,527,526,528,-1,527,528,475,-1,475,528,529,-1,475,529,476,-1,530,531,532,-1,532,531,484,-1,532,484,533,-1,533,484,483,-1,504,534,505,-1,505,534,535,-1,505,535,536,-1,536,535,537,-1,536,537,538,-1,538,537,498,-1,538,498,539,-1,539,498,497,-1,514,513,540,-1,540,513,541,-1,540,541,542,-1,542,531,540,-1,540,531,530,-1,540,530,461,-1,461,530,543,-1,461,543,506,-1,520,544,521,-1,521,544,545,-1,521,545,546,-1,546,545,547,-1,546,547,548,-1,548,547,549,-1,548,549,499,-1,499,549,550,-1,499,550,500,-1,493,551,494,-1,494,551,552,-1,494,552,553,-1,553,552,554,-1,553,554,555,-1,464,556,462,-1,462,556,557,-1,462,557,558,-1,558,557,559,-1,558,559,560,-1,560,559,561,-1,560,561,562,-1,562,561,563,-1,562,563,564,-1,564,563,565,-1,564,565,566,-1,566,565,567,-1,566,567,568,-1,568,567,569,-1,568,569,570,-1,570,569,571,-1,570,571,572,-1,572,571,573,-1,572,573,574,-1,574,573,575,-1,574,575,576,-1,554,577,555,-1,555,577,578,-1,555,578,525,-1,525,578,579,-1,525,579,526,-1,580,581,582,-1,583,584,585,-1,585,584,586,-1,585,586,587,-1,588,589,590,-1,591,592,593,-1,593,592,594,-1,593,594,595,-1,586,596,587,-1,587,596,597,-1,587,597,598,-1,598,597,599,-1,598,599,600,-1,601,602,603,-1,603,602,604,-1,603,604,605,-1,605,604,606,-1,605,606,583,-1,583,606,607,-1,583,607,584,-1,608,588,609,-1,609,588,590,-1,609,590,610,-1,610,590,611,-1,612,613,614,-1,614,613,615,-1,614,615,616,-1,616,615,617,-1,616,617,618,-1,618,617,619,-1,618,619,620,-1,620,619,621,-1,622,623,612,-1,612,623,624,-1,612,624,613,-1,625,626,591,-1,591,626,627,-1,591,627,592,-1,628,629,625,-1,625,629,630,-1,625,630,626,-1,631,632,633,-1,633,632,590,-1,633,590,634,-1,634,590,589,-1,635,636,622,-1,622,636,637,-1,622,637,623,-1,599,638,600,-1,600,638,639,-1,600,639,640,-1,640,639,641,-1,640,641,642,-1,642,641,632,-1,642,632,643,-1,594,644,595,-1,595,644,645,-1,595,645,646,-1,643,632,647,-1,647,632,631,-1,647,631,621,-1,621,631,648,-1,621,648,620,-1,580,582,649,-1,649,582,650,-1,649,650,651,-1,651,650,652,-1,651,652,653,-1,653,652,654,-1,653,654,655,-1,655,654,656,-1,655,656,657,-1,657,656,658,-1,657,658,659,-1,659,658,660,-1,659,660,661,-1,661,660,662,-1,661,662,601,-1,601,662,663,-1,601,663,602,-1,664,665,666,-1,666,665,667,-1,666,667,635,-1,635,667,668,-1,635,668,636,-1,645,669,646,-1,646,669,670,-1,646,670,671,-1,671,670,672,-1,671,672,664,-1,664,672,673,-1,664,673,665,-1,674,675,676,-1,676,675,677,-1,676,677,678,-1,678,677,679,-1,678,679,680,-1,680,679,681,-1,680,681,682,-1,683,684,685,-1,685,684,686,-1,685,686,687,-1,687,686,688,-1,687,688,628,-1,628,688,689,-1,628,689,629,-1,681,690,682,-1,682,690,691,-1,682,691,692,-1,692,691,693,-1,692,693,694,-1,694,693,695,-1,694,695,683,-1,683,695,696,-1,683,696,684,-1,676,697,674,-1,674,697,698,-1,674,698,699,-1,699,698,700,-1,699,700,609,-1,609,700,701,-1,609,701,608,-1,560,661,601,-1,560,601,558,-1,558,601,603,-1,558,603,462,-1,462,603,605,-1,462,605,463,-1,463,605,583,-1,463,583,470,-1,470,583,585,-1,470,585,472,-1,472,585,587,-1,472,587,486,-1,486,587,598,-1,486,598,488,-1,488,598,600,-1,488,600,511,-1,511,600,640,-1,511,640,513,-1,513,640,642,-1,513,642,541,-1,541,642,643,-1,541,643,542,-1,542,643,647,-1,542,647,531,-1,484,531,621,-1,621,531,647,-1,484,621,619,-1,484,619,482,-1,482,619,617,-1,482,617,480,-1,480,617,615,-1,480,615,465,-1,465,615,613,-1,465,613,466,-1,466,613,624,-1,466,624,477,-1,477,624,623,-1,477,623,478,-1,478,623,637,-1,478,637,490,-1,490,637,636,-1,490,636,491,-1,491,636,668,-1,491,668,493,-1,493,668,667,-1,493,667,551,-1,551,667,665,-1,551,665,552,-1,552,665,673,-1,552,673,554,-1,554,673,672,-1,554,672,577,-1,577,672,670,-1,577,670,578,-1,578,670,669,-1,578,669,579,-1,579,669,645,-1,579,645,526,-1,526,645,644,-1,526,644,528,-1,528,644,594,-1,528,594,529,-1,529,594,592,-1,529,592,476,-1,476,592,627,-1,476,627,522,-1,522,627,626,-1,522,626,523,-1,523,626,630,-1,523,630,524,-1,524,630,629,-1,524,629,516,-1,516,629,689,-1,516,689,518,-1,518,689,688,-1,518,688,520,-1,520,688,686,-1,520,686,544,-1,544,686,684,-1,544,684,545,-1,545,684,696,-1,545,696,547,-1,547,696,695,-1,547,695,549,-1,549,695,693,-1,549,693,550,-1,550,693,691,-1,550,691,500,-1,500,691,690,-1,500,690,502,-1,502,690,681,-1,502,681,504,-1,504,681,679,-1,504,679,534,-1,534,679,677,-1,534,677,535,-1,535,677,675,-1,535,675,537,-1,537,675,674,-1,537,674,498,-1,498,674,699,-1,498,699,496,-1,460,496,609,-1,609,496,699,-1,458,460,610,-1,610,460,609,-1,459,458,611,-1,611,458,610,-1,461,459,590,-1,590,459,611,-1,461,590,632,-1,461,632,540,-1,540,632,641,-1,540,641,514,-1,514,641,639,-1,514,639,512,-1,512,639,638,-1,512,638,510,-1,510,638,599,-1,510,599,489,-1,489,599,597,-1,489,597,487,-1,487,597,596,-1,487,596,485,-1,485,596,586,-1,485,586,473,-1,473,586,584,-1,473,584,471,-1,471,584,607,-1,471,607,469,-1,469,607,606,-1,469,606,464,-1,464,606,604,-1,464,604,556,-1,556,604,602,-1,556,602,557,-1,557,602,663,-1,557,663,559,-1,559,663,662,-1,559,662,561,-1,561,662,660,-1,561,660,563,-1,563,660,658,-1,563,658,565,-1,565,658,656,-1,565,656,567,-1,567,656,654,-1,567,654,569,-1,569,654,652,-1,569,652,571,-1,571,652,650,-1,571,650,573,-1,573,650,582,-1,573,582,575,-1,576,575,581,-1,581,575,582,-1,576,581,580,-1,576,580,574,-1,574,580,649,-1,574,649,572,-1,572,649,651,-1,572,651,570,-1,570,651,653,-1,570,653,568,-1,568,653,655,-1,568,655,566,-1,566,655,657,-1,566,657,564,-1,564,657,659,-1,564,659,562,-1,562,659,661,-1,562,661,560,-1,539,698,697,-1,539,697,538,-1,538,697,676,-1,538,676,536,-1,536,676,678,-1,536,678,505,-1,505,678,680,-1,505,680,503,-1,503,680,682,-1,503,682,501,-1,501,682,692,-1,501,692,499,-1,499,692,694,-1,499,694,548,-1,543,633,634,-1,543,634,506,-1,506,634,589,-1,506,589,507,-1,507,589,588,-1,507,588,508,-1,508,588,608,-1,508,608,509,-1,509,608,701,-1,509,701,495,-1,495,701,700,-1,495,700,497,-1,497,700,698,-1,497,698,539,-1,543,530,633,-1,633,530,631,-1,530,532,631,-1,631,532,648,-1,468,612,614,-1,468,614,467,-1,467,614,616,-1,467,616,481,-1,481,616,618,-1,481,618,483,-1,483,618,620,-1,483,620,533,-1,533,620,648,-1,533,648,532,-1,555,671,664,-1,555,664,553,-1,553,664,666,-1,553,666,494,-1,494,666,635,-1,494,635,492,-1,492,635,622,-1,492,622,479,-1,479,622,612,-1,479,612,468,-1,515,625,591,-1,515,591,474,-1,474,591,593,-1,474,593,475,-1,475,593,595,-1,475,595,527,-1,527,595,646,-1,527,646,525,-1,525,646,671,-1,525,671,555,-1,548,694,683,-1,548,683,546,-1,546,683,685,-1,546,685,521,-1,521,685,687,-1,521,687,519,-1,519,687,628,-1,519,628,517,-1,517,628,625,-1,517,625,515,-1,702,703,704,-1,705,706,707,-1,708,709,710,-1,711,712,713,-1,713,712,714,-1,713,714,715,-1,716,717,718,-1,719,720,721,-1,722,723,704,-1,704,723,724,-1,704,724,702,-1,725,726,727,-1,727,726,728,-1,727,728,729,-1,729,728,730,-1,729,730,731,-1,731,730,732,-1,731,732,733,-1,734,735,736,-1,736,735,737,-1,736,737,738,-1,739,703,740,-1,740,703,741,-1,740,741,734,-1,734,741,742,-1,734,742,735,-1,743,744,728,-1,728,744,745,-1,728,745,730,-1,730,745,746,-1,730,746,747,-1,748,749,750,-1,721,720,751,-1,751,720,752,-1,751,752,753,-1,753,752,754,-1,753,754,755,-1,710,709,756,-1,756,709,757,-1,756,757,758,-1,759,760,704,-1,704,760,761,-1,704,761,722,-1,748,750,762,-1,762,750,763,-1,762,763,764,-1,764,763,765,-1,764,765,766,-1,733,767,731,-1,731,767,768,-1,731,768,769,-1,770,704,771,-1,771,704,703,-1,771,703,772,-1,772,703,739,-1,718,717,773,-1,773,717,774,-1,773,774,775,-1,776,777,778,-1,778,777,779,-1,778,779,780,-1,780,779,781,-1,780,781,782,-1,782,781,783,-1,782,783,784,-1,785,786,787,-1,787,786,788,-1,787,788,759,-1,759,788,789,-1,759,789,760,-1,749,748,790,-1,790,748,791,-1,790,791,792,-1,792,791,793,-1,792,793,794,-1,794,793,795,-1,794,795,707,-1,707,795,796,-1,707,796,705,-1,770,797,704,-1,704,797,798,-1,704,798,799,-1,799,798,800,-1,801,802,803,-1,803,802,804,-1,803,804,805,-1,718,806,716,-1,716,806,807,-1,716,807,801,-1,801,807,808,-1,801,808,802,-1,747,809,730,-1,730,809,810,-1,730,810,811,-1,811,810,738,-1,811,738,812,-1,812,738,737,-1,721,813,719,-1,719,813,814,-1,719,814,815,-1,815,814,816,-1,815,816,817,-1,817,816,818,-1,817,818,819,-1,819,818,820,-1,819,820,821,-1,710,822,708,-1,708,822,823,-1,708,823,824,-1,824,823,825,-1,824,825,826,-1,826,825,827,-1,826,827,828,-1,828,827,707,-1,828,707,829,-1,829,707,706,-1,713,830,711,-1,711,830,831,-1,711,831,832,-1,832,831,833,-1,832,833,834,-1,835,836,837,-1,837,836,838,-1,837,838,839,-1,839,838,840,-1,839,840,785,-1,785,840,841,-1,785,841,786,-1,775,774,728,-1,728,774,842,-1,728,842,743,-1,843,844,845,-1,845,844,846,-1,845,846,847,-1,847,846,848,-1,847,848,776,-1,776,848,849,-1,776,849,777,-1,820,850,821,-1,821,850,851,-1,821,851,852,-1,852,851,853,-1,852,853,843,-1,843,853,854,-1,843,854,844,-1,804,855,805,-1,805,855,856,-1,805,856,857,-1,857,856,858,-1,857,858,800,-1,800,858,859,-1,800,859,799,-1,860,861,862,-1,863,864,865,-1,865,864,866,-1,867,868,869,-1,869,868,870,-1,869,870,871,-1,871,870,872,-1,871,872,873,-1,873,872,874,-1,873,874,875,-1,875,874,876,-1,875,876,835,-1,835,876,877,-1,835,877,836,-1,715,878,713,-1,713,878,879,-1,713,879,880,-1,880,879,881,-1,880,881,882,-1,882,881,784,-1,882,784,883,-1,883,784,783,-1,884,885,860,-1,860,885,886,-1,860,886,861,-1,754,887,755,-1,755,887,860,-1,755,860,888,-1,888,860,862,-1,758,757,889,-1,889,757,890,-1,889,890,863,-1,863,890,891,-1,863,891,864,-1,892,893,894,-1,893,895,894,-1,894,895,896,-1,894,896,897,-1,765,898,766,-1,766,898,899,-1,766,899,900,-1,900,899,901,-1,900,901,867,-1,867,901,902,-1,867,902,868,-1,884,860,894,-1,894,860,903,-1,894,903,892,-1,833,904,834,-1,834,904,905,-1,834,905,906,-1,906,905,907,-1,906,907,908,-1,908,907,909,-1,908,909,910,-1,910,909,911,-1,910,911,912,-1,912,911,913,-1,912,913,866,-1,866,913,914,-1,866,914,865,-1,915,916,917,-1,917,916,918,-1,917,918,919,-1,918,920,919,-1,919,920,921,-1,919,921,922,-1,922,921,923,-1,924,925,926,-1,926,925,927,-1,928,929,930,-1,931,932,933,-1,933,932,934,-1,933,934,935,-1,936,937,919,-1,919,937,938,-1,919,938,917,-1,917,938,939,-1,940,941,942,-1,943,944,921,-1,921,944,945,-1,921,945,923,-1,946,947,948,-1,949,950,951,-1,951,950,952,-1,951,952,953,-1,953,952,954,-1,953,954,955,-1,942,941,956,-1,956,941,957,-1,956,957,958,-1,958,957,959,-1,958,959,960,-1,960,959,961,-1,961,959,962,-1,961,962,963,-1,963,962,926,-1,963,926,964,-1,964,926,927,-1,964,927,935,-1,935,927,965,-1,935,965,933,-1,966,967,968,-1,968,967,969,-1,968,969,970,-1,970,969,971,-1,970,971,972,-1,930,929,973,-1,973,929,974,-1,973,974,975,-1,976,977,971,-1,933,978,931,-1,931,978,979,-1,931,979,980,-1,975,974,981,-1,981,974,982,-1,981,982,983,-1,983,982,984,-1,983,984,985,-1,986,987,988,-1,988,987,989,-1,988,989,990,-1,990,989,991,-1,990,991,992,-1,992,991,993,-1,992,993,994,-1,995,996,997,-1,997,996,998,-1,997,998,999,-1,999,998,1000,-1,999,1000,1001,-1,977,1002,971,-1,971,1002,1003,-1,971,1003,972,-1,1004,1005,1006,-1,1006,1005,931,-1,1006,931,1007,-1,1007,931,980,-1,1008,1009,1010,-1,1010,1009,1011,-1,1010,1011,1012,-1,954,1013,955,-1,955,1013,1014,-1,955,1014,1015,-1,1015,1014,983,-1,1015,983,1016,-1,948,947,1017,-1,1017,947,1018,-1,1017,1018,919,-1,919,1018,1019,-1,919,1019,936,-1,1011,1020,1012,-1,1012,1020,1021,-1,1012,1021,1022,-1,1022,1021,1023,-1,1022,1023,1024,-1,1024,1023,917,-1,1024,917,1025,-1,1025,917,939,-1,1008,1026,1027,-1,1016,983,1028,-1,1028,983,985,-1,1028,985,1029,-1,1030,1031,1032,-1,1032,1031,1033,-1,1000,1034,1001,-1,1001,1034,1035,-1,1001,1035,1036,-1,1036,1035,1037,-1,1036,1037,986,-1,986,1037,1038,-1,986,1038,987,-1,971,1039,976,-1,976,1039,1040,-1,976,1040,1041,-1,1041,1040,1042,-1,1041,1042,1043,-1,1043,1042,1044,-1,1043,1044,1045,-1,1045,1044,1046,-1,1045,1046,995,-1,995,1046,1047,-1,995,1047,996,-1,948,1048,946,-1,946,1048,1049,-1,946,1049,1050,-1,1050,1049,1051,-1,1050,1051,1004,-1,1004,1051,1052,-1,1004,1052,1005,-1,1053,1054,1008,-1,1008,1054,1055,-1,1008,1055,1026,-1,1027,1056,1008,-1,1008,1056,1057,-1,1008,1057,1009,-1,1058,1059,1060,-1,1060,1059,1061,-1,1060,1061,1062,-1,942,1063,940,-1,940,1063,1064,-1,940,1064,1065,-1,1065,1064,1066,-1,1065,1066,1067,-1,1067,1066,1068,-1,1067,1068,1069,-1,1069,1068,1070,-1,1069,1070,1071,-1,1071,1070,1072,-1,1071,1072,1058,-1,1058,1072,1073,-1,1058,1073,1059,-1,993,1074,994,-1,994,1074,1075,-1,994,1075,1076,-1,1076,1075,1077,-1,1076,1077,1078,-1,1078,1077,1079,-1,1078,1079,1080,-1,1080,1079,1081,-1,1080,1081,1082,-1,1082,1081,1083,-1,1082,1083,1084,-1,1084,1083,1085,-1,1084,1085,1032,-1,1032,1085,1086,-1,1032,1086,1030,-1,1033,1087,1032,-1,1032,1087,1088,-1,1032,1088,1089,-1,924,926,1008,-1,1008,926,1090,-1,1008,1090,1053,-1,1061,1091,1062,-1,1062,1091,1092,-1,1062,1092,1093,-1,1093,1092,1094,-1,1093,1094,1095,-1,1095,1094,1096,-1,1095,1096,949,-1,949,1096,1097,-1,949,1097,950,-1,1098,1099,1089,-1,1089,1099,1100,-1,1089,1100,1101,-1,1102,1103,1104,-1,1104,1103,1105,-1,1104,1105,966,-1,966,1105,1106,-1,966,1106,967,-1,930,1107,928,-1,928,1107,1108,-1,928,1108,1109,-1,1109,1108,1110,-1,1109,1110,1111,-1,1111,1110,1112,-1,1111,1112,1113,-1,1113,1112,1114,-1,1113,1114,1115,-1,1115,1114,1116,-1,1115,1116,1117,-1,1117,1116,1118,-1,1117,1118,1119,-1,1119,1118,1120,-1,1119,1120,1121,-1,1121,1120,1122,-1,1121,1122,1123,-1,1123,1122,1124,-1,1123,1124,1102,-1,1102,1124,1125,-1,1102,1125,1103,-1,1101,1126,1089,-1,1089,1126,1127,-1,1089,1127,1032,-1,846,1034,1000,-1,846,1000,848,-1,848,1000,998,-1,848,998,849,-1,849,998,996,-1,849,996,777,-1,777,996,1047,-1,777,1047,779,-1,779,1047,1046,-1,779,1046,781,-1,781,1046,1044,-1,781,1044,783,-1,783,1044,1042,-1,783,1042,883,-1,883,1042,1040,-1,883,1040,882,-1,882,1040,1039,-1,882,1039,880,-1,880,1039,971,-1,880,971,713,-1,713,971,969,-1,713,969,830,-1,830,969,967,-1,830,967,831,-1,831,967,1106,-1,831,1106,833,-1,833,1106,1105,-1,833,1105,904,-1,904,1105,1103,-1,904,1103,905,-1,905,1103,1125,-1,905,1125,907,-1,907,1125,1124,-1,907,1124,909,-1,909,1124,1122,-1,909,1122,911,-1,911,1122,1120,-1,911,1120,913,-1,913,1120,1118,-1,913,1118,914,-1,914,1118,1116,-1,914,1116,865,-1,865,1116,1114,-1,865,1114,863,-1,863,1114,1112,-1,863,1112,889,-1,889,1112,1110,-1,889,1110,758,-1,758,1110,1108,-1,758,1108,756,-1,756,1108,1107,-1,756,1107,710,-1,710,1107,930,-1,710,930,822,-1,822,930,973,-1,822,973,823,-1,823,973,975,-1,823,975,825,-1,825,975,981,-1,825,981,827,-1,827,981,983,-1,827,983,707,-1,707,983,1014,-1,707,1014,794,-1,794,1014,1013,-1,794,1013,792,-1,792,1013,954,-1,792,954,790,-1,790,954,952,-1,790,952,749,-1,749,952,950,-1,749,950,750,-1,750,950,1097,-1,750,1097,763,-1,763,1097,1096,-1,763,1096,765,-1,765,1096,1094,-1,765,1094,898,-1,898,1094,1092,-1,898,1092,899,-1,899,1092,1091,-1,899,1091,901,-1,901,1091,1061,-1,901,1061,902,-1,902,1061,1059,-1,902,1059,868,-1,868,1059,1073,-1,868,1073,870,-1,870,1073,1072,-1,870,1072,872,-1,872,1072,1070,-1,872,1070,874,-1,874,1070,1068,-1,874,1068,876,-1,876,1068,1066,-1,876,1066,877,-1,877,1066,1064,-1,877,1064,836,-1,836,1064,1063,-1,836,1063,838,-1,838,1063,942,-1,838,942,840,-1,840,942,956,-1,840,956,841,-1,841,956,958,-1,841,958,786,-1,786,958,960,-1,786,960,788,-1,788,960,961,-1,788,961,789,-1,789,961,963,-1,789,963,760,-1,760,963,964,-1,760,964,761,-1,761,964,935,-1,761,935,722,-1,722,935,934,-1,722,934,723,-1,723,934,932,-1,723,932,724,-1,724,932,931,-1,724,931,702,-1,702,931,1005,-1,702,1005,703,-1,703,1005,1052,-1,703,1052,741,-1,741,1052,1051,-1,741,1051,742,-1,742,1051,1049,-1,742,1049,735,-1,735,1049,1048,-1,735,1048,737,-1,737,1048,948,-1,737,948,812,-1,812,948,1017,-1,812,1017,811,-1,811,1017,919,-1,811,919,730,-1,730,919,922,-1,730,922,732,-1,732,922,923,-1,732,923,733,-1,733,923,945,-1,733,945,767,-1,767,945,944,-1,767,944,768,-1,768,944,943,-1,768,943,769,-1,769,943,921,-1,769,921,731,-1,731,921,920,-1,731,920,729,-1,727,729,918,-1,918,729,920,-1,725,727,916,-1,916,727,918,-1,726,725,915,-1,915,725,916,-1,728,726,917,-1,917,726,915,-1,728,917,1023,-1,728,1023,775,-1,775,1023,1021,-1,775,1021,773,-1,773,1021,1020,-1,773,1020,718,-1,718,1020,1011,-1,718,1011,806,-1,806,1011,1009,-1,806,1009,807,-1,807,1009,1057,-1,807,1057,808,-1,808,1057,1056,-1,808,1056,802,-1,802,1056,1027,-1,802,1027,804,-1,804,1027,1026,-1,804,1026,855,-1,855,1026,1055,-1,855,1055,856,-1,856,1055,1054,-1,856,1054,858,-1,858,1054,1053,-1,858,1053,859,-1,859,1053,1090,-1,859,1090,799,-1,799,1090,926,-1,799,926,704,-1,704,926,962,-1,704,962,759,-1,759,962,959,-1,759,959,787,-1,787,959,957,-1,787,957,785,-1,785,957,941,-1,785,941,839,-1,839,941,940,-1,839,940,837,-1,837,940,1065,-1,837,1065,835,-1,835,1065,1067,-1,835,1067,875,-1,875,1067,1069,-1,875,1069,873,-1,873,1069,1071,-1,873,1071,871,-1,871,1071,1058,-1,871,1058,869,-1,869,1058,1060,-1,869,1060,867,-1,867,1060,1062,-1,867,1062,900,-1,900,1062,1093,-1,900,1093,766,-1,766,1093,1095,-1,766,1095,764,-1,764,1095,949,-1,764,949,762,-1,762,949,951,-1,762,951,748,-1,748,951,953,-1,748,953,791,-1,791,953,955,-1,791,955,793,-1,793,955,1015,-1,793,1015,795,-1,795,1015,1016,-1,795,1016,796,-1,796,1016,1028,-1,796,1028,705,-1,705,1028,1029,-1,705,1029,706,-1,706,1029,985,-1,706,985,829,-1,829,985,984,-1,829,984,828,-1,828,984,982,-1,828,982,826,-1,826,982,974,-1,826,974,824,-1,824,974,929,-1,824,929,708,-1,708,929,928,-1,708,928,709,-1,709,928,1109,-1,709,1109,757,-1,757,1109,1111,-1,757,1111,890,-1,890,1111,1113,-1,890,1113,891,-1,891,1113,1115,-1,891,1115,864,-1,864,1115,1117,-1,864,1117,866,-1,866,1117,1119,-1,866,1119,912,-1,912,1119,1121,-1,912,1121,910,-1,910,1121,1123,-1,910,1123,908,-1,908,1123,1102,-1,908,1102,906,-1,906,1102,1104,-1,906,1104,834,-1,834,1104,966,-1,834,966,832,-1,832,966,968,-1,832,968,711,-1,711,968,970,-1,711,970,712,-1,712,970,972,-1,712,972,714,-1,714,972,1003,-1,714,1003,715,-1,878,715,1002,-1,1002,715,1003,-1,878,1002,977,-1,878,977,879,-1,879,977,976,-1,879,976,881,-1,881,976,1041,-1,881,1041,784,-1,784,1041,1043,-1,784,1043,782,-1,782,1043,1045,-1,782,1045,780,-1,780,1045,995,-1,780,995,778,-1,778,995,997,-1,778,997,776,-1,776,997,999,-1,776,999,847,-1,847,999,1001,-1,847,1001,845,-1,845,1001,1036,-1,845,1036,843,-1,843,1036,986,-1,843,986,852,-1,852,986,988,-1,852,988,821,-1,821,988,990,-1,821,990,819,-1,819,990,992,-1,819,992,817,-1,817,992,994,-1,817,994,815,-1,815,994,1076,-1,815,1076,719,-1,719,1076,1078,-1,719,1078,720,-1,720,1078,1080,-1,720,1080,752,-1,754,752,1082,-1,1082,752,1080,-1,754,1082,1084,-1,754,1084,887,-1,887,1084,1032,-1,887,1032,860,-1,860,1032,1127,-1,860,1127,903,-1,903,1127,1126,-1,903,1126,892,-1,892,1126,1101,-1,892,1101,893,-1,893,1101,1100,-1,893,1100,895,-1,895,1100,1099,-1,895,1099,896,-1,896,1099,1098,-1,896,1098,897,-1,897,1098,1089,-1,897,1089,894,-1,894,1089,1088,-1,894,1088,884,-1,884,1088,1087,-1,884,1087,885,-1,885,1087,1033,-1,885,1033,886,-1,886,1033,1031,-1,886,1031,861,-1,861,1031,1030,-1,861,1030,862,-1,862,1030,1086,-1,862,1086,888,-1,888,1086,1085,-1,888,1085,755,-1,755,1085,1083,-1,755,1083,753,-1,751,753,1081,-1,1081,753,1083,-1,751,1081,1079,-1,751,1079,721,-1,721,1079,1077,-1,721,1077,813,-1,813,1077,1075,-1,813,1075,814,-1,814,1075,1074,-1,814,1074,816,-1,816,1074,993,-1,816,993,818,-1,818,993,991,-1,818,991,820,-1,820,991,989,-1,820,989,850,-1,850,989,987,-1,850,987,851,-1,851,987,1038,-1,851,1038,853,-1,853,1038,1037,-1,853,1037,854,-1,854,1037,1035,-1,854,1035,844,-1,844,1035,1034,-1,844,1034,846,-1,801,1008,1010,-1,801,1010,716,-1,716,1010,1012,-1,716,1012,717,-1,717,1012,1022,-1,717,1022,774,-1,774,1022,1024,-1,774,1024,842,-1,842,1024,1025,-1,842,1025,743,-1,743,1025,939,-1,743,939,744,-1,744,939,938,-1,744,938,745,-1,745,938,937,-1,745,937,746,-1,746,937,936,-1,746,936,747,-1,747,936,1019,-1,747,1019,809,-1,809,1019,1018,-1,809,1018,810,-1,810,1018,947,-1,810,947,738,-1,738,947,946,-1,738,946,736,-1,736,946,1050,-1,736,1050,734,-1,734,1050,1004,-1,734,1004,740,-1,740,1004,1006,-1,740,1006,739,-1,739,1006,1007,-1,739,1007,772,-1,772,1007,980,-1,772,980,771,-1,771,980,979,-1,771,979,770,-1,770,979,978,-1,770,978,797,-1,797,978,933,-1,797,933,798,-1,798,933,965,-1,798,965,800,-1,800,965,927,-1,800,927,857,-1,857,927,925,-1,857,925,805,-1,805,925,924,-1,805,924,803,-1,803,924,1008,-1,803,1008,801,-1,1128,1129,1130,-1,1130,1129,1131,-1,1130,1131,1132,-1,1132,1131,1133,-1,1132,1133,1134,-1,1134,1133,1135,-1,1134,1135,1136,-1,1136,1135,1137,-1,1136,1137,1138,-1,1138,1137,1139,-1,1138,1139,1140,-1,1140,1139,1141,-1,1140,1141,1142,-1,1142,1141,1143,-1,1142,1143,1144,-1,1145,1146,1147,-1,1147,1146,1148,-1,1147,1148,1149,-1,1149,1148,1150,-1,1149,1150,1151,-1,1151,1150,1152,-1,1151,1152,1153,-1,1152,1154,1153,-1,1153,1154,1155,-1,1153,1155,1156,-1,1156,1155,1157,-1,1156,1157,1158,-1,1158,1157,1159,-1,1158,1159,1160,-1,1160,1159,1161,-1,1160,1161,1162,-1,1162,1161,1163,-1,1162,1163,1164,-1,1164,1163,1165,-1,1164,1165,1166,-1,1166,1165,1167,-1,1166,1167,1168,-1,1168,1167,1169,-1,1168,1169,1170,-1,1170,1169,1171,-1,1170,1171,1172,-1,1172,1171,1173,-1,1172,1173,1174,-1,1174,1173,1175,-1,1174,1175,1176,-1,1176,1175,1177,-1,1176,1177,1178,-1,1178,1177,1179,-1,1178,1179,1180,-1,1180,1179,1181,-1,1180,1181,1182,-1,1182,1181,1183,-1,1182,1183,1184,-1,1184,1183,1185,-1,1184,1185,1186,-1,1186,1185,1187,-1,1186,1187,1128,-1,1128,1187,1188,-1,1128,1188,1129,-1,1143,1189,1144,-1,1144,1189,1190,-1,1144,1190,1191,-1,1191,1190,1192,-1,1191,1192,1193,-1,1193,1192,1194,-1,1193,1194,1195,-1,1195,1194,1196,-1,1195,1196,1197,-1,1197,1196,1198,-1,1197,1198,1199,-1,1199,1198,1200,-1,1199,1200,1145,-1,1145,1200,1201,-1,1145,1201,1146,-1,1202,1203,1204,-1,1204,1203,1205,-1,1204,1205,1206,-1,1206,1205,1207,-1,1206,1207,1208,-1,1208,1207,1209,-1,1208,1209,1210,-1,1210,1209,1211,-1,1210,1211,1212,-1,1212,1211,1213,-1,1212,1213,1214,-1,1215,1216,1217,-1,1217,1216,1218,-1,1217,1218,1219,-1,1219,1218,1220,-1,1219,1220,1221,-1,1221,1220,1222,-1,1221,1222,1223,-1,1223,1222,1224,-1,1223,1224,1225,-1,1225,1224,1226,-1,1225,1226,1227,-1,1227,1226,1228,-1,1227,1228,1229,-1,1229,1228,1230,-1,1229,1230,1231,-1,1231,1230,1232,-1,1231,1232,1233,-1,1233,1232,1234,-1,1233,1234,1235,-1,1235,1234,1236,-1,1235,1236,1237,-1,1237,1236,1238,-1,1237,1238,1239,-1,1239,1238,1240,-1,1239,1240,1241,-1,1241,1240,1242,-1,1241,1242,1243,-1,1243,1242,1244,-1,1243,1244,1202,-1,1202,1244,1245,-1,1202,1245,1203,-1,1246,1247,1248,-1,1248,1247,1249,-1,1248,1249,1250,-1,1250,1249,1251,-1,1250,1251,1252,-1,1252,1251,1253,-1,1252,1253,1254,-1,1254,1253,1255,-1,1254,1255,1256,-1,1256,1255,1257,-1,1256,1257,1258,-1,1258,1257,1259,-1,1258,1259,1260,-1,1260,1259,1261,-1,1260,1261,1215,-1,1215,1261,1262,-1,1215,1262,1216,-1,1213,1263,1214,-1,1214,1263,1264,-1,1214,1264,1265,-1,1265,1264,1266,-1,1265,1266,1267,-1,1267,1266,1268,-1,1267,1268,1269,-1,1269,1268,1270,-1,1269,1270,1271,-1,1271,1270,1272,-1,1271,1272,1273,-1,1273,1272,1274,-1,1273,1274,1246,-1,1246,1274,1275,-1,1246,1275,1247,-1,1137,1257,1255,-1,1137,1255,1139,-1,1139,1255,1253,-1,1139,1253,1141,-1,1141,1253,1251,-1,1141,1251,1143,-1,1143,1251,1249,-1,1143,1249,1189,-1,1189,1249,1247,-1,1189,1247,1190,-1,1190,1247,1275,-1,1190,1275,1192,-1,1192,1275,1274,-1,1192,1274,1194,-1,1194,1274,1272,-1,1194,1272,1196,-1,1196,1272,1270,-1,1196,1270,1198,-1,1198,1270,1268,-1,1198,1268,1200,-1,1200,1268,1266,-1,1200,1266,1201,-1,1201,1266,1264,-1,1201,1264,1146,-1,1146,1264,1263,-1,1146,1263,1148,-1,1148,1263,1213,-1,1148,1213,1150,-1,1150,1213,1211,-1,1150,1211,1152,-1,1152,1211,1209,-1,1152,1209,1154,-1,1154,1209,1207,-1,1154,1207,1155,-1,1155,1207,1205,-1,1155,1205,1157,-1,1157,1205,1203,-1,1157,1203,1159,-1,1159,1203,1245,-1,1159,1245,1161,-1,1161,1245,1244,-1,1161,1244,1163,-1,1163,1244,1242,-1,1163,1242,1165,-1,1165,1242,1240,-1,1165,1240,1167,-1,1167,1240,1238,-1,1167,1238,1169,-1,1169,1238,1236,-1,1169,1236,1171,-1,1171,1236,1234,-1,1171,1234,1173,-1,1173,1234,1232,-1,1173,1232,1175,-1,1177,1175,1230,-1,1230,1175,1232,-1,1179,1177,1228,-1,1228,1177,1230,-1,1181,1179,1226,-1,1226,1179,1228,-1,1181,1226,1224,-1,1181,1224,1183,-1,1183,1224,1222,-1,1183,1222,1185,-1,1185,1222,1220,-1,1185,1220,1187,-1,1187,1220,1218,-1,1187,1218,1188,-1,1188,1218,1216,-1,1188,1216,1129,-1,1129,1216,1262,-1,1129,1262,1131,-1,1131,1262,1261,-1,1131,1261,1133,-1,1133,1261,1259,-1,1133,1259,1135,-1,1135,1259,1257,-1,1135,1257,1137,-1,1158,1204,1206,-1,1158,1206,1156,-1,1156,1206,1208,-1,1156,1208,1153,-1,1153,1208,1210,-1,1153,1210,1151,-1,1151,1210,1212,-1,1151,1212,1149,-1,1149,1212,1214,-1,1149,1214,1147,-1,1147,1214,1265,-1,1147,1265,1145,-1,1145,1265,1267,-1,1145,1267,1199,-1,1199,1267,1269,-1,1199,1269,1197,-1,1174,1231,1233,-1,1174,1233,1172,-1,1172,1233,1235,-1,1172,1235,1170,-1,1170,1235,1237,-1,1170,1237,1168,-1,1168,1237,1239,-1,1168,1239,1166,-1,1166,1239,1241,-1,1166,1241,1164,-1,1164,1241,1243,-1,1164,1243,1162,-1,1162,1243,1202,-1,1162,1202,1160,-1,1160,1202,1204,-1,1160,1204,1158,-1,1174,1176,1231,-1,1231,1176,1229,-1,1176,1178,1229,-1,1229,1178,1227,-1,1178,1180,1227,-1,1227,1180,1225,-1,1136,1256,1258,-1,1136,1258,1134,-1,1134,1258,1260,-1,1134,1260,1132,-1,1132,1260,1215,-1,1132,1215,1130,-1,1130,1215,1217,-1,1130,1217,1128,-1,1128,1217,1219,-1,1128,1219,1186,-1,1186,1219,1221,-1,1186,1221,1184,-1,1184,1221,1223,-1,1184,1223,1182,-1,1182,1223,1225,-1,1182,1225,1180,-1,1197,1269,1271,-1,1197,1271,1195,-1,1195,1271,1273,-1,1195,1273,1193,-1,1193,1273,1246,-1,1193,1246,1191,-1,1191,1246,1248,-1,1191,1248,1144,-1,1144,1248,1250,-1,1144,1250,1142,-1,1142,1250,1252,-1,1142,1252,1140,-1,1140,1252,1254,-1,1140,1254,1138,-1,1138,1254,1256,-1,1138,1256,1136,-1,1276,1277,1278,-1,1276,1278,1279,-1,1279,1278,1280,-1,1279,1280,1281,-1,1281,1280,1282,-1,1281,1282,1283,-1,1283,1282,1284,-1,1283,1284,1285,-1,1285,1284,1286,-1,1285,1286,1287,-1,1287,1286,1288,-1,1287,1288,1289,-1,1289,1288,1290,-1,1289,1290,1291,-1,1291,1290,1292,-1,1291,1292,1293,-1,1293,1292,1294,-1,1293,1294,1295,-1,1295,1294,1296,-1,1295,1296,1297,-1,1297,1296,1298,-1,1297,1298,1299,-1,1299,1298,1300,-1,1299,1300,1301,-1,1301,1300,1302,-1,1301,1302,1303,-1,1303,1302,1304,-1,1303,1304,1305,-1,1305,1304,1306,-1,1305,1306,1307,-1,1307,1306,1308,-1,1307,1308,1309,-1,1309,1308,1310,-1,1309,1310,1311,-1,1311,1310,1312,-1,1311,1312,1313,-1,1313,1312,1314,-1,1313,1314,1315,-1,1315,1314,1316,-1,1315,1316,1317,-1,1317,1316,1318,-1,1317,1318,1319,-1,1319,1318,1320,-1,1319,1320,1321,-1,1321,1320,1322,-1,1321,1322,1323,-1,1323,1322,1324,-1,1323,1324,1325,-1,1325,1324,1326,-1,1325,1326,1327,-1,1327,1326,1328,-1,1327,1328,1329,-1,1329,1328,1330,-1,1329,1330,1331,-1,1331,1330,1332,-1,1331,1332,1333,-1,1333,1332,1334,-1,1333,1334,1335,-1,1335,1334,1336,-1,1335,1336,1337,-1,1337,1336,1338,-1,1337,1338,1339,-1,1339,1338,1340,-1,1339,1340,1341,-1,1341,1340,1342,-1,1341,1342,1343,-1,1343,1342,1344,-1,1343,1344,1345,-1,1345,1344,1346,-1,1345,1346,1347,-1,1347,1346,1348,-1,1347,1348,1349,-1,1349,1348,1350,-1,1349,1350,1351,-1,1351,1350,1352,-1,1351,1352,1353,-1,1354,1353,1355,-1,1355,1353,1352,-1,1354,1355,1356,-1,1354,1356,1357,-1,1357,1356,1358,-1,1357,1358,1359,-1,1359,1358,1360,-1,1359,1360,1361,-1,1361,1360,1362,-1,1361,1362,1363,-1,1363,1362,1364,-1,1363,1364,1365,-1,1365,1364,1366,-1,1365,1366,1367,-1,1367,1366,1368,-1,1367,1368,1369,-1,1369,1368,1370,-1,1369,1370,1371,-1,1371,1370,1372,-1,1371,1372,1373,-1,1373,1372,1374,-1,1373,1374,1375,-1,1375,1374,1376,-1,1375,1376,1377,-1,1377,1376,1378,-1,1377,1378,1379,-1,1379,1378,1380,-1,1379,1380,1381,-1,1381,1380,1382,-1,1381,1382,1383,-1,1383,1382,1384,-1,1383,1384,1385,-1,1385,1384,1386,-1,1385,1386,1387,-1,1387,1386,1388,-1,1387,1388,1389,-1,1389,1388,1390,-1,1389,1390,1391,-1,1391,1390,1392,-1,1391,1392,1393,-1,1393,1392,1394,-1,1393,1394,1395,-1,1395,1394,1396,-1,1395,1396,1397,-1,1397,1396,1398,-1,1397,1398,1399,-1,1399,1398,1400,-1,1399,1400,1401,-1,1401,1400,1402,-1,1401,1402,1403,-1,1403,1402,1404,-1,1403,1404,1405,-1,1405,1404,1406,-1,1405,1406,1407,-1,1407,1406,1408,-1,1407,1408,1409,-1,1409,1408,1410,-1,1409,1410,1411,-1,1411,1410,1412,-1,1411,1412,1413,-1,1413,1412,1414,-1,1413,1414,1415,-1,1415,1414,1416,-1,1415,1416,1417,-1,1417,1416,1418,-1,1417,1418,1419,-1,1419,1418,1420,-1,1419,1420,1421,-1,1421,1420,1422,-1,1421,1422,1423,-1,1423,1422,1424,-1,1423,1424,1425,-1,1425,1424,1426,-1,1425,1426,1427,-1,1427,1426,1428,-1,1427,1428,1429,-1,1429,1428,1430,-1,1429,1430,1431,-1,1431,1430,1432,-1,1431,1432,1433,-1,1433,1432,1434,-1,1433,1434,1435,-1,1435,1434,1436,-1,1435,1436,1437,-1,1437,1436,1438,-1,1437,1438,1439,-1,1439,1438,1440,-1,1439,1440,1441,-1,1441,1440,1442,-1,1441,1442,1443,-1,1443,1442,1444,-1,1443,1444,1445,-1,1445,1444,1446,-1,1445,1446,1447,-1,1447,1446,1448,-1,1447,1448,1449,-1,1450,1449,1451,-1,1451,1449,1448,-1,1450,1451,1452,-1,1450,1452,1453,-1,1453,1452,1454,-1,1453,1454,1455,-1,1455,1454,1456,-1,1455,1456,1457,-1,1457,1456,1458,-1,1457,1458,1459,-1,1459,1458,1460,-1,1459,1460,1461,-1,1461,1460,1277,-1,1461,1277,1276,-1,1351,1353,1354,-1,1295,1415,1417,-1,1295,1417,1293,-1,1293,1417,1419,-1,1293,1419,1291,-1,1291,1419,1421,-1,1291,1421,1289,-1,1289,1421,1423,-1,1289,1423,1287,-1,1287,1423,1425,-1,1287,1425,1285,-1,1457,1445,1455,-1,1455,1445,1447,-1,1455,1447,1453,-1,1453,1447,1449,-1,1453,1449,1450,-1,1425,1427,1285,-1,1285,1427,1429,-1,1285,1429,1283,-1,1283,1429,1431,-1,1283,1431,1281,-1,1281,1431,1433,-1,1281,1433,1279,-1,1279,1433,1435,-1,1279,1435,1276,-1,1276,1435,1437,-1,1276,1437,1461,-1,1461,1437,1439,-1,1461,1439,1459,-1,1459,1439,1441,-1,1459,1441,1457,-1,1457,1441,1443,-1,1457,1443,1445,-1,1327,1381,1325,-1,1325,1381,1383,-1,1325,1383,1323,-1,1323,1383,1385,-1,1323,1385,1321,-1,1321,1385,1387,-1,1321,1387,1319,-1,1319,1387,1389,-1,1319,1389,1317,-1,1317,1389,1391,-1,1317,1391,1315,-1,1315,1391,1393,-1,1315,1393,1313,-1,1351,1354,1349,-1,1349,1354,1357,-1,1349,1357,1347,-1,1347,1357,1359,-1,1347,1359,1345,-1,1345,1359,1361,-1,1345,1361,1343,-1,1343,1361,1363,-1,1343,1363,1341,-1,1341,1363,1365,-1,1341,1365,1339,-1,1339,1365,1367,-1,1339,1367,1337,-1,1337,1367,1369,-1,1337,1369,1335,-1,1335,1369,1371,-1,1335,1371,1333,-1,1333,1371,1373,-1,1333,1373,1331,-1,1331,1373,1375,-1,1331,1375,1329,-1,1329,1375,1377,-1,1329,1377,1327,-1,1327,1377,1379,-1,1327,1379,1381,-1,1415,1295,1413,-1,1413,1295,1297,-1,1413,1297,1411,-1,1411,1297,1299,-1,1411,1299,1409,-1,1409,1299,1301,-1,1409,1301,1407,-1,1407,1301,1303,-1,1407,1303,1405,-1,1405,1303,1403,-1,1403,1303,1305,-1,1403,1305,1401,-1,1393,1395,1313,-1,1313,1395,1397,-1,1313,1397,1311,-1,1311,1397,1399,-1,1311,1399,1309,-1,1309,1399,1401,-1,1309,1401,1307,-1,1307,1401,1305,-1,1452,1451,1448,-1,1452,1448,1454,-1,1282,1428,1284,-1,1284,1428,1426,-1,1284,1426,1286,-1,1286,1426,1424,-1,1286,1424,1288,-1,1288,1424,1422,-1,1288,1422,1290,-1,1290,1422,1420,-1,1290,1420,1292,-1,1352,1350,1355,-1,1355,1350,1348,-1,1355,1348,1356,-1,1356,1348,1346,-1,1420,1418,1292,-1,1292,1418,1416,-1,1292,1416,1294,-1,1294,1416,1414,-1,1294,1414,1296,-1,1296,1414,1412,-1,1296,1412,1298,-1,1298,1412,1410,-1,1298,1410,1300,-1,1448,1446,1454,-1,1454,1446,1444,-1,1454,1444,1456,-1,1456,1444,1442,-1,1456,1442,1458,-1,1458,1442,1440,-1,1458,1440,1460,-1,1460,1440,1438,-1,1460,1438,1277,-1,1277,1438,1436,-1,1277,1436,1278,-1,1278,1436,1434,-1,1278,1434,1280,-1,1280,1434,1432,-1,1280,1432,1282,-1,1282,1432,1430,-1,1282,1430,1428,-1,1320,1384,1322,-1,1322,1384,1382,-1,1322,1382,1324,-1,1324,1382,1380,-1,1324,1380,1326,-1,1326,1380,1378,-1,1326,1378,1328,-1,1328,1378,1376,-1,1328,1376,1330,-1,1330,1376,1374,-1,1330,1374,1332,-1,1332,1374,1372,-1,1332,1372,1334,-1,1334,1372,1370,-1,1334,1370,1336,-1,1336,1370,1368,-1,1336,1368,1338,-1,1338,1368,1366,-1,1338,1366,1340,-1,1340,1366,1364,-1,1340,1364,1342,-1,1342,1364,1362,-1,1342,1362,1344,-1,1344,1362,1360,-1,1344,1360,1346,-1,1346,1360,1358,-1,1346,1358,1356,-1,1400,1398,1310,-1,1310,1398,1396,-1,1310,1396,1312,-1,1312,1396,1394,-1,1312,1394,1314,-1,1314,1394,1392,-1,1314,1392,1316,-1,1316,1392,1390,-1,1316,1390,1318,-1,1318,1390,1388,-1,1318,1388,1320,-1,1320,1388,1386,-1,1320,1386,1384,-1,1410,1408,1300,-1,1300,1408,1406,-1,1300,1406,1302,-1,1302,1406,1404,-1,1302,1404,1304,-1,1304,1404,1402,-1,1304,1402,1306,-1,1306,1402,1400,-1,1306,1400,1308,-1,1308,1400,1310,-1,1462,1463,1464,-1,1464,1463,1465,-1,1466,1467,1462,-1,1462,1467,1468,-1,1462,1468,1463,-1,1463,1468,1469,-1,1466,1470,1467,-1,1467,1470,1471,-1,1467,1471,1472,-1,1472,1471,1473,-1,1472,1473,1474,-1,1474,1475,1472,-1,1472,1475,1464,-1,1472,1464,1476,-1,1476,1464,1465,-1,1476,1465,1477,-1,1478,1479,1480,-1,1480,1479,1481,-1,1480,1481,1482,-1,1482,1483,1480,-1,1480,1483,1484,-1,1480,1484,1485,-1,1486,1487,1478,-1,1478,1487,1488,-1,1478,1488,1479,-1,1489,1490,1491,-1,1492,1485,1493,-1,1493,1485,1484,-1,1493,1484,1491,-1,1491,1484,1486,-1,1491,1486,1489,-1,1489,1486,1478,-1,1467,1472,1480,-1,1480,1472,1478,-1,1468,1467,1485,-1,1485,1467,1480,-1,1469,1468,1492,-1,1492,1468,1485,-1,1463,1469,1493,-1,1493,1469,1492,-1,1465,1463,1491,-1,1491,1463,1493,-1,1477,1465,1490,-1,1490,1465,1491,-1,1476,1477,1489,-1,1489,1477,1490,-1,1472,1476,1478,-1,1478,1476,1489,-1,1466,1483,1482,-1,1466,1482,1470,-1,1470,1482,1481,-1,1470,1481,1471,-1,1466,1462,1483,-1,1483,1462,1484,-1,1462,1464,1484,-1,1484,1464,1486,-1,1464,1475,1486,-1,1486,1475,1487,-1,1473,1479,1488,-1,1473,1488,1474,-1,1474,1488,1487,-1,1474,1487,1475,-1,1473,1471,1479,-1,1479,1471,1481,-1,1494,1495,1496,-1,1496,1495,1497,-1,1498,1494,1499,-1,1499,1494,1496,-1,1500,1498,1501,-1,1501,1498,1499,-1,1502,1500,1503,-1,1503,1500,1501,-1,1504,1502,1505,-1,1505,1502,1503,-1,1506,1504,1507,-1,1507,1504,1505,-1,1508,1506,1509,-1,1509,1506,1507,-1,1510,1508,1511,-1,1511,1508,1509,-1,1512,1510,1513,-1,1513,1510,1511,-1,1514,1512,1515,-1,1515,1512,1513,-1,1516,1514,1517,-1,1517,1514,1515,-1,1495,1516,1497,-1,1497,1516,1517,-1,1514,1516,1495,-1,1495,1494,1514,-1,1514,1494,1498,-1,1514,1498,1512,-1,1508,1510,1506,-1,1506,1510,1512,-1,1506,1512,1504,-1,1504,1512,1498,-1,1504,1498,1502,-1,1502,1498,1500,-1,1513,1511,1509,-1,1509,1507,1513,-1,1513,1507,1505,-1,1513,1505,1515,-1,1497,1517,1496,-1,1496,1517,1515,-1,1496,1515,1499,-1,1499,1515,1505,-1,1499,1505,1501,-1,1501,1505,1503,-1,1518,1519,1520,-1,1520,1519,1521,-1,1522,1518,1523,-1,1523,1518,1520,-1,1524,1522,1525,-1,1525,1522,1523,-1,1526,1524,1527,-1,1527,1524,1525,-1,1528,1526,1529,-1,1529,1526,1527,-1,1530,1528,1531,-1,1531,1528,1529,-1,1532,1530,1533,-1,1533,1530,1531,-1,1534,1532,1535,-1,1535,1532,1533,-1,1536,1534,1537,-1,1537,1534,1535,-1,1538,1536,1539,-1,1539,1536,1537,-1,1540,1538,1541,-1,1541,1538,1539,-1,1519,1540,1521,-1,1521,1540,1541,-1,1538,1540,1519,-1,1519,1518,1538,-1,1538,1518,1522,-1,1538,1522,1536,-1,1532,1534,1530,-1,1530,1534,1536,-1,1530,1536,1528,-1,1528,1536,1522,-1,1528,1522,1526,-1,1526,1522,1524,-1,1537,1535,1533,-1,1533,1531,1537,-1,1537,1531,1529,-1,1537,1529,1539,-1,1521,1541,1520,-1,1520,1541,1539,-1,1520,1539,1523,-1,1523,1539,1529,-1,1523,1529,1525,-1,1525,1529,1527,-1,1542,1543,1544,-1,1544,1543,1545,-1,1546,1547,1542,-1,1542,1547,1548,-1,1542,1548,1543,-1,1543,1548,1549,-1,1546,1550,1547,-1,1547,1550,1551,-1,1547,1551,1552,-1,1552,1551,1553,-1,1552,1553,1554,-1,1554,1555,1552,-1,1552,1555,1544,-1,1552,1544,1556,-1,1556,1544,1545,-1,1556,1545,1557,-1,1558,1559,1560,-1,1560,1559,1561,-1,1560,1561,1562,-1,1562,1563,1560,-1,1560,1563,1564,-1,1560,1564,1565,-1,1566,1567,1558,-1,1558,1567,1568,-1,1558,1568,1559,-1,1569,1570,1571,-1,1572,1565,1573,-1,1573,1565,1564,-1,1573,1564,1571,-1,1571,1564,1566,-1,1571,1566,1569,-1,1569,1566,1558,-1,1547,1552,1560,-1,1560,1552,1558,-1,1548,1547,1565,-1,1565,1547,1560,-1,1549,1548,1572,-1,1572,1548,1565,-1,1543,1549,1573,-1,1573,1549,1572,-1,1545,1543,1571,-1,1571,1543,1573,-1,1557,1545,1570,-1,1570,1545,1571,-1,1556,1557,1569,-1,1569,1557,1570,-1,1552,1556,1558,-1,1558,1556,1569,-1,1546,1563,1562,-1,1546,1562,1550,-1,1550,1562,1561,-1,1550,1561,1551,-1,1546,1542,1563,-1,1563,1542,1564,-1,1542,1544,1564,-1,1564,1544,1566,-1,1544,1555,1566,-1,1566,1555,1567,-1,1553,1559,1568,-1,1553,1568,1554,-1,1554,1568,1567,-1,1554,1567,1555,-1,1553,1551,1559,-1,1559,1551,1561,-1,1574,1575,1576,-1,1576,1575,1577,-1,1578,1574,1579,-1,1579,1574,1576,-1,1580,1578,1581,-1,1581,1578,1579,-1,1582,1580,1583,-1,1583,1580,1581,-1,1584,1582,1585,-1,1585,1582,1583,-1,1586,1584,1587,-1,1587,1584,1585,-1,1588,1586,1589,-1,1589,1586,1587,-1,1590,1588,1591,-1,1591,1588,1589,-1,1592,1590,1593,-1,1593,1590,1591,-1,1594,1592,1595,-1,1595,1592,1593,-1,1596,1594,1597,-1,1597,1594,1595,-1,1575,1596,1577,-1,1577,1596,1597,-1,1594,1596,1575,-1,1575,1574,1594,-1,1594,1574,1578,-1,1594,1578,1592,-1,1588,1590,1586,-1,1586,1590,1592,-1,1586,1592,1584,-1,1584,1592,1578,-1,1584,1578,1582,-1,1582,1578,1580,-1,1591,1589,1593,-1,1593,1589,1587,-1,1583,1581,1585,-1,1585,1581,1579,-1,1577,1597,1576,-1,1576,1597,1595,-1,1576,1595,1579,-1,1579,1595,1593,-1,1579,1593,1585,-1,1585,1593,1587,-1,1598,1599,1600,-1,1600,1599,1601,-1,1602,1598,1603,-1,1603,1598,1600,-1,1604,1602,1605,-1,1605,1602,1603,-1,1606,1604,1607,-1,1607,1604,1605,-1,1608,1606,1609,-1,1609,1606,1607,-1,1599,1608,1601,-1,1601,1608,1609,-1,1602,1604,1598,-1,1598,1604,1606,-1,1598,1606,1599,-1,1599,1606,1608,-1,1601,1609,1600,-1,1600,1609,1607,-1,1600,1607,1603,-1,1603,1607,1605,-1,
        ]
    }
}