ISO-10303-21;
HEADER;
FILE_DESCRIPTION (( 'STEP AP214' ),
    '1' );
FILE_NAME ('零件4.STEP',
    '2024-09-13T01:25:39',
    ( '' ),
    ( '' ),
    'SwSTEP 2.0',
    'SolidWorks 2021',
    '' );
FILE_SCHEMA (( 'AUTOMOTIVE_DESIGN' ));
ENDSEC;

DATA;
#1 = CARTESIAN_POINT ( 'NONE',  ( 1.150000000000000133, -1.742810346863235915E-16, 0.1499999999999999944 ) ) ;
#2 = ORIENTED_EDGE ( 'NONE', *, *, #392, .F. ) ;
#3 = PRESENTATION_STYLE_ASSIGNMENT (( #1294 ) ) ;
#4 = DIRECTION ( 'NONE',  ( -0.000000000000000000, -3.688601711469485225E-17, -1.000000000000000000 ) ) ;
#5 = VERTEX_POINT ( 'NONE', #2430 ) ;
#6 = PRESENTATION_STYLE_ASSIGNMENT (( #1299 ) ) ;
#7 =( NAMED_UNIT ( * ) PLANE_ANGLE_UNIT ( ) SI_UNIT ( $, .RADIAN. ) );
#8 =( NAMED_UNIT ( * ) SI_UNIT ( $, .STERADIAN. ) SOLID_ANGLE_UNIT ( ) );
#9 = DIRECTION ( 'NONE',  ( 0.000000000000000000, -1.000000000000000000, 0.000000000000000000 ) ) ;
#10 = CYLINDRICAL_SURFACE ( 'NONE', #3944, 0.5000000000000000000 ) ;
#11 = VECTOR ( 'NONE', #3300, 1000.000000000000000 ) ;
#12 = EDGE_LOOP ( 'NONE', ( #2378, #299, #3898, #3148 ) ) ;
#13 = EDGE_CURVE ( 'NONE', #2641, #2712, #867, .T. ) ;
#14 = CARTESIAN_POINT ( 'NONE',  ( 0.000000000000000000, 0.000000000000000000, 0.9499999999999998446 ) ) ;
#15 = CARTESIAN_POINT ( 'NONE',  ( 0.000000000000000000, -2.057746293626924324E-16, 0.3000000000000000999 ) ) ;
#16 = ORIENTED_EDGE ( 'NONE', *, *, #3958, .F. ) ;
#17 =( GEOMETRIC_REPRESENTATION_CONTEXT ( 3 ) GLOBAL_UNCERTAINTY_ASSIGNED_CONTEXT ( ( #1607 ) ) GLOBAL_UNIT_ASSIGNED_CONTEXT ( ( #137, #1441, #3288 ) ) REPRESENTATION_CONTEXT ( 'NONE', 'WORKASPACE' ) );
#18 = DIRECTION ( 'NONE',  ( 0.000000000000000000, -1.000000000000000000, 0.000000000000000000 ) ) ;
#19 = EDGE_CURVE ( 'NONE', #1013, #234, #356, .T. ) ;
#20 = VECTOR ( 'NONE', #4, 1000.000000000000000 ) ;
#21 = DIRECTION ( 'NONE',  ( -1.000000000000000000, 0.000000000000000000, 0.000000000000000000 ) ) ;
#22 = DIRECTION ( 'NONE',  ( -1.000000000000000000, 0.000000000000000000, 0.000000000000000000 ) ) ;
#23 = ORIENTED_EDGE ( 'NONE', *, *, #88, .F. ) ;
#24 =( LENGTH_UNIT ( ) NAMED_UNIT ( * ) SI_UNIT ( .MILLI., .METRE. ) );
#25 = AXIS2_PLACEMENT_3D ( 'NONE', #3792, #976, #1932 ) ;
#26 = SURFACE_STYLE_USAGE ( .BOTH. , #3085 ) ;
#27 = ORIENTED_EDGE ( 'NONE', *, *, #773, .T. ) ;
#28 = CARTESIAN_POINT ( 'NONE',  ( 0.2999999999999999889, 0.4000000000000000222, 0.1499999999999999944 ) ) ;
#29 = LINE ( 'NONE', #2457, #3285 ) ;
#30 =( NAMED_UNIT ( * ) SI_UNIT ( $, .STERADIAN. ) SOLID_ANGLE_UNIT ( ) );
#31 = DIRECTION ( 'NONE',  ( 1.000000000000000000, -0.000000000000000000, -0.000000000000000000 ) ) ;
#32 =( LENGTH_UNIT ( ) NAMED_UNIT ( * ) SI_UNIT ( .MILLI., .METRE. ) );
#33 = SURFACE_STYLE_USAGE ( .BOTH. , #3743 ) ;
#34 = SURFACE_STYLE_USAGE ( .BOTH. , #645 ) ;
#35 = ADVANCED_FACE ( 'NONE', ( #2106 ), #1904, .F. ) ;
#36 = DIRECTION ( 'NONE',  ( 0.000000000000000000, 1.000000000000000000, 0.000000000000000000 ) ) ;
#37 = ORIENTED_EDGE ( 'NONE', *, *, #2247, .T. ) ;
#38 = EDGE_CURVE ( 'NONE', #3821, #1753, #3117, .T. ) ;
#39 = SURFACE_STYLE_USAGE ( .BOTH. , #721 ) ;
#40 = EDGE_LOOP ( 'NONE', ( #76, #23, #3197, #1269 ) ) ;
#41 = CARTESIAN_POINT ( 'NONE',  ( 0.000000000000000000, 0.000000000000000000, 0.1499999999999999667 ) ) ;
#42 = DIRECTION ( 'NONE',  ( 1.000000000000000000, 1.232552613120351049E-16, 0.000000000000000000 ) ) ;
#43 = ADVANCED_FACE ( 'NONE', ( #3950 ), #3720, .F. ) ;
#44 = MECHANICAL_DESIGN_GEOMETRIC_PRESENTATION_REPRESENTATION (  '', ( #3783 ), #3394 ) ;
#45 = UNCERTAINTY_MEASURE_WITH_UNIT (LENGTH_MEASURE( 1.000000000000000082E-05 ), #2170, 'distance_accuracy_value', 'NONE');
#46 = CARTESIAN_POINT ( 'NONE',  ( -0.2500000000000000000, 0.000000000000000000, 0.3499999999999999778 ) ) ;
#47 = SURFACE_SIDE_STYLE ('',( #3352 ) ) ;
#48 = CIRCLE ( 'NONE', #2313, 0.5034595668679463509 ) ;
#49 = DIRECTION ( 'NONE',  ( -0.000000000000000000, -0.000000000000000000, -1.000000000000000000 ) ) ;
#50 = LINE ( 'NONE', #1305, #441 ) ;
#51 =( LENGTH_UNIT ( ) NAMED_UNIT ( * ) SI_UNIT ( .MILLI., .METRE. ) );
#52 = PRESENTATION_LAYER_ASSIGNMENT (  '', '', ( #1866 ) ) ;
#53 = COLOUR_RGB ( '',1.000000000000000000, 1.000000000000000000, 1.000000000000000000 ) ;
#54 = LINE ( 'NONE', #333, #1184 ) ;
#55 = ORIENTED_EDGE ( 'NONE', *, *, #133, .T. ) ;
#56 = LINE ( 'NONE', #2485, #887 ) ;
#57 = UNCERTAINTY_MEASURE_WITH_UNIT (LENGTH_MEASURE( 1.000000000000000082E-05 ), #3020, 'distance_accuracy_value', 'NONE');
#58 = FILL_AREA_STYLE ('',( #2819 ) ) ;
#59 = UNCERTAINTY_MEASURE_WITH_UNIT (LENGTH_MEASURE( 1.000000000000000082E-05 ), #105, 'distance_accuracy_value', 'NONE');
#60 = SURFACE_SIDE_STYLE ('',( #3451 ) ) ;
#61 = ORIENTED_EDGE ( 'NONE', *, *, #543, .F. ) ;
#62 = FILL_AREA_STYLE_COLOUR ( '', #1335 ) ;
#63 = EDGE_CURVE ( 'NONE', #3785, #1439, #3853, .T. ) ;
#64 = DIRECTION ( 'NONE',  ( 0.000000000000000000, 1.000000000000000000, 0.000000000000000000 ) ) ;
#65 = FILL_AREA_STYLE_COLOUR ( '', #312 ) ;
#66 = SURFACE_SIDE_STYLE ('',( #618 ) ) ;
#67 = VECTOR ( 'NONE', #3257, 1000.000000000000000 ) ;
#68 = EDGE_CURVE ( 'NONE', #873, #912, #126, .T. ) ;
#69 = SURFACE_STYLE_USAGE ( .BOTH. , #1580 ) ;
#70 = CARTESIAN_POINT ( 'NONE',  ( 0.2999999999999999334, -1.110180165558726451, 0.3000000000000000444 ) ) ;
#71 = FACE_OUTER_BOUND ( 'NONE', #998, .T. ) ;
#72 = APPLICATION_CONTEXT ( 'automotive_design' ) ;
#73 = CARTESIAN_POINT ( 'NONE',  ( 0.000000000000000000, 0.000000000000000000, 0.9499999999999998446 ) ) ;
#74 = STYLED_ITEM ( 'NONE', ( #2140 ), #3499 ) ;
#75 = CARTESIAN_POINT ( 'NONE',  ( -0.2999999999999999889, 1.549999999999999822, 0.1499999999999999944 ) ) ;
#76 = ORIENTED_EDGE ( 'NONE', *, *, #3446, .T. ) ;
#77 = DIRECTION ( 'NONE',  ( -0.000000000000000000, -0.000000000000000000, -1.000000000000000000 ) ) ;
#78 = AXIS2_PLACEMENT_3D ( 'NONE', #2021, #1043, #2859 ) ;
#79 = COLOUR_RGB ( '',0.9686274509803921573, 0.8784313725490195957, 0.5999999999999999778 ) ;
#80 = PRESENTATION_LAYER_ASSIGNMENT (  '', '', ( #3561 ) ) ;
#81 = EDGE_LOOP ( 'NONE', ( #2069, #3168, #2149, #96, #1129 ) ) ;
#82 = SURFACE_STYLE_FILL_AREA ( #764 ) ;
#83 = PRESENTATION_STYLE_ASSIGNMENT (( #2552 ) ) ;
#84 = AXIS2_PLACEMENT_3D ( 'NONE', #3453, #1056, #2573 ) ;
#85 =( NAMED_UNIT ( * ) PLANE_ANGLE_UNIT ( ) SI_UNIT ( $, .RADIAN. ) );
#86 = AXIS2_PLACEMENT_3D ( 'NONE', #3331, #3942, #2082 ) ;
#87 = DIRECTION ( 'NONE',  ( -1.000000000000000000, 0.000000000000000000, 0.000000000000000000 ) ) ;
#88 = EDGE_CURVE ( 'NONE', #162, #2414, #2854, .T. ) ;
#89 = AXIS2_PLACEMENT_3D ( 'NONE', #3493, #1669, #3108 ) ;
#90 =( NAMED_UNIT ( * ) PLANE_ANGLE_UNIT ( ) SI_UNIT ( $, .RADIAN. ) );
#91 =( NAMED_UNIT ( * ) PLANE_ANGLE_UNIT ( ) SI_UNIT ( $, .RADIAN. ) );
#92 = MECHANICAL_DESIGN_GEOMETRIC_PRESENTATION_REPRESENTATION (  '', ( #3694 ), #3955 ) ;
#93 = FACE_OUTER_BOUND ( 'NONE', #2886, .T. ) ;
#94 = DIRECTION ( 'NONE',  ( 1.000000000000000000, 0.000000000000000000, 0.000000000000000000 ) ) ;
#95 = DIRECTION ( 'NONE',  ( 1.000000000000000000, 0.000000000000000000, 0.000000000000000000 ) ) ;
#96 = ORIENTED_EDGE ( 'NONE', *, *, #1189, .T. ) ;
#97 = EDGE_CURVE ( 'NONE', #1174, #3537, #395, .T. ) ;
#98 = UNCERTAINTY_MEASURE_WITH_UNIT (LENGTH_MEASURE( 1.000000000000000082E-05 ), #826, 'distance_accuracy_value', 'NONE');
#99 = CARTESIAN_POINT ( 'NONE',  ( -0.5000000000000000000, 0.000000000000000000, 0.1499999999999999944 ) ) ;
#100 = DIRECTION ( 'NONE',  ( 1.000000000000000000, 0.000000000000000000, 0.000000000000000000 ) ) ;
#101 = ORIENTED_EDGE ( 'NONE', *, *, #2392, .T. ) ;
#102 =( LENGTH_UNIT ( ) NAMED_UNIT ( * ) SI_UNIT ( .MILLI., .METRE. ) );
#103 = MECHANICAL_DESIGN_GEOMETRIC_PRESENTATION_REPRESENTATION (  '', ( #3773 ), #283 ) ;
#104 = VECTOR ( 'NONE', #1603, 1000.000000000000000 ) ;
#105 =( LENGTH_UNIT ( ) NAMED_UNIT ( * ) SI_UNIT ( .MILLI., .METRE. ) );
#106 = VECTOR ( 'NONE', #3562, 1000.000000000000000 ) ;
#107 = VECTOR ( 'NONE', #1071, 1000.000000000000000 ) ;
#108 = CARTESIAN_POINT ( 'NONE',  ( 0.000000000000000000, -1.707329131037323184E-16, 1.250000000000000000 ) ) ;
#109 = LINE ( 'NONE', #1041, #3980 ) ;
#110 = FACE_OUTER_BOUND ( 'NONE', #309, .T. ) ;
#111 = PRESENTATION_LAYER_ASSIGNMENT (  '', '', ( #3525 ) ) ;
#112 = VECTOR ( 'NONE', #287, 1000.000000000000000 ) ;
#113 = STYLED_ITEM ( 'NONE', ( #1805 ), #1513 ) ;
#114 = EDGE_CURVE ( 'NONE', #3044, #1467, #1350, .T. ) ;
#115 = PLANE ( 'NONE',  #489 ) ;
#116 = FACE_OUTER_BOUND ( 'NONE', #2198, .T. ) ;
#117 = ORIENTED_EDGE ( 'NONE', *, *, #1807, .T. ) ;
#118 = SURFACE_STYLE_USAGE ( .BOTH. , #733 ) ;
#119 = AXIS2_PLACEMENT_3D ( 'NONE', #3073, #1581, #2158 ) ;
#120 = CARTESIAN_POINT ( 'NONE',  ( 0.2999999999999999889, 0.4000000000000000222, 0.1499999999999999944 ) ) ;
#121 = EDGE_CURVE ( 'NONE', #2499, #271, #1857, .T. ) ;
#122 = SURFACE_STYLE_USAGE ( .BOTH. , #2604 ) ;
#123 = ORIENTED_EDGE ( 'NONE', *, *, #3121, .F. ) ;
#124 = DIRECTION ( 'NONE',  ( 0.000000000000000000, 0.000000000000000000, -1.000000000000000000 ) ) ;
#125 = CARTESIAN_POINT ( 'NONE',  ( 0.000000000000000000, -1.742810346863235915E-16, 0.1499999999999999944 ) ) ;
#126 = LINE ( 'NONE', #3777, #2561 ) ;
#127 =( NAMED_UNIT ( * ) PLANE_ANGLE_UNIT ( ) SI_UNIT ( $, .RADIAN. ) );
#128 = COLOUR_RGB ( '',0.9686274509803921573, 0.8784313725490195957, 0.5999999999999999778 ) ;
#129 = FILL_AREA_STYLE_COLOUR ( '', #2022 ) ;
#130 = DIRECTION ( 'NONE',  ( 0.000000000000000000, 0.000000000000000000, -1.000000000000000000 ) ) ;
#131 = ORIENTED_EDGE ( 'NONE', *, *, #1562, .T. ) ;
#132 = DIRECTION ( 'NONE',  ( -0.000000000000000000, -3.688601711469485225E-17, -1.000000000000000000 ) ) ;
#133 = EDGE_CURVE ( 'NONE', #1753, #753, #1634, .T. ) ;
#134 = CARTESIAN_POINT ( 'NONE',  ( 0.000000000000000000, -2.113075319298966596E-16, 0.1499999999999999389 ) ) ;
#135 = ORIENTED_EDGE ( 'NONE', *, *, #3098, .F. ) ;
#136 = DIRECTION ( 'NONE',  ( 0.000000000000000000, -1.000000000000000000, 0.000000000000000000 ) ) ;
#137 =( LENGTH_UNIT ( ) NAMED_UNIT ( * ) SI_UNIT ( .MILLI., .METRE. ) );
#138 = CARTESIAN_POINT ( 'NONE',  ( -1.300000000000000266, 1.299999999999999822, 0.3499999999999999778 ) ) ;
#139 = CIRCLE ( 'NONE', #1506, 0.5000000000000000000 ) ;
#140 = SURFACE_STYLE_USAGE ( .BOTH. , #2351 ) ;
#141 = FILL_AREA_STYLE_COLOUR ( '', #996 ) ;
#142 = MECHANICAL_DESIGN_GEOMETRIC_PRESENTATION_REPRESENTATION (  '', ( #3360 ), #2985 ) ;
#143 = FACE_OUTER_BOUND ( 'NONE', #3362, .T. ) ;
#144 = PRESENTATION_LAYER_ASSIGNMENT (  '', '', ( #3365 ) ) ;
#145 = PRESENTATION_STYLE_ASSIGNMENT (( #1715 ) ) ;
#146 = FACE_BOUND ( 'NONE', #872, .T. ) ;
#147 = PRESENTATION_STYLE_ASSIGNMENT (( #2279 ) ) ;
#148 = AXIS2_PLACEMENT_3D ( 'NONE', #3361, #3305, #574 ) ;
#149 = PRESENTATION_STYLE_ASSIGNMENT (( #1718 ) ) ;
#150 = STYLED_ITEM ( 'NONE', ( #827 ), #1436 ) ;
#151 = CARTESIAN_POINT ( 'NONE',  ( 0.000000000000000000, 0.000000000000000000, 0.9499999999999998446 ) ) ;
#152 = VERTEX_POINT ( 'NONE', #3190 ) ;
#153 = CARTESIAN_POINT ( 'NONE',  ( -0.2999999999999999889, 1.549999999999999822, 0.000000000000000000 ) ) ;
#154 =( LENGTH_UNIT ( ) NAMED_UNIT ( * ) SI_UNIT ( .MILLI., .METRE. ) );
#155 = CARTESIAN_POINT ( 'NONE',  ( 0.000000000000000000, 0.000000000000000000, 0.9499999999999998446 ) ) ;
#156 = ORIENTED_EDGE ( 'NONE', *, *, #3686, .F. ) ;
#157 = CARTESIAN_POINT ( 'NONE',  ( 1.100000000000000755, 0.9000000000000002442, 0.1499999999999999944 ) ) ;
#158 = LINE ( 'NONE', #138, #3840 ) ;
#159 =( LENGTH_UNIT ( ) NAMED_UNIT ( * ) SI_UNIT ( .MILLI., .METRE. ) );
#160 = ADVANCED_FACE ( 'NONE', ( #768 ), #725, .T. ) ;
#161 = FILL_AREA_STYLE ('',( #1018 ) ) ;
#162 = VERTEX_POINT ( 'NONE', #1976 ) ;
#163 = EDGE_CURVE ( 'NONE', #3679, #1852, #1285, .T. ) ;
#164 = DIRECTION ( 'NONE',  ( -0.000000000000000000, -3.688601711469485225E-17, -1.000000000000000000 ) ) ;
#165 = UNCERTAINTY_MEASURE_WITH_UNIT (LENGTH_MEASURE( 1.000000000000000082E-05 ), #1109, 'distance_accuracy_value', 'NONE');
#166 = VECTOR ( 'NONE', #3056, 1000.000000000000000 ) ;
#167 = SURFACE_STYLE_FILL_AREA ( #1068 ) ;
#168 = FILL_AREA_STYLE ('',( #439 ) ) ;
#169 = VECTOR ( 'NONE', #1241, 1000.000000000000000 ) ;
#170 = SURFACE_SIDE_STYLE ('',( #2597 ) ) ;
#171 = VERTEX_POINT ( 'NONE', #2018 ) ;
#172 = PRESENTATION_LAYER_ASSIGNMENT (  '', '', ( #3783 ) ) ;
#173 = CARTESIAN_POINT ( 'NONE',  ( 0.2999999999999999889, 0.4043161330825918998, 0.000000000000000000 ) ) ;
#174 = VERTEX_POINT ( 'NONE', #3539 ) ;
#175 = VECTOR ( 'NONE', #3701, 1000.000000000000000 ) ;
#176 = DIRECTION ( 'NONE',  ( 0.000000000000000000, 0.4836604215979660726, -0.8752557321032965465 ) ) ;
#177 = AXIS2_PLACEMENT_3D ( 'NONE', #2891, #795, #2933 ) ;
#178 =( NAMED_UNIT ( * ) PLANE_ANGLE_UNIT ( ) SI_UNIT ( $, .RADIAN. ) );
#179 = ORIENTED_EDGE ( 'NONE', *, *, #38, .T. ) ;
#180 = FILL_AREA_STYLE ('',( #225 ) ) ;
#181 = CARTESIAN_POINT ( 'NONE',  ( 0.2999999999999999889, 2.199999999999999289, 0.1499999999999999944 ) ) ;
#182 = PRESENTATION_STYLE_ASSIGNMENT (( #1830 ) ) ;
#183 = ADVANCED_FACE ( 'NONE', ( #3231 ), #2595, .T. ) ;
#184 = ORIENTED_EDGE ( 'NONE', *, *, #163, .F. ) ;
#185 = UNCERTAINTY_MEASURE_WITH_UNIT (LENGTH_MEASURE( 1.000000000000000082E-05 ), #2475, 'distance_accuracy_value', 'NONE');
#186 = SURFACE_STYLE_FILL_AREA ( #2954 ) ;
#187 = SURFACE_STYLE_FILL_AREA ( #3961 ) ;
#188 = SURFACE_STYLE_FILL_AREA ( #1429 ) ;
#189 = ADVANCED_FACE ( 'NONE', ( #2359, #1209 ), #2038, .F. ) ;
#190 = FILL_AREA_STYLE_COLOUR ( '', #2467 ) ;
#191 = CARTESIAN_POINT ( 'NONE',  ( 0.000000000000000000, 0.8499999999999998668, -3.135311454749062502E-17 ) ) ;
#192 = PLANE ( 'NONE',  #2631 ) ;
#193 = ORIENTED_EDGE ( 'NONE', *, *, #1011, .T. ) ;
#194 = SURFACE_STYLE_FILL_AREA ( #3570 ) ;
#195 = MECHANICAL_DESIGN_GEOMETRIC_PRESENTATION_REPRESENTATION (  '', ( #3661 ), #1569 ) ;
#196 = DIRECTION ( 'NONE',  ( -0.000000000000000000, -0.000000000000000000, 1.000000000000000000 ) ) ;
#197 = ORIENTED_EDGE ( 'NONE', *, *, #3595, .F. ) ;
#198 = DIRECTION ( 'NONE',  ( 0.000000000000000000, 1.000000000000000000, 0.000000000000000000 ) ) ;
#199 = DIRECTION ( 'NONE',  ( -0.000000000000000000, -3.688601711469485225E-17, -1.000000000000000000 ) ) ;
#200 = SURFACE_SIDE_STYLE ('',( #1747 ) ) ;
#201 = DIRECTION ( 'NONE',  ( -0.000000000000000000, 0.000000000000000000, 1.000000000000000000 ) ) ;
#202 = EDGE_LOOP ( 'NONE', ( #3298, #1800, #3867, #1555 ) ) ;
#203 = FILL_AREA_STYLE ('',( #1811 ) ) ;
#204 = FACE_OUTER_BOUND ( 'NONE', #1744, .T. ) ;
#205 = ORIENTED_EDGE ( 'NONE', *, *, #3595, .T. ) ;
#206 = ORIENTED_EDGE ( 'NONE', *, *, #1234, .T. ) ;
#207 = VECTOR ( 'NONE', #3223, 1000.000000000000000 ) ;
#208 = AXIS2_PLACEMENT_3D ( 'NONE', #1319, #1878, #3137 ) ;
#209 = FILL_AREA_STYLE ('',( #3582 ) ) ;
#210 = FILL_AREA_STYLE ('',( #2727 ) ) ;
#211 = FACE_OUTER_BOUND ( 'NONE', #2548, .T. ) ;
#212 = UNCERTAINTY_MEASURE_WITH_UNIT (LENGTH_MEASURE( 1.000000000000000082E-05 ), #3234, 'distance_accuracy_value', 'NONE');
#213 =( NAMED_UNIT ( * ) SI_UNIT ( $, .STERADIAN. ) SOLID_ANGLE_UNIT ( ) );
#214 = ORIENTED_EDGE ( 'NONE', *, *, #1829, .T. ) ;
#215 = SURFACE_STYLE_USAGE ( .BOTH. , #3927 ) ;
#216 =( NAMED_UNIT ( * ) PLANE_ANGLE_UNIT ( ) SI_UNIT ( $, .RADIAN. ) );
#217 = PRESENTATION_STYLE_ASSIGNMENT (( #2407 ) ) ;
#218 = VERTEX_POINT ( 'NONE', #495 ) ;
#219 = FILL_AREA_STYLE ('',( #487 ) ) ;
#220 = CARTESIAN_POINT ( 'NONE',  ( -0.8000000000000003775, -1.300000000000000266, 0.000000000000000000 ) ) ;
#221 = CIRCLE ( 'NONE', #3760, 0.2500000000000000000 ) ;
#222 = COLOUR_RGB ( '',1.000000000000000000, 1.000000000000000000, 1.000000000000000000 ) ;
#223 = FILL_AREA_STYLE ('',( #1770 ) ) ;
#224 = ORIENTED_EDGE ( 'NONE', *, *, #3571, .F. ) ;
#225 = FILL_AREA_STYLE_COLOUR ( '', #675 ) ;
#226 = ORIENTED_EDGE ( 'NONE', *, *, #3806, .T. ) ;
#227 = ORIENTED_EDGE ( 'NONE', *, *, #289, .F. ) ;
#228 = CARTESIAN_POINT ( 'NONE',  ( 0.000000000000000000, 0.000000000000000000, 0.1499999999999999944 ) ) ;
#229 = SURFACE_STYLE_USAGE ( .BOTH. , #816 ) ;
#230 = SURFACE_STYLE_FILL_AREA ( #876 ) ;
#231 = DIRECTION ( 'NONE',  ( 0.000000000000000000, 0.000000000000000000, 1.000000000000000000 ) ) ;
#232 = DIRECTION ( 'NONE',  ( 1.000000000000000000, 0.000000000000000000, 0.000000000000000000 ) ) ;
#233 = CARTESIAN_POINT ( 'NONE',  ( -1.100000000000000755, -0.8999999999999999112, 0.000000000000000000 ) ) ;
#234 = VERTEX_POINT ( 'NONE', #2421 ) ;
#235 = DIRECTION ( 'NONE',  ( 1.000000000000000000, 0.000000000000000000, 0.000000000000000000 ) ) ;
#236 = EDGE_CURVE ( 'NONE', #1333, #2652, #3461, .T. ) ;
#237 = CARTESIAN_POINT ( 'NONE',  ( 1.299999999999999822, 1.299999999999999822, 0.1499999999999999944 ) ) ;
#238 = AXIS2_PLACEMENT_3D ( 'NONE', #2675, #2427, #1159 ) ;
#239 = SURFACE_STYLE_FILL_AREA ( #928 ) ;
#240 = LINE ( 'NONE', #1488, #3396 ) ;
#241 = VECTOR ( 'NONE', #2199, 1000.000000000000000 ) ;
#242 = CIRCLE ( 'NONE', #1353, 0.1000000000000000194 ) ;
#243 = EDGE_CURVE ( 'NONE', #2244, #1961, #1150, .T. ) ;
#244 = MECHANICAL_DESIGN_GEOMETRIC_PRESENTATION_REPRESENTATION (  '', ( #2188 ), #2817 ) ;
#245 = AXIS2_PLACEMENT_3D ( 'NONE', #381, #990, #3784 ) ;
#246 = DIRECTION ( 'NONE',  ( 9.150293725674480168E-17, 0.7471781849301587508, 0.6646237732465439807 ) ) ;
#247 = ORIENTED_EDGE ( 'NONE', *, *, #1115, .T. ) ;
#248 =( GEOMETRIC_REPRESENTATION_CONTEXT ( 3 ) GLOBAL_UNCERTAINTY_ASSIGNED_CONTEXT ( ( #2613 ) ) GLOBAL_UNIT_ASSIGNED_CONTEXT ( ( #1759, #3000, #213 ) ) REPRESENTATION_CONTEXT ( 'NONE', 'WORKASPACE' ) );
#249 = ORIENTED_EDGE ( 'NONE', *, *, #880, .F. ) ;
#250 = CARTESIAN_POINT ( 'NONE',  ( -0.2999999999999999889, 2.199999999999999289, 0.1499999999999999944 ) ) ;
#251 = DIRECTION ( 'NONE',  ( -0.000000000000000000, -3.688601711469485225E-17, -1.000000000000000000 ) ) ;
#252 = ORIENTED_EDGE ( 'NONE', *, *, #661, .F. ) ;
#253 = COLOUR_RGB ( '',0.9686274509803921573, 0.8784313725490195957, 0.5999999999999999778 ) ;
#254 = FILL_AREA_STYLE_COLOUR ( '', #2481 ) ;
#255 =( NAMED_UNIT ( * ) SI_UNIT ( $, .STERADIAN. ) SOLID_ANGLE_UNIT ( ) );
#256 = ADVANCED_FACE ( 'NONE', ( #3328 ), #3011, .T. ) ;
#257 =( GEOMETRIC_REPRESENTATION_CONTEXT ( 3 ) GLOBAL_UNCERTAINTY_ASSIGNED_CONTEXT ( ( #3278 ) ) GLOBAL_UNIT_ASSIGNED_CONTEXT ( ( #51, #2543, #1882 ) ) REPRESENTATION_CONTEXT ( 'NONE', 'WORKASPACE' ) );
#258 = VERTEX_POINT ( 'NONE', #3388 ) ;
#259 = SURFACE_STYLE_FILL_AREA ( #1171 ) ;
#260 = STYLED_ITEM ( 'NONE', ( #3967 ), #3494 ) ;
#261 = ORIENTED_EDGE ( 'NONE', *, *, #1368, .T. ) ;
#262 = EDGE_LOOP ( 'NONE', ( #3648, #2598, #2565, #2931, #3663, #3618, #838, #3598 ) ) ;
#263 =( LENGTH_UNIT ( ) NAMED_UNIT ( * ) SI_UNIT ( .MILLI., .METRE. ) );
#264 = AXIS2_PLACEMENT_3D ( 'NONE', #437, #3857, #3543 ) ;
#265 =( NAMED_UNIT ( * ) PLANE_ANGLE_UNIT ( ) SI_UNIT ( $, .RADIAN. ) );
#267 = STYLED_ITEM ( 'NONE', ( #1257 ), #614 ) ;
#266 = PRESENTATION_STYLE_ASSIGNMENT (( #2730 ) ) ;
#268 = FILL_AREA_STYLE_COLOUR ( '', #2147 ) ;
#269 = VECTOR ( 'NONE', #2095, 1000.000000000000000 ) ;
#270 =( LENGTH_UNIT ( ) NAMED_UNIT ( * ) SI_UNIT ( .MILLI., .METRE. ) );
#271 = VERTEX_POINT ( 'NONE', #1853 ) ;
#272 = DIRECTION ( 'NONE',  ( -0.000000000000000000, -3.688601711469485225E-17, -1.000000000000000000 ) ) ;
#273 = COLOUR_RGB ( '',0.9686274509803921573, 0.8784313725490195957, 0.5999999999999999778 ) ;
#274 = COLOUR_RGB ( '',0.9686274509803921573, 0.8784313725490195957, 0.5999999999999999778 ) ;
#275 = FILL_AREA_STYLE_COLOUR ( '', #1044 ) ;
#276 = CIRCLE ( 'NONE', #2545, 0.3499999999999998668 ) ;
#277 = SURFACE_SIDE_STYLE ('',( #239 ) ) ;
#278 = STYLED_ITEM ( 'NONE', ( #1550 ), #1264 ) ;
#279 = DIRECTION ( 'NONE',  ( -1.000000000000000000, 0.000000000000000000, 0.000000000000000000 ) ) ;
#280 = ORIENTED_EDGE ( 'NONE', *, *, #1388, .F. ) ;
#281 = VECTOR ( 'NONE', #3609, 1000.000000000000000 ) ;
#282 = SURFACE_STYLE_FILL_AREA ( #1917 ) ;
#283 =( GEOMETRIC_REPRESENTATION_CONTEXT ( 3 ) GLOBAL_UNCERTAINTY_ASSIGNED_CONTEXT ( ( #1642 ) ) GLOBAL_UNIT_ASSIGNED_CONTEXT ( ( #154, #3242, #3218 ) ) REPRESENTATION_CONTEXT ( 'NONE', 'WORKASPACE' ) );
#284 = EDGE_CURVE ( 'NONE', #2036, #3185, #886, .T. ) ;
#285 = CARTESIAN_POINT ( 'NONE',  ( -1.300000000000000266, 1.299999999999999822, 0.1499999999999999944 ) ) ;
#286 = ORIENTED_EDGE ( 'NONE', *, *, #3291, .F. ) ;
#287 = DIRECTION ( 'NONE',  ( -0.000000000000000000, -0.000000000000000000, -1.000000000000000000 ) ) ;
#288 = CARTESIAN_POINT ( 'NONE',  ( -0.2999999999999998779, 0.4000000000000000777, 0.000000000000000000 ) ) ;
#289 = EDGE_CURVE ( 'NONE', #2036, #836, #653, .T. ) ;
#290 = VECTOR ( 'NONE', #3449, 1000.000000000000000 ) ;
#291 = PLANE ( 'NONE',  #2412 ) ;
#292 = EDGE_LOOP ( 'NONE', ( #736, #2045, #2377, #2799 ) ) ;
#293 = DIRECTION ( 'NONE',  ( 1.000000000000000000, 0.000000000000000000, 0.000000000000000000 ) ) ;
#294 =( LENGTH_UNIT ( ) NAMED_UNIT ( * ) SI_UNIT ( .MILLI., .METRE. ) );
#295 = FILL_AREA_STYLE_COLOUR ( '', #956 ) ;
#296 = VERTEX_POINT ( 'NONE', #3087 ) ;
#297 = CARTESIAN_POINT ( 'NONE',  ( 0.000000000000000000, 0.9316181806841049573, -3.436368415707478494E-17 ) ) ;
#298 =( GEOMETRIC_REPRESENTATION_CONTEXT ( 3 ) GLOBAL_UNCERTAINTY_ASSIGNED_CONTEXT ( ( #2452 ) ) GLOBAL_UNIT_ASSIGNED_CONTEXT ( ( #3757, #2789, #3397 ) ) REPRESENTATION_CONTEXT ( 'NONE', 'WORKASPACE' ) );
#299 = ORIENTED_EDGE ( 'NONE', *, *, #1346, .F. ) ;
#300 =( NAMED_UNIT ( * ) SI_UNIT ( $, .STERADIAN. ) SOLID_ANGLE_UNIT ( ) );
#301 = AXIS2_PLACEMENT_3D ( 'NONE', #1094, #2962, #2937 ) ;
#302 = CARTESIAN_POINT ( 'NONE',  ( 0.000000000000000000, 0.000000000000000000, 0.000000000000000000 ) ) ;
#303 = ORIENTED_EDGE ( 'NONE', *, *, #2297, .F. ) ;
#304 = DIRECTION ( 'NONE',  ( -1.000000000000000000, 0.000000000000000000, 0.000000000000000000 ) ) ;
#305 = PRESENTATION_STYLE_ASSIGNMENT (( #655 ) ) ;
#306 = EDGE_CURVE ( 'NONE', #1273, #2036, #597, .T. ) ;
#307 = DIRECTION ( 'NONE',  ( -0.000000000000000000, -0.000000000000000000, -1.000000000000000000 ) ) ;
#308 = CARTESIAN_POINT ( 'NONE',  ( -1.100000000000000755, 0.9000000000000002442, 0.1499999999999999944 ) ) ;
#309 = EDGE_LOOP ( 'NONE', ( #579, #2952, #1658, #1304 ) ) ;
#310 =( NAMED_UNIT ( * ) SI_UNIT ( $, .STERADIAN. ) SOLID_ANGLE_UNIT ( ) );
#311 = EDGE_CURVE ( 'NONE', #3821, #3238, #2493, .T. ) ;
#312 = COLOUR_RGB ( '',0.9686274509803921573, 0.8784313725490195957, 0.5999999999999999778 ) ;
#313 = CARTESIAN_POINT ( 'NONE',  ( 0.000000000000000000, 0.8999999999999999112, 1.250000000000000000 ) ) ;
#314 = CYLINDRICAL_SURFACE ( 'NONE', #1296, 1.150000000000000133 ) ;
#315 = ORIENTED_EDGE ( 'NONE', *, *, #3337, .T. ) ;
#316 = CARTESIAN_POINT ( 'NONE',  ( 1.500000000000000000, -0.9000000000000000222, 0.1499999999999999944 ) ) ;
#317 = MECHANICAL_DESIGN_GEOMETRIC_PRESENTATION_REPRESENTATION (  '', ( #1106 ), #646 ) ;
#318 = CARTESIAN_POINT ( 'NONE',  ( 1.192098884207996557E-16, -0.9468452210677925640, 1.250000000000000000 ) ) ;
#319 = VECTOR ( 'NONE', #3583, 1000.000000000000000 ) ;
#320 = EDGE_LOOP ( 'NONE', ( #2364, #1535, #3688, #3001 ) ) ;
#321 = SURFACE_STYLE_USAGE ( .BOTH. , #3707 ) ;
#322 =( NAMED_UNIT ( * ) PLANE_ANGLE_UNIT ( ) SI_UNIT ( $, .RADIAN. ) );
#323 = ORIENTED_EDGE ( 'NONE', *, *, #2998, .T. ) ;
#324 = DIRECTION ( 'NONE',  ( -1.000000000000000000, -0.000000000000000000, -0.000000000000000000 ) ) ;
#325 = DIRECTION ( 'NONE',  ( 0.000000000000000000, -1.000000000000000000, 0.000000000000000000 ) ) ;
#326 = CARTESIAN_POINT ( 'NONE',  ( 0.000000000000000000, 0.000000000000000000, 0.2500000000000000000 ) ) ;
#327 = DIRECTION ( 'NONE',  ( 1.000000000000000000, 0.000000000000000000, 0.000000000000000000 ) ) ;
#328 = COLOUR_RGB ( '',0.9686274509803921573, 0.8784313725490195957, 0.5999999999999999778 ) ;
#329 = DIRECTION ( 'NONE',  ( 0.000000000000000000, -1.000000000000000000, 0.000000000000000000 ) ) ;
#330 = VERTEX_POINT ( 'NONE', #2474 ) ;
#331 = TOROIDAL_SURFACE ( 'NONE', #3953, 0.3499999999999998668, 0.1000000000000000194 ) ;
#332 = AXIS2_PLACEMENT_3D ( 'NONE', #2638, #3480, #3501 ) ;
#333 = CARTESIAN_POINT ( 'NONE',  ( 0.000000000000000000, -1.000000000000000222, 0.7634530849698735189 ) ) ;
#334 = EDGE_CURVE ( 'NONE', #652, #2670, #3524, .T. ) ;
#335 = SURFACE_STYLE_FILL_AREA ( #1344 ) ;
#336 = ORIENTED_EDGE ( 'NONE', *, *, #1907, .T. ) ;
#337 = AXIS2_PLACEMENT_3D ( 'NONE', #157, #2968, #1768 ) ;
#338 = CARTESIAN_POINT ( 'NONE',  ( 1.099999999999999645, 1.299999999999999822, 0.3499999999999999778 ) ) ;
#339 = STYLED_ITEM ( 'NONE', ( #2665 ), #3215 ) ;
#340 = UNCERTAINTY_MEASURE_WITH_UNIT (LENGTH_MEASURE( 1.000000000000000082E-05 ), #1638, 'distance_accuracy_value', 'NONE');
#341 = STYLED_ITEM ( 'NONE', ( #1412 ), #905 ) ;
#342 = LINE ( 'NONE', #3767, #2369 ) ;
#343 = UNCERTAINTY_MEASURE_WITH_UNIT (LENGTH_MEASURE( 1.000000000000000082E-05 ), #1251, 'distance_accuracy_value', 'NONE');
#344 = EDGE_CURVE ( 'NONE', #2426, #525, #1411, .T. ) ;
#345 = FACE_OUTER_BOUND ( 'NONE', #3489, .T. ) ;
#346 = ORIENTED_EDGE ( 'NONE', *, *, #3907, .F. ) ;
#347 = STYLED_ITEM ( 'NONE', ( #1424 ), #461 ) ;
#348 = SURFACE_SIDE_STYLE ('',( #3107 ) ) ;
#349 = COLOUR_RGB ( '',0.9686274509803921573, 0.8784313725490195957, 0.5999999999999999778 ) ;
#350 = PRESENTATION_STYLE_ASSIGNMENT (( #39 ) ) ;
#351 = ORIENTED_EDGE ( 'NONE', *, *, #812, .F. ) ;
#352 = FILL_AREA_STYLE_COLOUR ( '', #1547 ) ;
#353 = CARTESIAN_POINT ( 'NONE',  ( -0.2999999999999999889, -1.110180165558726451, 0.1499999999999999944 ) ) ;
#354 = CARTESIAN_POINT ( 'NONE',  ( 0.2499999999999998890, 0.000000000000000000, 0.2500000000000001110 ) ) ;
#355 = CARTESIAN_POINT ( 'NONE',  ( -0.2999999999999999889, 1.299999999999999822, 0.000000000000000000 ) ) ;
#356 = LINE ( 'NONE', #3138, #2741 ) ;
#357 =( NAMED_UNIT ( * ) PLANE_ANGLE_UNIT ( ) SI_UNIT ( $, .RADIAN. ) );
#358 = SURFACE_STYLE_FILL_AREA ( #3741 ) ;
#359 = FILL_AREA_STYLE_COLOUR ( '', #328 ) ;
#360 =( NAMED_UNIT ( * ) PLANE_ANGLE_UNIT ( ) SI_UNIT ( $, .RADIAN. ) );
#361 = VERTEX_POINT ( 'NONE', #1896 ) ;
#362 = FILL_AREA_STYLE_COLOUR ( '', #3969 ) ;
#363 = EDGE_CURVE ( 'NONE', #3384, #2706, #940, .T. ) ;
#364 = CARTESIAN_POINT ( 'NONE',  ( 0.000000000000000000, -1.947451579420137224E-16, 0.5990149732453686759 ) ) ;
#365 = ORIENTED_EDGE ( 'NONE', *, *, #3917, .F. ) ;
#366 = CLOSED_SHELL ( 'NONE', ( #3985, #780, #492, #3149, #1064, #1342, #2793, #2449, #1974, #1699, #2844, #1032, #3154, #3424, #706, #3764, #1677, #3043, #1751, #3199 ) ) ;
#367 = EDGE_CURVE ( 'NONE', #1222, #1407, #691, .T. ) ;
#368 = CARTESIAN_POINT ( 'NONE',  ( 0.3499999999999998668, 0.000000000000000000, 0.1499999999999999667 ) ) ;
#369 = SURFACE_SIDE_STYLE ('',( #2827 ) ) ;
#370 = CARTESIAN_POINT ( 'NONE',  ( 0.000000000000000000, 1.050000000000000044, 0.3499999999999998668 ) ) ;
#371 = MECHANICAL_DESIGN_GEOMETRIC_PRESENTATION_REPRESENTATION (  '', ( #690 ), #3527 ) ;
#372 = COLOUR_RGB ( '',0.9686274509803921573, 0.8784313725490195957, 0.5999999999999999778 ) ;
#373 = UNCERTAINTY_MEASURE_WITH_UNIT (LENGTH_MEASURE( 1.000000000000000082E-05 ), #24, 'distance_accuracy_value', 'NONE');
#374 =( NAMED_UNIT ( * ) PLANE_ANGLE_UNIT ( ) SI_UNIT ( $, .RADIAN. ) );
#375 = STYLED_ITEM ( 'NONE', ( #2266 ), #1677 ) ;
#376 =( NAMED_UNIT ( * ) SI_UNIT ( $, .STERADIAN. ) SOLID_ANGLE_UNIT ( ) );
#377 = CARTESIAN_POINT ( 'NONE',  ( 1.299999999999999822, 0.9000000000000002442, 0.1499999999999999944 ) ) ;
#378 = SURFACE_SIDE_STYLE ('',( #3158 ) ) ;
#379 = AXIS2_PLACEMENT_3D ( 'NONE', #3378, #2234, #950 ) ;
#380 = CIRCLE ( 'NONE', #2694, 0.1000000000000000194 ) ;
#381 = CARTESIAN_POINT ( 'NONE',  ( 0.000000000000000000, -1.742810346863235915E-16, 0.2999999999999999889 ) ) ;
#382 = EDGE_LOOP ( 'NONE', ( #1714, #1421, #1514, #615 ) ) ;
#383 =( NAMED_UNIT ( * ) SI_UNIT ( $, .STERADIAN. ) SOLID_ANGLE_UNIT ( ) );
#384 = UNCERTAINTY_MEASURE_WITH_UNIT (LENGTH_MEASURE( 1.000000000000000082E-05 ), #1637, 'distance_accuracy_value', 'NONE');
#385 = SURFACE_STYLE_FILL_AREA ( #58 ) ;
#386 = AXIS2_PLACEMENT_3D ( 'NONE', #2360, #1653, #3191 ) ;
#387 = PRESENTATION_STYLE_ASSIGNMENT (( #2211 ) ) ;
#388 = ORIENTED_EDGE ( 'NONE', *, *, #1007, .T. ) ;
#389 = SURFACE_SIDE_STYLE ('',( #82 ) ) ;
#390 = SURFACE_STYLE_FILL_AREA ( #2923 ) ;
#391 = CARTESIAN_POINT ( 'NONE',  ( -0.8000000000000003775, -1.300000000000000266, 0.1499999999999999944 ) ) ;
#392 = EDGE_CURVE ( 'NONE', #629, #793, #3067, .T. ) ;
#393 = FILL_AREA_STYLE_COLOUR ( '', #1469 ) ;
#394 =( LENGTH_UNIT ( ) NAMED_UNIT ( * ) SI_UNIT ( .MILLI., .METRE. ) );
#395 = LINE ( 'NONE', #1107, #3064 ) ;
#396 =( NAMED_UNIT ( * ) PLANE_ANGLE_UNIT ( ) SI_UNIT ( $, .RADIAN. ) );
#397 = STYLED_ITEM ( 'NONE', ( #1983 ), #3424 ) ;
#398 =( NAMED_UNIT ( * ) SI_UNIT ( $, .STERADIAN. ) SOLID_ANGLE_UNIT ( ) );
#399 = DIRECTION ( 'NONE',  ( -0.000000000000000000, -0.000000000000000000, 1.000000000000000000 ) ) ;
#400 = ORIENTED_EDGE ( 'NONE', *, *, #3932, .F. ) ;
#401 = DIRECTION ( 'NONE',  ( -1.232552613120351049E-16, 1.000000000000000000, 0.000000000000000000 ) ) ;
#402 = STYLED_ITEM ( 'NONE', ( #2383 ), #3889 ) ;
#403 =( NAMED_UNIT ( * ) SI_UNIT ( $, .STERADIAN. ) SOLID_ANGLE_UNIT ( ) );
#404 = TOROIDAL_SURFACE ( 'NONE', #2848, 1.050000000000000044, 0.04999999999999985706 ) ;
#405 = DIRECTION ( 'NONE',  ( 1.224646799147353207E-16, 1.000000000000000000, 0.000000000000000000 ) ) ;
#406 = ORIENTED_EDGE ( 'NONE', *, *, #1485, .T. ) ;
#407 = SURFACE_STYLE_FILL_AREA ( #974 ) ;
#408 = AXIS2_PLACEMENT_3D ( 'NONE', #2459, #2157, #1975 ) ;
#409 = AXIS2_PLACEMENT_3D ( 'NONE', #2825, #2215, #1947 ) ;
#410 = DIRECTION ( 'NONE',  ( 0.000000000000000000, -0.000000000000000000, -1.000000000000000000 ) ) ;
#411 = ADVANCED_FACE ( 'NONE', ( #2746 ), #2826, .F. ) ;
#412 = DIRECTION ( 'NONE',  ( -1.000000000000000000, 0.000000000000000000, 0.000000000000000000 ) ) ;
#413 = CARTESIAN_POINT ( 'NONE',  ( 0.000000000000000000, -1.725772139594670690E-16, 1.200000000000000178 ) ) ;
#414 =( NAMED_UNIT ( * ) SI_UNIT ( $, .STERADIAN. ) SOLID_ANGLE_UNIT ( ) );
#415 = MECHANICAL_DESIGN_GEOMETRIC_PRESENTATION_REPRESENTATION (  '', ( #1134 ), #2424 ) ;
#416 = DIRECTION ( 'NONE',  ( -1.232552613120351049E-16, 1.000000000000000000, 0.000000000000000000 ) ) ;
#417 = ADVANCED_FACE ( 'NONE', ( #2132 ), #735, .T. ) ;
#418 = DIRECTION ( 'NONE',  ( -1.000000000000000000, -0.000000000000000000, -0.000000000000000000 ) ) ;
#419 = ORIENTED_EDGE ( 'NONE', *, *, #3023, .T. ) ;
#420 = SURFACE_STYLE_FILL_AREA ( #3163 ) ;
#421 = FILL_AREA_STYLE_COLOUR ( '', #551 ) ;
#422 = ORIENTED_EDGE ( 'NONE', *, *, #1532, .T. ) ;
#423 = FILL_AREA_STYLE ('',( #1399 ) ) ;
#424 = AXIS2_PLACEMENT_3D ( 'NONE', #3468, #1913, #36 ) ;
#425 = DIRECTION ( 'NONE',  ( -1.000000000000000000, 0.000000000000000000, -0.000000000000000000 ) ) ;
#426 = COLOUR_RGB ( '',1.000000000000000000, 1.000000000000000000, 1.000000000000000000 ) ;
#427 = CARTESIAN_POINT ( 'NONE',  ( 0.2999999999999999889, 0.4000000000000000222, 0.000000000000000000 ) ) ;
#428 = VECTOR ( 'NONE', #3839, 1000.000000000000000 ) ;
#429 = APPLICATION_CONTEXT ( 'automotive_design' ) ;
#430 = SURFACE_STYLE_FILL_AREA ( #1356 ) ;
#431 = DIRECTION ( 'NONE',  ( -0.000000000000000000, -3.688601711469485225E-17, -1.000000000000000000 ) ) ;
#432 = EDGE_CURVE ( 'NONE', #3387, #3086, #1789, .T. ) ;
#433 = PRESENTATION_LAYER_ASSIGNMENT (  '', '', ( #436 ) ) ;
#434 = CARTESIAN_POINT ( 'NONE',  ( -0.2999999999999999889, 1.299999999999999822, 0.1499999999999999944 ) ) ;
#435 = PRESENTATION_LAYER_ASSIGNMENT (  '', '', ( #1406 ) ) ;
#436 = STYLED_ITEM ( 'NONE', ( #2151 ), #417 ) ;
#437 = CARTESIAN_POINT ( 'NONE',  ( 0.000000000000000000, -2.168404344971008868E-16, 0.3499999999999999223 ) ) ;
#438 = AXIS2_PLACEMENT_3D ( 'NONE', #866, #1502, #2105 ) ;
#439 = FILL_AREA_STYLE_COLOUR ( '', #1516 ) ;
#440 = EDGE_LOOP ( 'NONE', ( #1493, #869, #1841, #1172 ) ) ;
#441 = VECTOR ( 'NONE', #3398, 1000.000000000000000 ) ;
#442 = MECHANICAL_DESIGN_GEOMETRIC_PRESENTATION_REPRESENTATION (  '', ( #1357 ), #2637 ) ;
#443 = DIRECTION ( 'NONE',  ( -1.000000000000000000, 0.000000000000000000, 0.000000000000000000 ) ) ;
#444 = ORIENTED_EDGE ( 'NONE', *, *, #2247, .F. ) ;
#445 = DIRECTION ( 'NONE',  ( 0.000000000000000000, 0.000000000000000000, -1.000000000000000000 ) ) ;
#446 = FILL_AREA_STYLE_COLOUR ( '', #1521 ) ;
#447 = CIRCLE ( 'NONE', #1620, 0.2499999999999999445 ) ;
#448 = CARTESIAN_POINT ( 'NONE',  ( 0.000000000000000000, 0.000000000000000000, 0.1499999999999999944 ) ) ;
#449 =( GEOMETRIC_REPRESENTATION_CONTEXT ( 3 ) GLOBAL_UNCERTAINTY_ASSIGNED_CONTEXT ( ( #1597 ) ) GLOBAL_UNIT_ASSIGNED_CONTEXT ( ( #3536, #3474, #742 ) ) REPRESENTATION_CONTEXT ( 'NONE', 'WORKASPACE' ) );
#450 = CARTESIAN_POINT ( 'NONE',  ( -1.500000000000000000, -0.8999999999999999112, 0.1499999999999999944 ) ) ;
#451 = CARTESIAN_POINT ( 'NONE',  ( -0.3499999999999998668, 4.286263797015734746E-17, 0.000000000000000000 ) ) ;
#452 = LINE ( 'NONE', #2581, #2329 ) ;
#453 = MANIFOLD_SOLID_BREP ( '凸台-拉伸2', #366 ) ;
#454 = CARTESIAN_POINT ( 'NONE',  ( -1.150000000000000133, -3.344665278437794552E-17, 0.1499999999999999944 ) ) ;
#455 = SURFACE_SIDE_STYLE ('',( #3216 ) ) ;
#456 = VERTEX_POINT ( 'NONE', #3810 ) ;
#457 = CARTESIAN_POINT ( 'NONE',  ( -1.150000000000000133, -3.344665278437794552E-17, 0.1499999999999999944 ) ) ;
#458 = PRESENTATION_LAYER_ASSIGNMENT (  '', '', ( #2213 ) ) ;
#459 = ADVANCED_FACE ( 'NONE', ( #1933, #689 ), #3153, .F. ) ;
#460 = SURFACE_SIDE_STYLE ('',( #3548 ) ) ;
#461 = MANIFOLD_SOLID_BREP ( '组合2', #2434 ) ;
#462 = CARTESIAN_POINT ( 'NONE',  ( -1.300000000000000266, 1.099999999999999645, 0.000000000000000000 ) ) ;
#463 = ORIENTED_EDGE ( 'NONE', *, *, #2197, .F. ) ;
#464 = PRESENTATION_LAYER_ASSIGNMENT (  '', '', ( #402 ) ) ;
#465 = CARTESIAN_POINT ( 'NONE',  ( -1.300000000000000266, 1.099999999999999645, 0.3499999999999999778 ) ) ;
#466 = CARTESIAN_POINT ( 'NONE',  ( 0.000000000000000000, 0.000000000000000000, 0.1499999999999999944 ) ) ;
#467 = PRESENTATION_STYLE_ASSIGNMENT (( #3186 ) ) ;
#468 = AXIS2_PLACEMENT_3D ( 'NONE', #2949, #1338, #2869 ) ;
#469 = SURFACE_STYLE_FILL_AREA ( #223 ) ;
#470 = FACE_OUTER_BOUND ( 'NONE', #1719, .T. ) ;
#471 = VECTOR ( 'NONE', #3557, 1000.000000000000000 ) ;
#472 = FILL_AREA_STYLE ('',( #2311 ) ) ;
#473 = AXIS2_PLACEMENT_3D ( 'NONE', #2616, #1678, #2877 ) ;
#474 = AXIS2_PLACEMENT_3D ( 'NONE', #868, #3393, #1879 ) ;
#475 = ORIENTED_EDGE ( 'NONE', *, *, #963, .F. ) ;
#476 = UNCERTAINTY_MEASURE_WITH_UNIT (LENGTH_MEASURE( 1.000000000000000082E-05 ), #2736, 'distance_accuracy_value', 'NONE');
#477 =( LENGTH_UNIT ( ) NAMED_UNIT ( * ) SI_UNIT ( .MILLI., .METRE. ) );
#478 =( NAMED_UNIT ( * ) SI_UNIT ( $, .STERADIAN. ) SOLID_ANGLE_UNIT ( ) );
#479 = PLANE ( 'NONE',  #2397 ) ;
#480 = CIRCLE ( 'NONE', #2288, 0.9000000000000001332 ) ;
#481 = AXIS2_PLACEMENT_3D ( 'NONE', #3167, #405, #1313 ) ;
#482 =( LENGTH_UNIT ( ) NAMED_UNIT ( * ) SI_UNIT ( .MILLI., .METRE. ) );
#483 = DIRECTION ( 'NONE',  ( 0.000000000000000000, -1.000000000000000000, 0.000000000000000000 ) ) ;
#484 = ORIENTED_EDGE ( 'NONE', *, *, #38, .F. ) ;
#485 = DIRECTION ( 'NONE',  ( 0.000000000000000000, 1.000000000000000000, 0.000000000000000000 ) ) ;
#486 = VERTEX_POINT ( 'NONE', #2947 ) ;
#487 = FILL_AREA_STYLE_COLOUR ( '', #1293 ) ;
#488 = ADVANCED_FACE ( 'NONE', ( #1447 ), #404, .F. ) ;
#489 = AXIS2_PLACEMENT_3D ( 'NONE', #2861, #3520, #94 ) ;
#490 = CARTESIAN_POINT ( 'NONE',  ( 1.299999999999999822, 1.299999999999999822, 0.000000000000000000 ) ) ;
#491 = VERTEX_POINT ( 'NONE', #1404 ) ;
#492 = ADVANCED_FACE ( 'NONE', ( #1750 ), #331, .F. ) ;
#493 = AXIS2_PLACEMENT_3D ( 'NONE', #3976, #2254, #2014 ) ;
#494 = EDGE_LOOP ( 'NONE', ( #2357, #3909, #1765, #2048, #2059, #2742, #1362, #365, #3380, #252, #2473, #3261, #444, #3055, #3938, #844, #1114, #1783, #123, #3374, #3674 ) ) ;
#495 = CARTESIAN_POINT ( 'NONE',  ( 0.2999999999999999889, 1.299999999999999822, 0.1499999999999999944 ) ) ;
#496 = DIRECTION ( 'NONE',  ( -1.000000000000000000, 0.000000000000000000, -0.000000000000000000 ) ) ;
#497 = PRESENTATION_STYLE_ASSIGNMENT (( #1998 ) ) ;
#498 = VECTOR ( 'NONE', #1761, 1000.000000000000000 ) ;
#499 = UNCERTAINTY_MEASURE_WITH_UNIT (LENGTH_MEASURE( 1.000000000000000082E-05 ), #1918, 'distance_accuracy_value', 'NONE');
#500 = CARTESIAN_POINT ( 'NONE',  ( 0.000000000000000000, -2.168404344971008868E-16, 1.200000000000000178 ) ) ;
#501 = AXIS2_PLACEMENT_3D ( 'NONE', #3514, #2260, #745 ) ;
#502 = AXIS2_PLACEMENT_3D ( 'NONE', #3863, #510, #3910 ) ;
#503 = SURFACE_STYLE_USAGE ( .BOTH. , #170 ) ;
#504 = VERTEX_POINT ( 'NONE', #3895 ) ;
#505 = AXIS2_PLACEMENT_3D ( 'NONE', #1870, #612, #1649 ) ;
#506 = AXIS2_PLACEMENT_3D ( 'NONE', #151, #2023, #483 ) ;
#507 = FILL_AREA_STYLE ('',( #3573 ) ) ;
#508 = VERTEX_POINT ( 'NONE', #2764 ) ;
#509 = MECHANICAL_DESIGN_GEOMETRIC_PRESENTATION_REPRESENTATION (  '', ( #1802 ), #3528 ) ;
#510 = DIRECTION ( 'NONE',  ( -0.000000000000000000, -3.688601711469485225E-17, -1.000000000000000000 ) ) ;
#511 =( LENGTH_UNIT ( ) NAMED_UNIT ( * ) SI_UNIT ( .MILLI., .METRE. ) );
#512 = PRODUCT_DEFINITION ( '未知', '', #1112, #1042 ) ;
#513 = DIRECTION ( 'NONE',  ( 0.000000000000000000, 0.000000000000000000, 1.000000000000000000 ) ) ;
#514 = VERTEX_POINT ( 'NONE', #3105 ) ;
#515 = CARTESIAN_POINT ( 'NONE',  ( 0.000000000000000000, 0.000000000000000000, 0.2500000000000000000 ) ) ;
#516 = VECTOR ( 'NONE', #2768, 1000.000000000000000 ) ;
#517 = FILL_AREA_STYLE ('',( #3638 ) ) ;
#518 = ORIENTED_EDGE ( 'NONE', *, *, #543, .T. ) ;
#519 = SURFACE_SIDE_STYLE ('',( #186 ) ) ;
#520 = CARTESIAN_POINT ( 'NONE',  ( 0.000000000000000000, 0.000000000000000000, 0.9499999999999998446 ) ) ;
#521 = DIRECTION ( 'NONE',  ( -0.000000000000000000, -0.000000000000000000, 1.000000000000000000 ) ) ;
#522 = VECTOR ( 'NONE', #2769, 1000.000000000000000 ) ;
#523 = EDGE_CURVE ( 'NONE', #5, #1173, #2776, .T. ) ;
#524 = FILL_AREA_STYLE ('',( #2980 ) ) ;
#525 = VERTEX_POINT ( 'NONE', #935 ) ;
#526 = FILL_AREA_STYLE_COLOUR ( '', #1219 ) ;
#527 = FACE_OUTER_BOUND ( 'NONE', #40, .T. ) ;
#528 = FACE_OUTER_BOUND ( 'NONE', #3286, .T. ) ;
#529 = ORIENTED_EDGE ( 'NONE', *, *, #114, .T. ) ;
#530 = LINE ( 'NONE', #737, #3390 ) ;
#531 = SURFACE_SIDE_STYLE ('',( #1746 ) ) ;
#532 = VECTOR ( 'NONE', #1722, 1000.000000000000000 ) ;
#533 =( NAMED_UNIT ( * ) PLANE_ANGLE_UNIT ( ) SI_UNIT ( $, .RADIAN. ) );
#534 = EDGE_LOOP ( 'NONE', ( #1921, #1208, #1427, #1345 ) ) ;
#535 = DIRECTION ( 'NONE',  ( 1.000000000000000000, 0.000000000000000000, 0.000000000000000000 ) ) ;
#536 = AXIS2_PLACEMENT_3D ( 'NONE', #3400, #2525, #2791 ) ;
#537 = ORIENTED_EDGE ( 'NONE', *, *, #1038, .F. ) ;
#538 = ORIENTED_EDGE ( 'NONE', *, *, #2370, .F. ) ;
#539 = VECTOR ( 'NONE', #3805, 1000.000000000000000 ) ;
#540 =( NAMED_UNIT ( * ) PLANE_ANGLE_UNIT ( ) SI_UNIT ( $, .RADIAN. ) );
#541 = DIRECTION ( 'NONE',  ( 1.000000000000000000, 0.000000000000000000, 0.000000000000000000 ) ) ;
#542 = DIRECTION ( 'NONE',  ( -1.000000000000000000, -0.000000000000000000, -0.000000000000000000 ) ) ;
#543 = EDGE_CURVE ( 'NONE', #1245, #718, #1891, .T. ) ;
#544 = AXIS2_PLACEMENT_3D ( 'NONE', #1339, #3477, #412 ) ;
#545 = LINE ( 'NONE', #2155, #3874 ) ;
#546 = LINE ( 'NONE', #308, #1448 ) ;
#547 = SURFACE_SIDE_STYLE ('',( #1157 ) ) ;
#548 = EDGE_LOOP ( 'NONE', ( #2249, #823, #1375, #1149 ) ) ;
#549 = COLOUR_RGB ( '',0.9686274509803921573, 0.8784313725490195957, 0.5999999999999999778 ) ;
#550 = EDGE_CURVE ( 'NONE', #2670, #525, #3981, .T. ) ;
#551 = COLOUR_RGB ( '',1.000000000000000000, 1.000000000000000000, 1.000000000000000000 ) ;
#552 = CARTESIAN_POINT ( 'NONE',  ( -1.100000000000000755, 0.9000000000000002442, 0.000000000000000000 ) ) ;
#553 = CARTESIAN_POINT ( 'NONE',  ( -1.300000000000000266, 1.299999999999999822, 0.000000000000000000 ) ) ;
#554 = EDGE_LOOP ( 'NONE', ( #1694, #3130, #3519, #2763 ) ) ;
#555 = FACE_OUTER_BOUND ( 'NONE', #2013, .T. ) ;
#556 =( GEOMETRIC_REPRESENTATION_CONTEXT ( 3 ) GLOBAL_UNCERTAINTY_ASSIGNED_CONTEXT ( ( #993 ) ) GLOBAL_UNIT_ASSIGNED_CONTEXT ( ( #648, #2489, #1348 ) ) REPRESENTATION_CONTEXT ( 'NONE', 'WORKASPACE' ) );
#557 = DIRECTION ( 'NONE',  ( -0.000000000000000000, -0.000000000000000000, 1.000000000000000000 ) ) ;
#558 = CARTESIAN_POINT ( 'NONE',  ( 0.2500000000000000000, 3.061616997868383018E-17, 0.3499999999999999778 ) ) ;
#559 = ORIENTED_EDGE ( 'NONE', *, *, #1825, .F. ) ;
#560 = SURFACE_STYLE_USAGE ( .BOTH. , #519 ) ;
#561 = DIRECTION ( 'NONE',  ( 1.000000000000000000, 1.224646799147353207E-16, -4.517234279280554097E-33 ) ) ;
#562 = PLANE ( 'NONE',  #2090 ) ;
#563 = ADVANCED_FACE ( 'NONE', ( #3033 ), #10, .F. ) ;
#564 = DIRECTION ( 'NONE',  ( 1.000000000000000000, -2.710505431213766015E-16, 0.000000000000000000 ) ) ;
#565 =( LENGTH_UNIT ( ) NAMED_UNIT ( * ) SI_UNIT ( .MILLI., .METRE. ) );
#566 = ORIENTED_EDGE ( 'NONE', *, *, #284, .T. ) ;
#567 = CARTESIAN_POINT ( 'NONE',  ( 0.000000000000000000, 0.000000000000000000, 0.000000000000000000 ) ) ;
#568 = MECHANICAL_DESIGN_GEOMETRIC_PRESENTATION_REPRESENTATION (  '', ( #1797 ), #908 ) ;
#569 =( NAMED_UNIT ( * ) SI_UNIT ( $, .STERADIAN. ) SOLID_ANGLE_UNIT ( ) );
#570 = DIRECTION ( 'NONE',  ( -1.000000000000000000, 0.000000000000000000, 0.000000000000000000 ) ) ;
#571 = VECTOR ( 'NONE', #324, 1000.000000000000000 ) ;
#572 = AXIS2_PLACEMENT_3D ( 'NONE', #2608, #3150, #1988 ) ;
#573 = VECTOR ( 'NONE', #130, 1000.000000000000000 ) ;
#574 = DIRECTION ( 'NONE',  ( 0.000000000000000000, -0.000000000000000000, -1.000000000000000000 ) ) ;
#575 = ORIENTED_EDGE ( 'NONE', *, *, #3622, .T. ) ;
#576 =( NAMED_UNIT ( * ) PLANE_ANGLE_UNIT ( ) SI_UNIT ( $, .RADIAN. ) );
#577 = DIRECTION ( 'NONE',  ( -2.502005013428087080E-16, 1.000000000000000000, -0.000000000000000000 ) ) ;
#578 = MECHANICAL_DESIGN_GEOMETRIC_PRESENTATION_REPRESENTATION (  '', ( #3076 ), #248 ) ;
#579 = ORIENTED_EDGE ( 'NONE', *, *, #1725, .T. ) ;
#580 = EDGE_LOOP ( 'NONE', ( #1229, #1130 ) ) ;
#581 = DIRECTION ( 'NONE',  ( -1.000000000000000000, 0.000000000000000000, 0.000000000000000000 ) ) ;
#582 = DIRECTION ( 'NONE',  ( -1.232552613120351049E-16, 1.000000000000000000, 0.000000000000000000 ) ) ;
#583 =( NAMED_UNIT ( * ) SI_UNIT ( $, .STERADIAN. ) SOLID_ANGLE_UNIT ( ) );
#584 = CARTESIAN_POINT ( 'NONE',  ( 1.150000000000000133, -1.742810346863235915E-16, 0.2999999999999999889 ) ) ;
#585 = VERTEX_POINT ( 'NONE', #2458 ) ;
#586 = CARTESIAN_POINT ( 'NONE',  ( 0.2500000000000000000, 0.000000000000000000, 0.9499999999999998446 ) ) ;
#587 = ORIENTED_EDGE ( 'NONE', *, *, #2486, .T. ) ;
#588 =( NAMED_UNIT ( * ) PLANE_ANGLE_UNIT ( ) SI_UNIT ( $, .RADIAN. ) );
#589 = EDGE_CURVE ( 'NONE', #1602, #2461, #1558, .T. ) ;
#590 = MECHANICAL_DESIGN_GEOMETRIC_PRESENTATION_REPRESENTATION (  '', ( #3155 ), #257 ) ;
#591 = DIRECTION ( 'NONE',  ( 0.000000000000000000, 1.000000000000000000, 0.000000000000000000 ) ) ;
#592 = ORIENTED_EDGE ( 'NONE', *, *, #3359, .F. ) ;
#593 = DIRECTION ( 'NONE',  ( -0.000000000000000000, -0.000000000000000000, 1.000000000000000000 ) ) ;
#594 = CARTESIAN_POINT ( 'NONE',  ( 0.000000000000000000, -0.2500000000000000000, 0.9499999999999998446 ) ) ;
#595 = MECHANICAL_DESIGN_GEOMETRIC_PRESENTATION_REPRESENTATION (  '', ( #2213 ), #2655 ) ;
#596 = ORIENTED_EDGE ( 'NONE', *, *, #3467, .F. ) ;
#597 = LINE ( 'NONE', #28, #112 ) ;
#598 = CARTESIAN_POINT ( 'NONE',  ( 0.2499999999999999445, 0.000000000000000000, 1.050000000000000044 ) ) ;
#599 = VECTOR ( 'NONE', #3178, 1000.000000000000000 ) ;
#600 = PRESENTATION_LAYER_ASSIGNMENT (  '', '', ( #2342 ) ) ;
#601 = COLOUR_RGB ( '',1.000000000000000000, 1.000000000000000000, 1.000000000000000000 ) ;
#602 = ORIENTED_EDGE ( 'NONE', *, *, #2252, .T. ) ;
#603 = CARTESIAN_POINT ( 'NONE',  ( -1.199999999999999289, -0.8999999999999999112, 0.3499999999999999778 ) ) ;
#604 = DIRECTION ( 'NONE',  ( 1.000000000000000000, 0.000000000000000000, 0.000000000000000000 ) ) ;
#605 = AXIS2_PLACEMENT_3D ( 'NONE', #3259, #677, #425 ) ;
#606 = EDGE_LOOP ( 'NONE', ( #3735, #2772, #3763, #2264 ) ) ;
#607 = CARTESIAN_POINT ( 'NONE',  ( -0.09999999999999997780, 1.224646799147352961E-17, 0.9499999999999998446 ) ) ;
#608 = AXIS2_PLACEMENT_3D ( 'NONE', #2703, #1827, #591 ) ;
#609 = SURFACE_STYLE_USAGE ( .BOTH. , #1168 ) ;
#610 = EDGE_CURVE ( 'NONE', #814, #174, #3624, .T. ) ;
#611 = ORIENTED_EDGE ( 'NONE', *, *, #1829, .F. ) ;
#612 = DIRECTION ( 'NONE',  ( -0.000000000000000000, -0.000000000000000000, 1.000000000000000000 ) ) ;
#613 = DIRECTION ( 'NONE',  ( 0.000000000000000000, 1.000000000000000000, -3.688601711469485225E-17 ) ) ;
#614 = ADVANCED_FACE ( 'NONE', ( #2204 ), #3964, .F. ) ;
#615 = ORIENTED_EDGE ( 'NONE', *, *, #2797, .T. ) ;
#616 = DIRECTION ( 'NONE',  ( 1.000000000000000000, 0.000000000000000000, 0.000000000000000000 ) ) ;
#617 = PRESENTATION_STYLE_ASSIGNMENT (( #2152 ) ) ;
#618 = SURFACE_STYLE_FILL_AREA ( #2220 ) ;
#619 = SURFACE_SIDE_STYLE ('',( #3372 ) ) ;
#620 = CARTESIAN_POINT ( 'NONE',  ( 0.5034595668679463509, 0.000000000000000000, 1.050000000000000044 ) ) ;
#621 = ORIENTED_EDGE ( 'NONE', *, *, #2921, .F. ) ;
#622 = PRESENTATION_STYLE_ASSIGNMENT (( #33 ) ) ;
#623 = ORIENTED_EDGE ( 'NONE', *, *, #1627, .T. ) ;
#624 = CARTESIAN_POINT ( 'NONE',  ( -0.2499999999999999445, 3.061616997868382402E-17, 1.050000000000000044 ) ) ;
#625 = AXIS2_PLACEMENT_3D ( 'NONE', #1202, #49, #693 ) ;
#626 = VECTOR ( 'NONE', #2697, 1000.000000000000000 ) ;
#627 = SURFACE_STYLE_FILL_AREA ( #1266 ) ;
#628 =( LENGTH_UNIT ( ) NAMED_UNIT ( * ) SI_UNIT ( .MILLI., .METRE. ) );
#629 = VERTEX_POINT ( 'NONE', #3116 ) ;
#630 = MECHANICAL_DESIGN_GEOMETRIC_PRESENTATION_REPRESENTATION (  '', ( #2568 ), #1728 ) ;
#631 = MECHANICAL_DESIGN_GEOMETRIC_PRESENTATION_REPRESENTATION (  '', ( #747 ), #3325 ) ;
#632 = CIRCLE ( 'NONE', #2628, 1.050000000000000044 ) ;
#633 = PRESENTATION_STYLE_ASSIGNMENT (( #26 ) ) ;
#634 = VERTEX_POINT ( 'NONE', #355 ) ;
#635 = DIRECTION ( 'NONE',  ( 0.000000000000000000, 1.000000000000000000, 0.000000000000000000 ) ) ;
#636 = PLANE ( 'NONE',  #3717 ) ;
#637 = COLOUR_RGB ( '',0.9686274509803921573, 0.8784313725490195957, 0.5999999999999999778 ) ;
#638 =( GEOMETRIC_REPRESENTATION_CONTEXT ( 3 ) GLOBAL_UNCERTAINTY_ASSIGNED_CONTEXT ( ( #2932 ) ) GLOBAL_UNIT_ASSIGNED_CONTEXT ( ( #1005, #357, #1855 ) ) REPRESENTATION_CONTEXT ( 'NONE', 'WORKASPACE' ) );
#639 = DIRECTION ( 'NONE',  ( -0.000000000000000000, -3.688601711469485225E-17, -1.000000000000000000 ) ) ;
#640 = COLOUR_RGB ( '',1.000000000000000000, 1.000000000000000000, 1.000000000000000000 ) ;
#641 = ORIENTED_EDGE ( 'NONE', *, *, #432, .F. ) ;
#642 = VECTOR ( 'NONE', #1834, 1000.000000000000000 ) ;
#643 = CARTESIAN_POINT ( 'NONE',  ( -1.100000000000000755, 0.9000000000000002442, 0.000000000000000000 ) ) ;
#644 = DIRECTION ( 'NONE',  ( 0.000000000000000000, 1.000000000000000000, 0.000000000000000000 ) ) ;
#645 = SURFACE_SIDE_STYLE ('',( #420 ) ) ;
#646 =( GEOMETRIC_REPRESENTATION_CONTEXT ( 3 ) GLOBAL_UNCERTAINTY_ASSIGNED_CONTEXT ( ( #2042 ) ) GLOBAL_UNIT_ASSIGNED_CONTEXT ( ( #2709, #265, #3962 ) ) REPRESENTATION_CONTEXT ( 'NONE', 'WORKASPACE' ) );
#647 = CARTESIAN_POINT ( 'NONE',  ( 0.000000000000000000, 1.000000000000000000, 0.3499999999999998668 ) ) ;
#648 =( LENGTH_UNIT ( ) NAMED_UNIT ( * ) SI_UNIT ( .MILLI., .METRE. ) );
#649 = ORIENTED_EDGE ( 'NONE', *, *, #2027, .F. ) ;
#650 = FILL_AREA_STYLE_COLOUR ( '', #2293 ) ;
#651 = STYLED_ITEM ( 'NONE', ( #147 ), #2723 ) ;
#652 = VERTEX_POINT ( 'NONE', #1578 ) ;
#653 = LINE ( 'NONE', #2800, #1863 ) ;
#654 = FACE_OUTER_BOUND ( 'NONE', #554, .T. ) ;
#655 = SURFACE_STYLE_USAGE ( .BOTH. , #66 ) ;
#656 = UNCERTAINTY_MEASURE_WITH_UNIT (LENGTH_MEASURE( 1.000000000000000082E-05 ), #511, 'distance_accuracy_value', 'NONE');
#657 = PRESENTATION_STYLE_ASSIGNMENT (( #3419 ) ) ;
#658 = DIRECTION ( 'NONE',  ( 0.000000000000000000, 1.000000000000000000, -3.688601711469484608E-17 ) ) ;
#659 = AXIS2_PLACEMENT_3D ( 'NONE', #846, #3057, #2088 ) ;
#660 = LINE ( 'NONE', #3091, #1673 ) ;
#661 = EDGE_CURVE ( 'NONE', #3185, #3946, #1188, .T. ) ;
#662 = MECHANICAL_DESIGN_GEOMETRIC_PRESENTATION_REPRESENTATION (  '', ( #1443 ), #2219 ) ;
#663 = VECTOR ( 'NONE', #1938, 1000.000000000000000 ) ;
#664 = AXIS2_PLACEMENT_3D ( 'NONE', #125, #3227, #1389 ) ;
#665 = DIRECTION ( 'NONE',  ( -0.000000000000000000, -1.000000000000000000, -0.000000000000000000 ) ) ;
#666 = EDGE_CURVE ( 'NONE', #1886, #3744, #1957, .T. ) ;
#667 = STYLED_ITEM ( 'NONE', ( #1037 ), #780 ) ;
#668 =( NAMED_UNIT ( * ) PLANE_ANGLE_UNIT ( ) SI_UNIT ( $, .RADIAN. ) );
#669 = UNCERTAINTY_MEASURE_WITH_UNIT (LENGTH_MEASURE( 1.000000000000000082E-05 ), #565, 'distance_accuracy_value', 'NONE');
#670 =( NAMED_UNIT ( * ) PLANE_ANGLE_UNIT ( ) SI_UNIT ( $, .RADIAN. ) );
#671 = UNCERTAINTY_MEASURE_WITH_UNIT (LENGTH_MEASURE( 1.000000000000000082E-05 ), #1518, 'distance_accuracy_value', 'NONE');
#672 = CARTESIAN_POINT ( 'NONE',  ( 0.000000000000000000, 0.000000000000000000, 0.2500000000000000000 ) ) ;
#673 = EDGE_LOOP ( 'NONE', ( #2981, #855 ) ) ;
#674 = AXIS2_PLACEMENT_3D ( 'NONE', #3024, #1012, #22 ) ;
#675 = COLOUR_RGB ( '',0.9686274509803921573, 0.8784313725490195957, 0.5999999999999999778 ) ;
#676 = VECTOR ( 'NONE', #3220, 1000.000000000000000 ) ;
#677 = DIRECTION ( 'NONE',  ( 0.000000000000000000, 0.000000000000000000, -1.000000000000000000 ) ) ;
#678 = FILL_AREA_STYLE_COLOUR ( '', #904 ) ;
#679 = APPLICATION_PROTOCOL_DEFINITION ( 'draft international standard', 'automotive_design', 1998, #72 ) ;
#680 = SURFACE_SIDE_STYLE ('',( #3983 ) ) ;
#681 = EDGE_CURVE ( 'NONE', #1013, #629, #2010, .T. ) ;
#682 = FILL_AREA_STYLE ('',( #3447 ) ) ;
#683 = EDGE_LOOP ( 'NONE', ( #3040, #3551, #184, #1561 ) ) ;
#684 = CARTESIAN_POINT ( 'NONE',  ( -0.3000000000000001554, -3.697657839361055120E-17, 0.1499999999999999944 ) ) ;
#685 = ORIENTED_EDGE ( 'NONE', *, *, #1081, .F. ) ;
#686 = MECHANICAL_DESIGN_GEOMETRIC_PRESENTATION_REPRESENTATION (  '', ( #3383 ), #1015 ) ;
#687 = VECTOR ( 'NONE', #2091, 1000.000000000000000 ) ;
#688 = DIRECTION ( 'NONE',  ( -1.224646799147353207E-16, 1.000000000000000000, 0.000000000000000000 ) ) ;
#689 = FACE_BOUND ( 'NONE', #2625, .T. ) ;
#690 = STYLED_ITEM ( 'NONE', ( #467 ), #3174 ) ;
#691 = CIRCLE ( 'NONE', #1292, 0.2500000000000000000 ) ;
#692 = COLOUR_RGB ( '',1.000000000000000000, 1.000000000000000000, 1.000000000000000000 ) ;
#693 = DIRECTION ( 'NONE',  ( -1.000000000000000000, 0.000000000000000000, 0.000000000000000000 ) ) ;
#694 = FILL_AREA_STYLE ('',( #3758 ) ) ;
#695 = DIRECTION ( 'NONE',  ( 0.000000000000000000, 1.000000000000000000, 0.000000000000000000 ) ) ;
#696 = STYLED_ITEM ( 'NONE', ( #2182 ), #1785 ) ;
#697 = ORIENTED_EDGE ( 'NONE', *, *, #3907, .T. ) ;
#698 = EDGE_CURVE ( 'NONE', #2572, #258, #2472, .T. ) ;
#699 = UNCERTAINTY_MEASURE_WITH_UNIT (LENGTH_MEASURE( 1.000000000000000082E-05 ), #1816, 'distance_accuracy_value', 'NONE');
#700 = SURFACE_STYLE_USAGE ( .BOTH. , #1623 ) ;
#701 = PLANE ( 'NONE',  #934 ) ;
#702 = ORIENTED_EDGE ( 'NONE', *, *, #1538, .F. ) ;
#703 = ADVANCED_FACE ( 'NONE', ( #1123 ), #1704, .F. ) ;
#704 = PRESENTATION_STYLE_ASSIGNMENT (( #719 ) ) ;
#705 =( LENGTH_UNIT ( ) NAMED_UNIT ( * ) SI_UNIT ( .MILLI., .METRE. ) );
#706 = ADVANCED_FACE ( 'NONE', ( #2291 ), #789, .F. ) ;
#707 = DIRECTION ( 'NONE',  ( 1.000000000000000000, 0.000000000000000000, 0.000000000000000000 ) ) ;
#708 = SURFACE_STYLE_FILL_AREA ( #2315 ) ;
#709 = CARTESIAN_POINT ( 'NONE',  ( 1.182775011074811618E-16, -0.9316181806841054014, 0.5990149732453686759 ) ) ;
#710 = CARTESIAN_POINT ( 'NONE',  ( -1.100000000000000755, -0.8999999999999999112, 0.1499999999999999944 ) ) ;
#711 = FILL_AREA_STYLE_COLOUR ( '', #1721 ) ;
#712 =( NAMED_UNIT ( * ) PLANE_ANGLE_UNIT ( ) SI_UNIT ( $, .RADIAN. ) );
#713 = VERTEX_POINT ( 'NONE', #1466 ) ;
#714 = CARTESIAN_POINT ( 'NONE',  ( 0.000000000000000000, -1.742810346863235915E-16, 0.1499999999999999944 ) ) ;
#715 = SURFACE_STYLE_USAGE ( .BOTH. , #3487 ) ;
#716 = STYLED_ITEM ( 'NONE', ( #2074 ), #488 ) ;
#717 =( NAMED_UNIT ( * ) SI_UNIT ( $, .STERADIAN. ) SOLID_ANGLE_UNIT ( ) );
#718 = VERTEX_POINT ( 'NONE', #1773 ) ;
#719 = SURFACE_STYLE_USAGE ( .BOTH. , #2588 ) ;
#720 = EDGE_CURVE ( 'NONE', #218, #1273, #2948, .T. ) ;
#721 = SURFACE_SIDE_STYLE ('',( #3473 ) ) ;
#722 = AXIS2_PLACEMENT_3D ( 'NONE', #3751, #2553, #2272 ) ;
#723 =( LENGTH_UNIT ( ) NAMED_UNIT ( * ) SI_UNIT ( .MILLI., .METRE. ) );
#724 = EDGE_CURVE ( 'NONE', #2669, #3666, #2990, .T. ) ;
#725 = CYLINDRICAL_SURFACE ( 'NONE', #501, 1.000000000000000222 ) ;
#726 = CARTESIAN_POINT ( 'NONE',  ( 1.102182119232618034E-16, -0.9000000000000003553, 1.250000000000000000 ) ) ;
#727 = MECHANICAL_DESIGN_GEOMETRIC_PRESENTATION_REPRESENTATION (  '', ( #1336 ), #1777 ) ;
#728 = DIRECTION ( 'NONE',  ( -0.000000000000000000, -0.000000000000000000, -1.000000000000000000 ) ) ;
#729 = FILL_AREA_STYLE ('',( #1676 ) ) ;
#730 = DIRECTION ( 'NONE',  ( -1.000000000000000000, 0.000000000000000000, 0.000000000000000000 ) ) ;
#731 =( NAMED_UNIT ( * ) PLANE_ANGLE_UNIT ( ) SI_UNIT ( $, .RADIAN. ) );
#732 = ORIENTED_EDGE ( 'NONE', *, *, #3093, .F. ) ;
#733 = SURFACE_SIDE_STYLE ('',( #194 ) ) ;
#734 = DIRECTION ( 'NONE',  ( -0.000000000000000000, -3.688601711469485225E-17, -1.000000000000000000 ) ) ;
#735 = TOROIDAL_SURFACE ( 'NONE', #2171, 0.3499999999999999778, 0.1000000000000000056 ) ;
#736 = ORIENTED_EDGE ( 'NONE', *, *, #2612, .T. ) ;
#737 = CARTESIAN_POINT ( 'NONE',  ( 0.000000000000000000, 1.000000000000000000, -3.688601711469485841E-17 ) ) ;
#738 = SURFACE_SIDE_STYLE ('',( #1384 ) ) ;
#739 = DIRECTION ( 'NONE',  ( -0.000000000000000000, -0.000000000000000000, 1.000000000000000000 ) ) ;
#740 = PRESENTATION_LAYER_ASSIGNMENT (  '', '', ( #3193 ) ) ;
#741 = SURFACE_STYLE_FILL_AREA ( #2847 ) ;
#742 =( NAMED_UNIT ( * ) SI_UNIT ( $, .STERADIAN. ) SOLID_ANGLE_UNIT ( ) );
#743 = EDGE_CURVE ( 'NONE', #508, #2285, #3041, .T. ) ;
#744 = AXIS2_PLACEMENT_3D ( 'NONE', #1544, #2462, #235 ) ;
#745 = DIRECTION ( 'NONE',  ( 0.000000000000000000, 1.000000000000000000, -3.688601711469485225E-17 ) ) ;
#746 = SURFACE_STYLE_FILL_AREA ( #3233 ) ;
#747 = STYLED_ITEM ( 'NONE', ( #1793 ), #256 ) ;
#748 = SURFACE_SIDE_STYLE ('',( #1393 ) ) ;
#749 = ADVANCED_FACE ( 'NONE', ( #470 ), #2626, .F. ) ;
#750 = CARTESIAN_POINT ( 'NONE',  ( -1.100000000000000755, -0.8999999999999999112, 0.1499999999999999944 ) ) ;
#751 = AXIS2_PLACEMENT_3D ( 'NONE', #3058, #3908, #1163 ) ;
#752 =( NAMED_UNIT ( * ) PLANE_ANGLE_UNIT ( ) SI_UNIT ( $, .RADIAN. ) );
#753 = VERTEX_POINT ( 'NONE', #3771 ) ;
#754 = LINE ( 'NONE', #1376, #107 ) ;
#755 = EDGE_CURVE ( 'NONE', #491, #1624, #2587, .T. ) ;
#756 =( GEOMETRIC_REPRESENTATION_CONTEXT ( 3 ) GLOBAL_UNCERTAINTY_ASSIGNED_CONTEXT ( ( #669 ) ) GLOBAL_UNIT_ASSIGNED_CONTEXT ( ( #565, #901, #2120 ) ) REPRESENTATION_CONTEXT ( 'NONE', 'WORKASPACE' ) );
#757 = FILL_AREA_STYLE_COLOUR ( '', #2465 ) ;
#758 = CIRCLE ( 'NONE', #2319, 1.150000000000000133 ) ;
#759 = CARTESIAN_POINT ( 'NONE',  ( 0.000000000000000000, 0.000000000000000000, 0.1499999999999999944 ) ) ;
#760 = ORIENTED_EDGE ( 'NONE', *, *, #2771, .F. ) ;
#761 = DIRECTION ( 'NONE',  ( 0.000000000000000000, -1.000000000000000000, 0.000000000000000000 ) ) ;
#762 = STYLED_ITEM ( 'NONE', ( #497 ), #2702 ) ;
#763 = ORIENTED_EDGE ( 'NONE', *, *, #681, .F. ) ;
#764 = FILL_AREA_STYLE ('',( #3535 ) ) ;
#765 = DIRECTION ( 'NONE',  ( 0.000000000000000000, 1.000000000000000000, 0.000000000000000000 ) ) ;
#766 = MECHANICAL_DESIGN_GEOMETRIC_PRESENTATION_REPRESENTATION (  '', ( #1425 ), #2966 ) ;
#767 = EDGE_LOOP ( 'NONE', ( #1237, #685, #1471, #566 ) ) ;
#768 = FACE_OUTER_BOUND ( 'NONE', #1861, .T. ) ;
#769 = FILL_AREA_STYLE_COLOUR ( '', #640 ) ;
#770 =( NAMED_UNIT ( * ) PLANE_ANGLE_UNIT ( ) SI_UNIT ( $, .RADIAN. ) );
#771 = UNCERTAINTY_MEASURE_WITH_UNIT (LENGTH_MEASURE( 1.000000000000000082E-05 ), #628, 'distance_accuracy_value', 'NONE');
#772 = FACE_OUTER_BOUND ( 'NONE', #1120, .T. ) ;
#773 = EDGE_CURVE ( 'NONE', #2783, #3354, #2717, .T. ) ;
#774 = EDGE_LOOP ( 'NONE', ( #2765, #1819, #27, #1070 ) ) ;
#775 = PRESENTATION_STYLE_ASSIGNMENT (( #3544 ) ) ;
#776 = ORIENTED_EDGE ( 'NONE', *, *, #3337, .F. ) ;
#777 = DIRECTION ( 'NONE',  ( -1.224646799147353700E-16, 1.000000000000000000, 0.000000000000000000 ) ) ;
#778 =( GEOMETRIC_REPRESENTATION_CONTEXT ( 3 ) GLOBAL_UNCERTAINTY_ASSIGNED_CONTEXT ( ( #3486 ) ) GLOBAL_UNIT_ASSIGNED_CONTEXT ( ( #294, #216, #1181 ) ) REPRESENTATION_CONTEXT ( 'NONE', 'WORKASPACE' ) );
#779 = LINE ( 'NONE', #1118, #532 ) ;
#780 = ADVANCED_FACE ( 'NONE', ( #3409 ), #3965, .T. ) ;
#781 = FILL_AREA_STYLE_COLOUR ( '', #1912 ) ;
#782 = EDGE_LOOP ( 'NONE', ( #538, #2131, #3025, #2127 ) ) ;
#783 = CIRCLE ( 'NONE', #1697, 0.2500000000000000000 ) ;
#784 = CARTESIAN_POINT ( 'NONE',  ( 0.000000000000000000, -1.909233357364748665E-16, 0.7026266533477543152 ) ) ;
#785 = FILL_AREA_STYLE ('',( #3893 ) ) ;
#786 =( GEOMETRIC_REPRESENTATION_CONTEXT ( 3 ) GLOBAL_UNCERTAINTY_ASSIGNED_CONTEXT ( ( #3406 ) ) GLOBAL_UNIT_ASSIGNED_CONTEXT ( ( #3915, #3868, #2055 ) ) REPRESENTATION_CONTEXT ( 'NONE', 'WORKASPACE' ) );
#787 = AXIS2_PLACEMENT_3D ( 'NONE', #2330, #410, #1369 ) ;
#788 = SURFACE_STYLE_USAGE ( .BOTH. , #3250 ) ;
#789 = TOROIDAL_SURFACE ( 'NONE', #2093, 0.3499999999999998668, 0.1000000000000000194 ) ;
#790 = CARTESIAN_POINT ( 'NONE',  ( 0.000000000000000000, -1.000000000000000222, 0.7634530849698735189 ) ) ;
#791 = VECTOR ( 'NONE', #1207, 1000.000000000000000 ) ;
#792 = ORIENTED_EDGE ( 'NONE', *, *, #432, .T. ) ;
#793 = VERTEX_POINT ( 'NONE', #3655 ) ;
#794 = UNCERTAINTY_MEASURE_WITH_UNIT (LENGTH_MEASURE( 1.000000000000000082E-05 ), #2422, 'distance_accuracy_value', 'NONE');
#795 = DIRECTION ( 'NONE',  ( -1.000000000000000000, 0.000000000000000000, 0.000000000000000000 ) ) ;
#796 = CARTESIAN_POINT ( 'NONE',  ( -1.100000000000000755, -0.8999999999999999112, 0.1499999999999999944 ) ) ;
#797 = FILL_AREA_STYLE ('',( #1592 ) ) ;
#798 = AXIS2_PLACEMENT_3D ( 'NONE', #1687, #739, #1991 ) ;
#799 = PRESENTATION_STYLE_ASSIGNMENT (( #1413 ) ) ;
#800 = CONICAL_SURFACE ( 'NONE', #3892, 1.000000000000000000, 0.8438061517931664257 ) ;
#801 = ORIENTED_EDGE ( 'NONE', *, *, #1907, .F. ) ;
#802 =( LENGTH_UNIT ( ) NAMED_UNIT ( * ) SI_UNIT ( .MILLI., .METRE. ) );
#803 = SURFACE_STYLE_USAGE ( .BOTH. , #3574 ) ;
#804 = ORIENTED_EDGE ( 'NONE', *, *, #1803, .F. ) ;
#805 = DIRECTION ( 'NONE',  ( 1.000000000000000000, 1.224646799147353207E-16, -4.517234279280554097E-33 ) ) ;
#806 = FACE_OUTER_BOUND ( 'NONE', #3270, .T. ) ;
#807 = EDGE_CURVE ( 'NONE', #3666, #3465, #546, .T. ) ;
#808 = VECTOR ( 'NONE', #3128, 1000.000000000000114 ) ;
#809 = SURFACE_SIDE_STYLE ('',( #2295 ) ) ;
#810 = SURFACE_STYLE_FILL_AREA ( #180 ) ;
#811 =( LENGTH_UNIT ( ) NAMED_UNIT ( * ) SI_UNIT ( .MILLI., .METRE. ) );
#812 = EDGE_CURVE ( 'NONE', #1594, #1945, #3673, .T. ) ;
#813 = ORIENTED_EDGE ( 'NONE', *, *, #97, .F. ) ;
#814 = VERTEX_POINT ( 'NONE', #1839 ) ;
#815 =( LENGTH_UNIT ( ) NAMED_UNIT ( * ) SI_UNIT ( .MILLI., .METRE. ) );
#816 = SURFACE_SIDE_STYLE ('',( #187 ) ) ;
#817 =( LENGTH_UNIT ( ) NAMED_UNIT ( * ) SI_UNIT ( .MILLI., .METRE. ) );
#818 = VECTOR ( 'NONE', #1340, 1000.000000000000000 ) ;
#819 = AXIS2_PLACEMENT_3D ( 'NONE', #3523, #3822, #777 ) ;
#820 = UNCERTAINTY_MEASURE_WITH_UNIT (LENGTH_MEASURE( 1.000000000000000082E-05 ), #802, 'distance_accuracy_value', 'NONE');
#821 = DIRECTION ( 'NONE',  ( 0.000000000000000000, 0.000000000000000000, 1.000000000000000000 ) ) ;
#822 = CONICAL_SURFACE ( 'NONE', #1016, 1.000000000000000000, 0.8438061517931664257 ) ;
#823 = ORIENTED_EDGE ( 'NONE', *, *, #3418, .T. ) ;
#824 = AXIS2_PLACEMENT_3D ( 'NONE', #874, #3255, #3899 ) ;
#825 = MECHANICAL_DESIGN_GEOMETRIC_PRESENTATION_REPRESENTATION (  '', ( #1414 ), #2382 ) ;
#826 =( LENGTH_UNIT ( ) NAMED_UNIT ( * ) SI_UNIT ( .MILLI., .METRE. ) );
#827 = PRESENTATION_STYLE_ASSIGNMENT (( #122 ) ) ;
#828 = EDGE_LOOP ( 'NONE', ( #1169, #3435, #763, #3344, #915, #1138 ) ) ;
#829 = DIRECTION ( 'NONE',  ( 1.224646799147353207E-16, 1.000000000000000000, 0.000000000000000000 ) ) ;
#830 = CARTESIAN_POINT ( 'NONE',  ( 0.000000000000000000, 0.000000000000000000, 0.3499999999999999778 ) ) ;
#831 = ADVANCED_FACE ( 'NONE', ( #3625 ), #291, .T. ) ;
#832 = SURFACE_STYLE_USAGE ( .BOTH. , #1788 ) ;
#833 = PRESENTATION_STYLE_ASSIGNMENT (( #1145 ) ) ;
#834 = MECHANICAL_DESIGN_GEOMETRIC_PRESENTATION_REPRESENTATION (  '', ( #2067 ), #3603 ) ;
#835 = DIRECTION ( 'NONE',  ( -1.000000000000000000, -2.502005013428087573E-16, 0.000000000000000000 ) ) ;
#836 = VERTEX_POINT ( 'NONE', #1235 ) ;
#837 = EDGE_CURVE ( 'NONE', #1890, #2652, #2150, .T. ) ;
#838 = ORIENTED_EDGE ( 'NONE', *, *, #68, .T. ) ;
#839 = STYLED_ITEM ( 'NONE', ( #3794 ), #2950 ) ;
#840 = DIRECTION ( 'NONE',  ( -0.000000000000000000, -3.688601711469485225E-17, -1.000000000000000000 ) ) ;
#841 =( NAMED_UNIT ( * ) SI_UNIT ( $, .STERADIAN. ) SOLID_ANGLE_UNIT ( ) );
#842 = SURFACE_SIDE_STYLE ('',( #3876 ) ) ;
#843 = CARTESIAN_POINT ( 'NONE',  ( -1.100000000000000755, -0.8999999999999999112, 0.1499999999999999944 ) ) ;
#844 = ORIENTED_EDGE ( 'NONE', *, *, #311, .T. ) ;
#845 = CARTESIAN_POINT ( 'NONE',  ( 0.000000000000000000, 0.000000000000000000, 0.1499999999999999667 ) ) ;
#846 = CARTESIAN_POINT ( 'NONE',  ( 0.000000000000000000, -1.886796909386355383E-16, 0.7634530849698735189 ) ) ;
#847 = ORIENTED_EDGE ( 'NONE', *, *, #1038, .T. ) ;
#848 = PRESENTATION_LAYER_ASSIGNMENT (  '', '', ( #3034 ) ) ;
#849 = SURFACE_STYLE_USAGE ( .BOTH. , #3662 ) ;
#850 = SURFACE_STYLE_FILL_AREA ( #203 ) ;
#851 = PRESENTATION_LAYER_ASSIGNMENT (  '', '', ( #716 ) ) ;
#852 = VECTOR ( 'NONE', #2242, 1000.000000000000114 ) ;
#853 = ADVANCED_FACE ( 'NONE', ( #1023 ), #3795, .T. ) ;
#854 = ORIENTED_EDGE ( 'NONE', *, *, #3450, .T. ) ;
#855 = ORIENTED_EDGE ( 'NONE', *, *, #837, .T. ) ;
#856 = STYLED_ITEM ( 'NONE', ( #3072 ), #831 ) ;
#857 = FILL_AREA_STYLE_COLOUR ( '', #2687 ) ;
#858 = PRESENTATION_STYLE_ASSIGNMENT (( #1775 ) ) ;
#859 = EDGE_CURVE ( 'NONE', #1602, #2029, #1652, .T. ) ;
#860 = PRESENTATION_LAYER_ASSIGNMENT (  '', '', ( #341 ) ) ;
#861 = FILL_AREA_STYLE_COLOUR ( '', #2781 ) ;
#862 = SURFACE_STYLE_USAGE ( .BOTH. , #3641 ) ;
#863 = ORIENTED_EDGE ( 'NONE', *, *, #2873, .T. ) ;
#864 = PRESENTATION_LAYER_ASSIGNMENT (  '', '', ( #278 ) ) ;
#865 = CARTESIAN_POINT ( 'NONE',  ( 1.300000000000000266, -1.100000000000000089, 0.3499999999999999778 ) ) ;
#866 = CARTESIAN_POINT ( 'NONE',  ( 0.000000000000000000, -2.168404344971008868E-16, 0.000000000000000000 ) ) ;
#867 = LINE ( 'NONE', #3421, #2109 ) ;
#868 = CARTESIAN_POINT ( 'NONE',  ( -1.100000000000000755, 0.9000000000000002442, 0.1499999999999999944 ) ) ;
#869 = ORIENTED_EDGE ( 'NONE', *, *, #3806, .F. ) ;
#870 = DIRECTION ( 'NONE',  ( -0.000000000000000000, -3.688601711469485225E-17, -1.000000000000000000 ) ) ;
#871 = CARTESIAN_POINT ( 'NONE',  ( -1.100000000000000089, 1.099999999999999645, 0.3499999999999999778 ) ) ;
#872 = EDGE_LOOP ( 'NONE', ( #2352, #3984 ) ) ;
#873 = VERTEX_POINT ( 'NONE', #3189 ) ;
#874 = CARTESIAN_POINT ( 'NONE',  ( 0.000000000000000000, -1.050000000000000044, 0.3000000000000000444 ) ) ;
#875 = DIRECTION ( 'NONE',  ( -0.000000000000000000, 1.000000000000000000, -0.000000000000000000 ) ) ;
#876 = FILL_AREA_STYLE ('',( #3309 ) ) ;
#877 =( NAMED_UNIT ( * ) SI_UNIT ( $, .STERADIAN. ) SOLID_ANGLE_UNIT ( ) );
#878 = PRESENTATION_STYLE_ASSIGNMENT (( #862 ) ) ;
#879 = ORIENTED_EDGE ( 'NONE', *, *, #859, .T. ) ;
#880 = EDGE_CURVE ( 'NONE', #258, #2572, #3498, .T. ) ;
#881 = SURFACE_STYLE_FILL_AREA ( #3675 ) ;
#882 = AXIS2_PLACEMENT_3D ( 'NONE', #3403, #132, #485 ) ;
#883 = DIRECTION ( 'NONE',  ( 1.000000000000000000, 0.000000000000000000, -0.000000000000000000 ) ) ;
#884 = PRESENTATION_LAYER_ASSIGNMENT (  '', '', ( #1927 ) ) ;
#885 = DIRECTION ( 'NONE',  ( 0.000000000000000000, 3.688601711469485225E-17, 1.000000000000000000 ) ) ;
#886 = CIRCLE ( 'NONE', #1020, 0.5000000000000000000 ) ;
#887 = VECTOR ( 'NONE', #77, 1000.000000000000000 ) ;
#888 = PRESENTATION_LAYER_ASSIGNMENT (  '', '', ( #375 ) ) ;
#889 = ORIENTED_EDGE ( 'NONE', *, *, #3644, .T. ) ;
#890 = CARTESIAN_POINT ( 'NONE',  ( 0.000000000000000000, 0.000000000000000000, 0.2500000000000000000 ) ) ;
#891 = MECHANICAL_DESIGN_GEOMETRIC_PRESENTATION_REPRESENTATION (  '', ( #1866 ), #2122 ) ;
#892 = COLOUR_RGB ( '',1.000000000000000000, 1.000000000000000000, 1.000000000000000000 ) ;
#893 = LINE ( 'NONE', #285, #791 ) ;
#894 = ORIENTED_EDGE ( 'NONE', *, *, #2392, .F. ) ;
#895 = MECHANICAL_DESIGN_GEOMETRIC_PRESENTATION_REPRESENTATION (  '', ( #2824 ), #965 ) ;
#896 = DIRECTION ( 'NONE',  ( 0.000000000000000000, -0.000000000000000000, 1.000000000000000000 ) ) ;
#897 = DIRECTION ( 'NONE',  ( -0.000000000000000000, -0.000000000000000000, 1.000000000000000000 ) ) ;
#898 = FACE_OUTER_BOUND ( 'NONE', #3610, .T. ) ;
#899 = MECHANICAL_DESIGN_GEOMETRIC_PRESENTATION_REPRESENTATION (  '', ( #762 ), #3612 ) ;
#900 = CARTESIAN_POINT ( 'NONE',  ( 0.000000000000000000, 0.000000000000000000, 0.1499999999999999944 ) ) ;
#901 =( NAMED_UNIT ( * ) PLANE_ANGLE_UNIT ( ) SI_UNIT ( $, .RADIAN. ) );
#902 = ORIENTED_EDGE ( 'NONE', *, *, #2589, .F. ) ;
#903 =( NAMED_UNIT ( * ) PLANE_ANGLE_UNIT ( ) SI_UNIT ( $, .RADIAN. ) );
#904 = COLOUR_RGB ( '',0.9686274509803921573, 0.8784313725490195957, 0.5999999999999999778 ) ;
#905 = ADVANCED_FACE ( 'NONE', ( #3901 ), #3634, .F. ) ;
#906 = CARTESIAN_POINT ( 'NONE',  ( 0.000000000000000000, -2.113075319298966596E-16, 0.1499999999999999389 ) ) ;
#907 =( NAMED_UNIT ( * ) SI_UNIT ( $, .STERADIAN. ) SOLID_ANGLE_UNIT ( ) );
#908 =( GEOMETRIC_REPRESENTATION_CONTEXT ( 3 ) GLOBAL_UNCERTAINTY_ASSIGNED_CONTEXT ( ( #2636 ) ) GLOBAL_UNIT_ASSIGNED_CONTEXT ( ( #1780, #3120, #310 ) ) REPRESENTATION_CONTEXT ( 'NONE', 'WORKASPACE' ) );
#909 = ADVANCED_FACE ( 'NONE', ( #966 ), #1228, .T. ) ;
#910 = UNCERTAINTY_MEASURE_WITH_UNIT (LENGTH_MEASURE( 1.000000000000000082E-05 ), #811, 'distance_accuracy_value', 'NONE');
#911 =( NAMED_UNIT ( * ) PLANE_ANGLE_UNIT ( ) SI_UNIT ( $, .RADIAN. ) );
#912 = VERTEX_POINT ( 'NONE', #2172 ) ;
#913 = MECHANICAL_DESIGN_GEOMETRIC_PRESENTATION_REPRESENTATION (  '', ( #74 ), #778 ) ;
#914 = DIRECTION ( 'NONE',  ( -0.000000000000000000, -0.000000000000000000, 1.000000000000000000 ) ) ;
#915 = ORIENTED_EDGE ( 'NONE', *, *, #63, .F. ) ;
#916 = SURFACE_STYLE_USAGE ( .BOTH. , #3667 ) ;
#917 = LINE ( 'NONE', #2176, #516 ) ;
#918 = CIRCLE ( 'NONE', #1253, 1.000000000000000000 ) ;
#919 = DIRECTION ( 'NONE',  ( -0.000000000000000000, -0.000000000000000000, -1.000000000000000000 ) ) ;
#920 = VECTOR ( 'NONE', #582, 1000.000000000000000 ) ;
#921 =( NAMED_UNIT ( * ) SI_UNIT ( $, .STERADIAN. ) SOLID_ANGLE_UNIT ( ) );
#922 = CIRCLE ( 'NONE', #3681, 0.1999999999999999833 ) ;
#923 = ORIENTED_EDGE ( 'NONE', *, *, #2463, .F. ) ;
#924 = SURFACE_STYLE_USAGE ( .BOTH. , #3947 ) ;
#925 = STYLED_ITEM ( 'NONE', ( #1391 ), #853 ) ;
#926 = PRESENTATION_LAYER_ASSIGNMENT (  '', '', ( #3438 ) ) ;
#927 = AXIS2_PLACEMENT_3D ( 'NONE', #2868, #1949, #2576 ) ;
#928 = FILL_AREA_STYLE ('',( #295 ) ) ;
#929 = ORIENTED_EDGE ( 'NONE', *, *, #1220, .F. ) ;
#930 = DIRECTION ( 'NONE',  ( -0.000000000000000000, -0.000000000000000000, -1.000000000000000000 ) ) ;
#931 =( GEOMETRIC_REPRESENTATION_CONTEXT ( 3 ) GLOBAL_UNCERTAINTY_ASSIGNED_CONTEXT ( ( #2957 ) ) GLOBAL_UNIT_ASSIGNED_CONTEXT ( ( #159, #533, #1125 ) ) REPRESENTATION_CONTEXT ( 'NONE', 'WORKASPACE' ) );
#932 =( NAMED_UNIT ( * ) SI_UNIT ( $, .STERADIAN. ) SOLID_ANGLE_UNIT ( ) );
#933 = ORIENTED_EDGE ( 'NONE', *, *, #2629, .F. ) ;
#934 = AXIS2_PLACEMENT_3D ( 'NONE', #3488, #2820, #1944 ) ;
#935 = CARTESIAN_POINT ( 'NONE',  ( 0.5034595668679463509, 0.000000000000000000, 0.1499999999999999667 ) ) ;
#936 = EDGE_CURVE ( 'NONE', #2652, #1890, #276, .T. ) ;
#937 =( NAMED_UNIT ( * ) SI_UNIT ( $, .STERADIAN. ) SOLID_ANGLE_UNIT ( ) );
#938 = FACE_BOUND ( 'NONE', #673, .T. ) ;
#939 = ORIENTED_EDGE ( 'NONE', *, *, #13, .F. ) ;
#940 = LINE ( 'NONE', #1557, #241 ) ;
#941 = CARTESIAN_POINT ( 'NONE',  ( -0.2999999999999999889, 0.4043161330825918998, 1.050000000000000044 ) ) ;
#942 =( NAMED_UNIT ( * ) SI_UNIT ( $, .STERADIAN. ) SOLID_ANGLE_UNIT ( ) );
#943 =( NAMED_UNIT ( * ) SI_UNIT ( $, .STERADIAN. ) SOLID_ANGLE_UNIT ( ) );
#944 = EDGE_LOOP ( 'NONE', ( #179, #55, #2967, #3368 ) ) ;
#945 = COLOUR_RGB ( '',0.9686274509803921573, 0.8784313725490195957, 0.5999999999999999778 ) ;
#946 = SURFACE_STYLE_USAGE ( .BOTH. , #1564 ) ;
#947 =( NAMED_UNIT ( * ) SI_UNIT ( $, .STERADIAN. ) SOLID_ANGLE_UNIT ( ) );
#948 = DIRECTION ( 'NONE',  ( 1.000000000000000000, 0.000000000000000000, 0.000000000000000000 ) ) ;
#949 = CIRCLE ( 'NONE', #238, 1.000000000000000000 ) ;
#950 = DIRECTION ( 'NONE',  ( 0.000000000000000000, 1.000000000000000000, 0.000000000000000000 ) ) ;
#951 = UNCERTAINTY_MEASURE_WITH_UNIT (LENGTH_MEASURE( 1.000000000000000082E-05 ), #815, 'distance_accuracy_value', 'NONE');
#952 = DIRECTION ( 'NONE',  ( -0.000000000000000000, -0.000000000000000000, 1.000000000000000000 ) ) ;
#953 = VERTEX_POINT ( 'NONE', #3959 ) ;
#954 = VECTOR ( 'NONE', #1862, 1000.000000000000000 ) ;
#955 = CARTESIAN_POINT ( 'NONE',  ( 0.000000000000000000, 0.000000000000000000, 1.050000000000000044 ) ) ;
#956 = COLOUR_RGB ( '',1.000000000000000000, 1.000000000000000000, 1.000000000000000000 ) ;
#957 = EDGE_CURVE ( 'NONE', #2689, #218, #893, .T. ) ;
#958 = DIRECTION ( 'NONE',  ( -0.000000000000000000, -0.000000000000000000, -1.000000000000000000 ) ) ;
#959 = EDGE_LOOP ( 'NONE', ( #1573, #1916, #1619, #1542, #3061, #2914 ) ) ;
#960 = DIRECTION ( 'NONE',  ( 1.000000000000000000, 0.000000000000000000, 0.000000000000000000 ) ) ;
#961 = FACE_OUTER_BOUND ( 'NONE', #606, .T. ) ;
#962 =( NAMED_UNIT ( * ) SI_UNIT ( $, .STERADIAN. ) SOLID_ANGLE_UNIT ( ) );
#963 = EDGE_CURVE ( 'NONE', #1199, #330, #1534, .T. ) ;
#964 = CARTESIAN_POINT ( 'NONE',  ( -1.100000000000000089, 1.299999999999999822, 0.3499999999999999778 ) ) ;
#965 =( GEOMETRIC_REPRESENTATION_CONTEXT ( 3 ) GLOBAL_UNCERTAINTY_ASSIGNED_CONTEXT ( ( #3852 ) ) GLOBAL_UNIT_ASSIGNED_CONTEXT ( ( #2633, #2334, #414 ) ) REPRESENTATION_CONTEXT ( 'NONE', 'WORKASPACE' ) );
#966 = FACE_OUTER_BOUND ( 'NONE', #1832, .T. ) ;
#967 = FILL_AREA_STYLE ('',( #3739 ) ) ;
#968 = DIRECTION ( 'NONE',  ( -0.000000000000000000, -0.000000000000000000, 1.000000000000000000 ) ) ;
#969 = PLANE ( 'NONE',  #3430 ) ;
#970 = LINE ( 'NONE', #2229, #175 ) ;
#971 = FILL_AREA_STYLE ('',( #2245 ) ) ;
#972 = DIRECTION ( 'NONE',  ( 1.000000000000000000, 0.000000000000000000, 0.000000000000000000 ) ) ;
#973 = VERTEX_POINT ( 'NONE', #1274 ) ;
#974 = FILL_AREA_STYLE ('',( #3731 ) ) ;
#975 = SURFACE_SIDE_STYLE ('',( #3454 ) ) ;
#976 = DIRECTION ( 'NONE',  ( -0.000000000000000000, -0.000000000000000000, 1.000000000000000000 ) ) ;
#977 = ORIENTED_EDGE ( 'NONE', *, *, #2560, .T. ) ;
#978 =( NAMED_UNIT ( * ) PLANE_ANGLE_UNIT ( ) SI_UNIT ( $, .RADIAN. ) );
#979 = FILL_AREA_STYLE ('',( #65 ) ) ;
#980 =( NAMED_UNIT ( * ) PLANE_ANGLE_UNIT ( ) SI_UNIT ( $, .RADIAN. ) );
#981 = EDGE_CURVE ( 'NONE', #271, #5, #2454, .T. ) ;
#982 = CIRCLE ( 'NONE', #1247, 0.5034595668679463509 ) ;
#983 = UNCERTAINTY_MEASURE_WITH_UNIT (LENGTH_MEASURE( 1.000000000000000082E-05 ), #3345, 'distance_accuracy_value', 'NONE');
#984 = CARTESIAN_POINT ( 'NONE',  ( 0.000000000000000000, 0.000000000000000000, 0.9499999999999998446 ) ) ;
#985 = FILL_AREA_STYLE ('',( #3671 ) ) ;
#986 =( GEOMETRIC_REPRESENTATION_CONTEXT ( 3 ) GLOBAL_UNCERTAINTY_ASSIGNED_CONTEXT ( ( #699 ) ) GLOBAL_UNIT_ASSIGNED_CONTEXT ( ( #1816, #2135, #877 ) ) REPRESENTATION_CONTEXT ( 'NONE', 'WORKASPACE' ) );
#987 = PRESENTATION_STYLE_ASSIGNMENT (( #69 ) ) ;
#988 = FACE_OUTER_BOUND ( 'NONE', #2586, .T. ) ;
#989 = COLOUR_RGB ( '',0.9686274509803921573, 0.8784313725490195957, 0.5999999999999999778 ) ;
#990 = DIRECTION ( 'NONE',  ( -0.000000000000000000, 0.000000000000000000, 1.000000000000000000 ) ) ;
#991 = ORIENTED_EDGE ( 'NONE', *, *, #3188, .F. ) ;
#992 = VECTOR ( 'NONE', #2935, 1000.000000000000000 ) ;
#993 = UNCERTAINTY_MEASURE_WITH_UNIT (LENGTH_MEASURE( 1.000000000000000082E-05 ), #648, 'distance_accuracy_value', 'NONE');
#994 = COLOUR_RGB ( '',0.9686274509803921573, 0.8784313725490195957, 0.5999999999999999778 ) ;
#995 = DIRECTION ( 'NONE',  ( 0.000000000000000000, 1.000000000000000000, 0.000000000000000000 ) ) ;
#996 = COLOUR_RGB ( '',0.9686274509803921573, 0.8784313725490195957, 0.5999999999999999778 ) ;
#997 = FILL_AREA_STYLE_COLOUR ( '', #1063 ) ;
#998 = EDGE_LOOP ( 'NONE', ( #3580, #2183, #2867, #1752 ) ) ;
#999 = AXIS2_PLACEMENT_3D ( 'NONE', #2237, #688, #1628 ) ;
#1000 = STYLED_ITEM ( 'NONE', ( #1984 ), #1400 ) ;
#1001 = FILL_AREA_STYLE_COLOUR ( '', #3949 ) ;
#1002 = CARTESIAN_POINT ( 'NONE',  ( 0.000000000000000000, 0.000000000000000000, 0.2500000000000000000 ) ) ;
#1003 = AXIS2_PLACEMENT_3D ( 'NONE', #955, #2236, #1892 ) ;
#1004 =( NAMED_UNIT ( * ) SI_UNIT ( $, .STERADIAN. ) SOLID_ANGLE_UNIT ( ) );
#1005 =( LENGTH_UNIT ( ) NAMED_UNIT ( * ) SI_UNIT ( .MILLI., .METRE. ) );
#1006 = DIRECTION ( 'NONE',  ( 0.000000000000000000, 0.000000000000000000, 1.000000000000000000 ) ) ;
#1007 = EDGE_CURVE ( 'NONE', #1467, #3788, #3046, .T. ) ;
#1008 = ORIENTED_EDGE ( 'NONE', *, *, #2143, .T. ) ;
#1009 = STYLED_ITEM ( 'NONE', ( #1973 ), #453 ) ;
#1010 = CARTESIAN_POINT ( 'NONE',  ( 1.140903223002270028E-16, -0.9316181806841054014, 0.5990149732453686759 ) ) ;
#1011 = EDGE_CURVE ( 'NONE', #504, #1135, #2491, .T. ) ;
#1012 = DIRECTION ( 'NONE',  ( 0.000000000000000000, 0.000000000000000000, -1.000000000000000000 ) ) ;
#1013 = VERTEX_POINT ( 'NONE', #2657 ) ;
#1014 = PRESENTATION_STYLE_ASSIGNMENT (( #2823 ) ) ;
#1015 =( GEOMETRIC_REPRESENTATION_CONTEXT ( 3 ) GLOBAL_UNCERTAINTY_ASSIGNED_CONTEXT ( ( #3970 ) ) GLOBAL_UNIT_ASSIGNED_CONTEXT ( ( #3317, #3696, #376 ) ) REPRESENTATION_CONTEXT ( 'NONE', 'WORKASPACE' ) );
#1016 = AXIS2_PLACEMENT_3D ( 'NONE', #1440, #2664, #136 ) ;
#1017 = FACE_OUTER_BOUND ( 'NONE', #3162, .T. ) ;
#1018 = FILL_AREA_STYLE_COLOUR ( '', #3677 ) ;
#1019 = COLOUR_RGB ( '',0.9686274509803921573, 0.8784313725490195957, 0.5999999999999999778 ) ;
#1020 = AXIS2_PLACEMENT_3D ( 'NONE', #3713, #1874, #304 ) ;
#1021 = COLOUR_RGB ( '',0.9686274509803921573, 0.8784313725490195957, 0.5999999999999999778 ) ;
#1022 = MECHANICAL_DESIGN_GEOMETRIC_PRESENTATION_REPRESENTATION (  '', ( #3463 ), #1472 ) ;
#1023 = FACE_OUTER_BOUND ( 'NONE', #3282, .T. ) ;
#1024 = PRESENTATION_LAYER_ASSIGNMENT (  '', '', ( #2191 ) ) ;
#1025 = DIRECTION ( 'NONE',  ( -0.000000000000000000, -0.000000000000000000, 1.000000000000000000 ) ) ;
#1026 = FILL_AREA_STYLE_COLOUR ( '', #2574 ) ;
#1027 = MECHANICAL_DESIGN_GEOMETRIC_PRESENTATION_REPRESENTATION (  '', ( #3724 ), #756 ) ;
#1028 = FACE_OUTER_BOUND ( 'NONE', #3827, .T. ) ;
#1029 = ORIENTED_EDGE ( 'NONE', *, *, #2365, .T. ) ;
#1030 = VECTOR ( 'NONE', #3754, 1000.000000000000000 ) ;
#1031 = CARTESIAN_POINT ( 'NONE',  ( -1.100000000000000755, -0.8999999999999999112, 0.1499999999999999944 ) ) ;
#1032 = ADVANCED_FACE ( 'NONE', ( #1738, #938 ), #3650, .T. ) ;
#1033 = UNCERTAINTY_MEASURE_WITH_UNIT (LENGTH_MEASURE( 1.000000000000000082E-05 ), #2960, 'distance_accuracy_value', 'NONE');
#1034 = DIRECTION ( 'NONE',  ( -1.000000000000000000, 0.000000000000000000, -0.000000000000000000 ) ) ;
#1035 = CARTESIAN_POINT ( 'NONE',  ( 0.09999999999999988065, 0.000000000000000000, 0.2500000000000001110 ) ) ;
#1036 = EDGE_LOOP ( 'NONE', ( #303, #1282, #3051, #2696, #1814 ) ) ;
#1037 = PRESENTATION_STYLE_ASSIGNMENT (( #3789 ) ) ;
#1038 = EDGE_CURVE ( 'NONE', #486, #2436, #3364, .T. ) ;
#1039 = VECTOR ( 'NONE', #2849, 1000.000000000000000 ) ;
#1040 = SURFACE_STYLE_FILL_AREA ( #1337 ) ;
#1041 = CARTESIAN_POINT ( 'NONE',  ( 1.224646799147353454E-16, -1.000000000000000444, 3.688601711469485841E-17 ) ) ;
#1042 = PRODUCT_DEFINITION_CONTEXT ( 'detailed design', #429, 'design' ) ;
#1043 = DIRECTION ( 'NONE',  ( -0.000000000000000000, -3.688601711469485225E-17, -1.000000000000000000 ) ) ;
#1044 = COLOUR_RGB ( '',0.9686274509803921573, 0.8784313725490195957, 0.5999999999999999778 ) ;
#1045 = CARTESIAN_POINT ( 'NONE',  ( 1.100000000000000311, -1.100000000000000089, 0.3499999999999999778 ) ) ;
#1046 = FILL_AREA_STYLE_COLOUR ( '', #53 ) ;
#1047 = ORIENTED_EDGE ( 'NONE', *, *, #1784, .T. ) ;
#1048 = LINE ( 'NONE', #2065, #498 ) ;
#1049 = MECHANICAL_DESIGN_GEOMETRIC_PRESENTATION_REPRESENTATION (  '', ( #2534 ), #3297 ) ;
#1050 = AXIS2_PLACEMENT_3D ( 'NONE', #448, #1405, #3775 ) ;
#1051 = PLANE ( 'NONE',  #2774 ) ;
#1052 = FILL_AREA_STYLE_COLOUR ( '', #349 ) ;
#1053 = ADVANCED_FACE ( 'NONE', ( #1017 ), #3734, .T. ) ;
#1054 = ORIENTED_EDGE ( 'NONE', *, *, #2605, .T. ) ;
#1055 = PRESENTATION_LAYER_ASSIGNMENT (  '', '', ( #339 ) ) ;
#1056 = DIRECTION ( 'NONE',  ( -1.000000000000000000, 0.000000000000000000, 0.000000000000000000 ) ) ;
#1057 =( LENGTH_UNIT ( ) NAMED_UNIT ( * ) SI_UNIT ( .MILLI., .METRE. ) );
#1058 = VECTOR ( 'NONE', #958, 1000.000000000000000 ) ;
#1059 = LINE ( 'NONE', #2012, #1709 ) ;
#1060 = EDGE_CURVE ( 'NONE', #2244, #3035, #1972, .T. ) ;
#1061 = PRESENTATION_LAYER_ASSIGNMENT (  '', '', ( #1969 ) ) ;
#1062 = CYLINDRICAL_SURFACE ( 'NONE', #664, 1.150000000000000133 ) ;
#1063 = COLOUR_RGB ( '',0.9686274509803921573, 0.8784313725490195957, 0.5999999999999999778 ) ;
#1064 = ADVANCED_FACE ( 'NONE', ( #2798 ), #2575, .T. ) ;
#1065 = SURFACE_STYLE_FILL_AREA ( #3813 ) ;
#1066 = CARTESIAN_POINT ( 'NONE',  ( 0.000000000000000000, 0.000000000000000000, 0.1499999999999999667 ) ) ;
#1067 = CARTESIAN_POINT ( 'NONE',  ( 0.5034595668679463509, 0.000000000000000000, 0.000000000000000000 ) ) ;
#1068 = FILL_AREA_STYLE ('',( #129 ) ) ;
#1069 = CARTESIAN_POINT ( 'NONE',  ( -1.100000000000000755, 0.9000000000000002442, 0.000000000000000000 ) ) ;
#1070 = ORIENTED_EDGE ( 'NONE', *, *, #2928, .T. ) ;
#1071 = DIRECTION ( 'NONE',  ( 8.340016711426957754E-17, -1.000000000000000000, 0.000000000000000000 ) ) ;
#1072 = ORIENTED_EDGE ( 'NONE', *, *, #2173, .T. ) ;
#1073 = CARTESIAN_POINT ( 'NONE',  ( 1.100000000000000755, 0.9000000000000002442, 0.000000000000000000 ) ) ;
#1074 = FACE_OUTER_BOUND ( 'NONE', #683, .T. ) ;
#1075 = FACE_OUTER_BOUND ( 'NONE', #3871, .T. ) ;
#1076 = MECHANICAL_DESIGN_GEOMETRIC_PRESENTATION_REPRESENTATION (  '', ( #3586 ), #298 ) ;
#1078 =( NAMED_UNIT ( * ) SI_UNIT ( $, .STERADIAN. ) SOLID_ANGLE_UNIT ( ) );
#1077 = PRESENTATION_LAYER_ASSIGNMENT (  '', '', ( #2743 ) ) ;
#1079 = DIRECTION ( 'NONE',  ( -0.000000000000000000, 1.000000000000000000, -0.000000000000000000 ) ) ;
#1080 = LINE ( 'NONE', #1670, #1698 ) ;
#1081 = EDGE_CURVE ( 'NONE', #1273, #2212, #1842, .T. ) ;
#1082 = COLOUR_RGB ( '',0.9686274509803921573, 0.8784313725490195957, 0.5999999999999999778 ) ;
#1083 = EDGE_LOOP ( 'NONE', ( #847, #2480, #2551, #3712 ) ) ;
#1084 = UNCERTAINTY_MEASURE_WITH_UNIT (LENGTH_MEASURE( 1.000000000000000082E-05 ), #2460, 'distance_accuracy_value', 'NONE');
#1085 = DIRECTION ( 'NONE',  ( -2.502005013428087080E-16, 1.000000000000000000, -0.000000000000000000 ) ) ;
#1086 = CARTESIAN_POINT ( 'NONE',  ( 0.000000000000000000, 0.000000000000000000, 0.1499999999999999944 ) ) ;
#1087 = AXIS2_PLACEMENT_3D ( 'NONE', #2349, #3577, #2030 ) ;
#1088 = AXIS2_PLACEMENT_3D ( 'NONE', #3660, #1568, #3022 ) ;
#1089 = EDGE_CURVE ( 'NONE', #152, #1245, #1593, .T. ) ;
#1090 = TOROIDAL_SURFACE ( 'NONE', #2381, 1.050000000000000044, 0.2000000000000000666 ) ;
#1091 = SURFACE_SIDE_STYLE ('',( #3566 ) ) ;
#1092 = COLOUR_RGB ( '',0.9686274509803921573, 0.8784313725490195957, 0.5999999999999999778 ) ;
#1093 = FACE_OUTER_BOUND ( 'NONE', #3838, .T. ) ;
#1094 = CARTESIAN_POINT ( 'NONE',  ( 1.100000000000000755, -0.8999999999999999112, 0.1499999999999999944 ) ) ;
#1095 = ORIENTED_EDGE ( 'NONE', *, *, #163, .T. ) ;
#1096 = DIRECTION ( 'NONE',  ( 0.000000000000000000, -1.000000000000000000, 0.000000000000000000 ) ) ;
#1097 = VECTOR ( 'NONE', #21, 1000.000000000000000 ) ;
#1098 = DIRECTION ( 'NONE',  ( 0.000000000000000000, 0.000000000000000000, -1.000000000000000000 ) ) ;
#1099 = FACE_OUTER_BOUND ( 'NONE', #3017, .T. ) ;
#1100 = VERTEX_POINT ( 'NONE', #368 ) ;
#1101 = PRESENTATION_STYLE_ASSIGNMENT (( #1703 ) ) ;
#1102 = FILL_AREA_STYLE ('',( #2843 ) ) ;
#1103 = PRODUCT ( '零件4', '零件4', '', ( #3475 ) ) ;
#1104 = VECTOR ( 'NONE', #1306, 1000.000000000000000 ) ;
#1105 = ORIENTED_EDGE ( 'NONE', *, *, #1368, .F. ) ;
#1106 = STYLED_ITEM ( 'NONE', ( #1176 ), #2793 ) ;
#1107 = CARTESIAN_POINT ( 'NONE',  ( -1.100000000000000755, 0.9000000000000002442, 0.000000000000000000 ) ) ;
#1108 = DIRECTION ( 'NONE',  ( 0.000000000000000000, 0.000000000000000000, 1.000000000000000000 ) ) ;
#1109 =( LENGTH_UNIT ( ) NAMED_UNIT ( * ) SI_UNIT ( .MILLI., .METRE. ) );
#1110 = UNCERTAINTY_MEASURE_WITH_UNIT (LENGTH_MEASURE( 1.000000000000000082E-05 ), #2419, 'distance_accuracy_value', 'NONE');
#1111 = UNCERTAINTY_MEASURE_WITH_UNIT (LENGTH_MEASURE( 1.000000000000000082E-05 ), #3854, 'distance_accuracy_value', 'NONE');
#1112 = PRODUCT_DEFINITION_FORMATION_WITH_SPECIFIED_SOURCE ( '任何', '', #1103, .NOT_KNOWN. ) ;
#1113 = FILL_AREA_STYLE_COLOUR ( '', #2691 ) ;
#1114 = ORIENTED_EDGE ( 'NONE', *, *, #3517, .T. ) ;
#1115 = EDGE_CURVE ( 'NONE', #2572, #1407, #2096, .T. ) ;
#1116 = PRESENTATION_STYLE_ASSIGNMENT (( #118 ) ) ;
#1117 = PRESENTATION_LAYER_ASSIGNMENT (  '', '', ( #74 ) ) ;
#1118 = CARTESIAN_POINT ( 'NONE',  ( 1.099999999999999645, 1.299999999999999822, 0.3499999999999999778 ) ) ;
#1119 = SURFACE_STYLE_FILL_AREA ( #3861 ) ;
#1120 = EDGE_LOOP ( 'NONE', ( #1787, #1072, #2532, #3180 ) ) ;
#1121 = PRESENTATION_LAYER_ASSIGNMENT (  '', '', ( #2534 ) ) ;
#1122 = CARTESIAN_POINT ( 'NONE',  ( -1.300000000000000266, 1.299999999999999822, 0.000000000000000000 ) ) ;
#1123 = FACE_OUTER_BOUND ( 'NONE', #1349, .T. ) ;
#1124 = MECHANICAL_DESIGN_GEOMETRIC_PRESENTATION_REPRESENTATION (  '', ( #2342 ), #17 ) ;
#1125 =( NAMED_UNIT ( * ) SI_UNIT ( $, .STERADIAN. ) SOLID_ANGLE_UNIT ( ) );
#1126 = ORIENTED_EDGE ( 'NONE', *, *, #344, .F. ) ;
#1127 = DIRECTION ( 'NONE',  ( 2.502005013428087573E-16, -1.000000000000000000, 0.000000000000000000 ) ) ;
#1128 = MECHANICAL_DESIGN_GEOMETRIC_PRESENTATION_REPRESENTATION (  '', ( #2721 ), #1774 ) ;
#1129 = ORIENTED_EDGE ( 'NONE', *, *, #743, .T. ) ;
#1130 = ORIENTED_EDGE ( 'NONE', *, *, #1234, .F. ) ;
#1131 = DIRECTION ( 'NONE',  ( -8.340016711426958986E-17, 1.000000000000000000, 0.000000000000000000 ) ) ;
#1132 = CARTESIAN_POINT ( 'NONE',  ( -0.3499999999999998668, 4.286263797015734746E-17, 0.2500000000000000000 ) ) ;
#1133 = DIRECTION ( 'NONE',  ( 0.000000000000000000, 0.000000000000000000, -1.000000000000000000 ) ) ;
#1134 = STYLED_ITEM ( 'NONE', ( #3264 ), #1462 ) ;
#1135 = VERTEX_POINT ( 'NONE', #2683 ) ;
#1136 = EDGE_CURVE ( 'NONE', #3821, #174, #3594, .T. ) ;
#1137 = DIRECTION ( 'NONE',  ( -0.000000000000000000, -0.000000000000000000, 1.000000000000000000 ) ) ;
#1138 = ORIENTED_EDGE ( 'NONE', *, *, #1807, .F. ) ;
#1139 = PLANE ( 'NONE',  #2883 ) ;
#1140 = FILL_AREA_STYLE_COLOUR ( '', #79 ) ;
#1141 =( NAMED_UNIT ( * ) PLANE_ANGLE_UNIT ( ) SI_UNIT ( $, .RADIAN. ) );
#1142 = EDGE_CURVE ( 'NONE', #1945, #1135, #1059, .T. ) ;
#1143 = CARTESIAN_POINT ( 'NONE',  ( 0.000000000000000000, -1.707329131037323184E-16, 1.250000000000000000 ) ) ;
#1144 = FILL_AREA_STYLE_COLOUR ( '', #989 ) ;
#1145 = SURFACE_STYLE_USAGE ( .BOTH. , #3616 ) ;
#1146 =( NAMED_UNIT ( * ) SI_UNIT ( $, .STERADIAN. ) SOLID_ANGLE_UNIT ( ) );
#1147 = CONICAL_SURFACE ( 'NONE', #3703, 0.9316181806841051793, 0.8807338347784543497 ) ;
#1148 = EDGE_LOOP ( 'NONE', ( #280, #400, #214, #1164 ) ) ;
#1149 = ORIENTED_EDGE ( 'NONE', *, *, #1654, .F. ) ;
#1150 = LINE ( 'NONE', #1732, #1354 ) ;
#1151 = DIRECTION ( 'NONE',  ( -1.224646799147353454E-16, 1.000000000000000000, 0.000000000000000000 ) ) ;
#1152 = LINE ( 'NONE', #2748, #319 ) ;
#1153 = AXIS2_PLACEMENT_3D ( 'NONE', #1996, #1025, #1674 ) ;
#1154 = AXIS2_PLACEMENT_3D ( 'NONE', #3126, #1283, #1942 ) ;
#1155 = PRESENTATION_LAYER_ASSIGNMENT (  '', '', ( #2568 ) ) ;
#1156 = DIRECTION ( 'NONE',  ( -0.000000000000000000, -0.000000000000000000, -1.000000000000000000 ) ) ;
#1157 = SURFACE_STYLE_FILL_AREA ( #524 ) ;
#1158 = ORIENTED_EDGE ( 'NONE', *, *, #1388, .T. ) ;
#1159 = DIRECTION ( 'NONE',  ( 0.000000000000000000, 1.000000000000000000, 0.000000000000000000 ) ) ;
#1160 = STYLED_ITEM ( 'NONE', ( #704 ), #3192 ) ;
#1161 = STYLED_ITEM ( 'NONE', ( #1585 ), #1611 ) ;
#1162 = PLANE ( 'NONE',  #2087 ) ;
#1163 = DIRECTION ( 'NONE',  ( -1.000000000000000000, 0.000000000000000000, 0.000000000000000000 ) ) ;
#1164 = ORIENTED_EDGE ( 'NONE', *, *, #3541, .T. ) ;
#1165 = PRESENTATION_LAYER_ASSIGNMENT (  '', '', ( #696 ) ) ;
#1166 = CARTESIAN_POINT ( 'NONE',  ( 0.2999999999999999889, 1.549999999999999822, 0.1499999999999999944 ) ) ;
#1167 = ADVANCED_FACE ( 'NONE', ( #1075 ), #3511, .F. ) ;
#1168 = SURFACE_SIDE_STYLE ('',( #2719 ) ) ;
#1169 = ORIENTED_EDGE ( 'NONE', *, *, #1060, .T. ) ;
#1170 = CARTESIAN_POINT ( 'NONE',  ( 0.000000000000000000, 0.000000000000000000, 0.9499999999999998446 ) ) ;
#1171 = FILL_AREA_STYLE ('',( #1812 ) ) ;
#1172 = ORIENTED_EDGE ( 'NONE', *, *, #807, .T. ) ;
#1173 = VERTEX_POINT ( 'NONE', #3847 ) ;
#1174 = VERTEX_POINT ( 'NONE', #1401 ) ;
#1175 = CARTESIAN_POINT ( 'NONE',  ( -1.100000000000000755, 0.9000000000000002442, 0.1499999999999999944 ) ) ;
#1176 = PRESENTATION_STYLE_ASSIGNMENT (( #2692 ) ) ;
#1177 = CARTESIAN_POINT ( 'NONE',  ( -1.100000000000000755, -0.8999999999999999112, 0.1499999999999999944 ) ) ;
#1178 = FILL_AREA_STYLE_COLOUR ( '', #3532 ) ;
#1179 = ORIENTED_EDGE ( 'NONE', *, *, #2338, .F. ) ;
#1180 = CARTESIAN_POINT ( 'NONE',  ( 0.000000000000000000, -1.968271954121953514E-16, 0.5425698042343681804 ) ) ;
#1181 =( NAMED_UNIT ( * ) SI_UNIT ( $, .STERADIAN. ) SOLID_ANGLE_UNIT ( ) );
#1182 = SURFACE_STYLE_USAGE ( .BOTH. , #1280 ) ;
#1183 = LINE ( 'NONE', #2411, #2376 ) ;
#1184 = VECTOR ( 'NONE', #2206, 1000.000000000000000 ) ;
#1185 = FACE_OUTER_BOUND ( 'NONE', #944, .T. ) ;
#1186 = ORIENTED_EDGE ( 'NONE', *, *, #3023, .F. ) ;
#1187 =( NAMED_UNIT ( * ) SI_UNIT ( $, .STERADIAN. ) SOLID_ANGLE_UNIT ( ) );
#1188 = CIRCLE ( 'NONE', #2536, 0.5000000000000000000 ) ;
#1189 = EDGE_CURVE ( 'NONE', #1708, #508, #3179, .T. ) ;
#1190 = ORIENTED_EDGE ( 'NONE', *, *, #3590, .F. ) ;
#1191 = MECHANICAL_DESIGN_GEOMETRIC_PRESENTATION_REPRESENTATION (  '', ( #856 ), #1640 ) ;
#1192 = DIRECTION ( 'NONE',  ( 0.000000000000000000, 0.000000000000000000, -1.000000000000000000 ) ) ;
#1193 = FILL_AREA_STYLE_COLOUR ( '', #2066 ) ;
#1194 = DIRECTION ( 'NONE',  ( 1.224646799147353207E-16, 1.000000000000000000, 0.000000000000000000 ) ) ;
#1195 = COLOUR_RGB ( '',0.9686274509803921573, 0.8784313725490195957, 0.5999999999999999778 ) ;
#1196 = MECHANICAL_DESIGN_GEOMETRIC_PRESENTATION_REPRESENTATION (  '', ( #3365 ), #1837 ) ;
#1197 = ADVANCED_FACE ( 'NONE', ( #3206 ), #3248, .T. ) ;
#1198 = FILL_AREA_STYLE ('',( #1178 ) ) ;
#1199 = VERTEX_POINT ( 'NONE', #1748 ) ;
#1200 = COLOUR_RGB ( '',0.9686274509803921573, 0.8784313725490195957, 0.5999999999999999778 ) ;
#1201 = CARTESIAN_POINT ( 'NONE',  ( 0.000000000000000000, 0.000000000000000000, 0.2500000000000001110 ) ) ;
#1202 = CARTESIAN_POINT ( 'NONE',  ( 0.000000000000000000, 0.000000000000000000, 0.3499999999999999778 ) ) ;
#1203 = MECHANICAL_DESIGN_GEOMETRIC_PRESENTATION_REPRESENTATION (  '', ( #2100 ), #3444 ) ;
#1204 = CARTESIAN_POINT ( 'NONE',  ( 1.100000000000000755, 0.9000000000000002442, 0.1499999999999999944 ) ) ;
#1205 = CARTESIAN_POINT ( 'NONE',  ( 0.000000000000000000, 0.000000000000000000, 0.1499999999999999944 ) ) ;
#1206 = ORIENTED_EDGE ( 'NONE', *, *, #3219, .T. ) ;
#1207 = DIRECTION ( 'NONE',  ( 1.000000000000000000, 0.000000000000000000, 0.000000000000000000 ) ) ;
#1208 = ORIENTED_EDGE ( 'NONE', *, *, #3828, .T. ) ;
#1209 = FACE_OUTER_BOUND ( 'NONE', #1980, .T. ) ;
#1210 =( NAMED_UNIT ( * ) PLANE_ANGLE_UNIT ( ) SI_UNIT ( $, .RADIAN. ) );
#1211 = EDGE_CURVE ( 'NONE', #912, #2323, #3887, .T. ) ;
#1212 = FILL_AREA_STYLE ('',( #190 ) ) ;
#1213 = SURFACE_STYLE_USAGE ( .BOTH. , #2788 ) ;
#1214 =( LENGTH_UNIT ( ) NAMED_UNIT ( * ) SI_UNIT ( .MILLI., .METRE. ) );
#1215 =( NAMED_UNIT ( * ) PLANE_ANGLE_UNIT ( ) SI_UNIT ( $, .RADIAN. ) );
#1216 = ORIENTED_EDGE ( 'NONE', *, *, #3063, .F. ) ;
#1217 = PRESENTATION_LAYER_ASSIGNMENT (  '', '', ( #3383 ) ) ;
#1218 = CARTESIAN_POINT ( 'NONE',  ( 1.071565949253934272E-16, -0.8500000000000003109, 1.200000000000000178 ) ) ;
#1219 = COLOUR_RGB ( '',1.000000000000000000, 1.000000000000000000, 1.000000000000000000 ) ;
#1220 = EDGE_CURVE ( 'NONE', #1852, #3679, #480, .T. ) ;
#1221 = DIRECTION ( 'NONE',  ( -2.502005013428087573E-16, 1.000000000000000000, 0.000000000000000000 ) ) ;
#1222 = VERTEX_POINT ( 'NONE', #1244 ) ;
#1223 = VECTOR ( 'NONE', #1587, 1000.000000000000000 ) ;
#1224 =( GEOMETRIC_REPRESENTATION_CONTEXT ( 3 ) GLOBAL_UNCERTAINTY_ASSIGNED_CONTEXT ( ( #2208 ) ) GLOBAL_UNIT_ASSIGNED_CONTEXT ( ( #1693, #712, #3260 ) ) REPRESENTATION_CONTEXT ( 'NONE', 'WORKASPACE' ) );
#1225 = ORIENTED_EDGE ( 'NONE', *, *, #724, .F. ) ;
#1226 = CARTESIAN_POINT ( 'NONE',  ( 1.500000000000000000, -0.9000000000000000222, 0.1499999999999999944 ) ) ;
#1227 = VECTOR ( 'NONE', #2261, 1000.000000000000000 ) ;
#1228 = CYLINDRICAL_SURFACE ( 'NONE', #2915, 0.9316181806841051793 ) ;
#1229 = ORIENTED_EDGE ( 'NONE', *, *, #1948, .F. ) ;
#1230 = FILL_AREA_STYLE ('',( #3052 ) ) ;
#1231 = PRESENTATION_STYLE_ASSIGNMENT (( #3601 ) ) ;
#1232 = SURFACE_STYLE_USAGE ( .BOTH. , #1302 ) ;
#1233 = SURFACE_STYLE_USAGE ( .BOTH. , #47 ) ;
#1234 = EDGE_CURVE ( 'NONE', #3384, #2268, #2353, .T. ) ;
#1235 = CARTESIAN_POINT ( 'NONE',  ( 0.2999999999999999334, 1.299999999999999822, 0.000000000000000000 ) ) ;
#1236 = CARTESIAN_POINT ( 'NONE',  ( 0.3499999999999998668, 0.000000000000000000, 0.2500000000000000000 ) ) ;
#1237 = ORIENTED_EDGE ( 'NONE', *, *, #1883, .F. ) ;
#1238 = CARTESIAN_POINT ( 'NONE',  ( 1.500000000000000000, 0.9000000000000002442, 0.1499999999999999944 ) ) ;
#1239 = CYLINDRICAL_SURFACE ( 'NONE', #536, 1.000000000000000000 ) ;
#1240 =( NAMED_UNIT ( * ) PLANE_ANGLE_UNIT ( ) SI_UNIT ( $, .RADIAN. ) );
#1241 = DIRECTION ( 'NONE',  ( -0.000000000000000000, -3.688601711469485225E-17, -1.000000000000000000 ) ) ;
#1242 = UNCERTAINTY_MEASURE_WITH_UNIT (LENGTH_MEASURE( 1.000000000000000082E-05 ), #723, 'distance_accuracy_value', 'NONE');
#1243 = EDGE_CURVE ( 'NONE', #953, #2783, #2547, .T. ) ;
#1244 = CARTESIAN_POINT ( 'NONE',  ( -0.2500000000000000000, 0.000000000000000000, 0.2500000000000000000 ) ) ;
#1245 = VERTEX_POINT ( 'NONE', #3379 ) ;
#1246 =( LENGTH_UNIT ( ) NAMED_UNIT ( * ) SI_UNIT ( .MILLI., .METRE. ) );
#1247 = AXIS2_PLACEMENT_3D ( 'NONE', #3728, #1965, #3802 ) ;
#1248 = ORIENTED_EDGE ( 'NONE', *, *, #3828, .F. ) ;
#1249 = FILL_AREA_STYLE_COLOUR ( '', #1643 ) ;
#1250 = EDGE_LOOP ( 'NONE', ( #3252, #2159, #3104, #929 ) ) ;
#1251 =( LENGTH_UNIT ( ) NAMED_UNIT ( * ) SI_UNIT ( .MILLI., .METRE. ) );
#1252 = CARTESIAN_POINT ( 'NONE',  ( -1.300000000000000044, -1.300000000000000266, 0.3499999999999999778 ) ) ;
#1253 = AXIS2_PLACEMENT_3D ( 'NONE', #2281, #2043, #1999 ) ;
#1254 = SURFACE_STYLE_USAGE ( .BOTH. , #1301 ) ;
#1255 = CIRCLE ( 'NONE', #787, 0.1999999999999999833 ) ;
#1256 =( NAMED_UNIT ( * ) PLANE_ANGLE_UNIT ( ) SI_UNIT ( $, .RADIAN. ) );
#1257 = PRESENTATION_STYLE_ASSIGNMENT (( #1233 ) ) ;
#1258 = PRESENTATION_LAYER_ASSIGNMENT (  '', '', ( #3750 ) ) ;
#1259 = VERTEX_POINT ( 'NONE', #3971 ) ;
#1260 = MECHANICAL_DESIGN_GEOMETRIC_PRESENTATION_REPRESENTATION (  '', ( #3948 ), #2345 ) ;
#1261 = SURFACE_STYLE_USAGE ( .BOTH. , #2226 ) ;
#1262 = MECHANICAL_DESIGN_GEOMETRIC_PRESENTATION_REPRESENTATION (  '', ( #2477 ), #2599 ) ;
#1263 =( NAMED_UNIT ( * ) SI_UNIT ( $, .STERADIAN. ) SOLID_ANGLE_UNIT ( ) );
#1264 = ADVANCED_FACE ( 'NONE', ( #3647 ), #2432, .F. ) ;
#1265 = MECHANICAL_DESIGN_GEOMETRIC_PRESENTATION_REPRESENTATION (  '', ( #3633 ), #2032 ) ;
#1266 = FILL_AREA_STYLE ('',( #1888 ) ) ;
#1267 = MECHANICAL_DESIGN_GEOMETRIC_PRESENTATION_REPRESENTATION (  '', ( #2161 ), #3182 ) ;
#1268 = FILL_AREA_STYLE ('',( #1645 ) ) ;
#1269 = ORIENTED_EDGE ( 'NONE', *, *, #1755, .T. ) ;
#1270 = AXIS2_PLACEMENT_3D ( 'NONE', #672, #1928, #100 ) ;
#1271 = CARTESIAN_POINT ( 'NONE',  ( 0.000000000000000000, -2.039303285069577064E-16, 0.3499999999999999223 ) ) ;
#1272 = ADVANCED_FACE ( 'NONE', ( #1185 ), #2391, .T. ) ;
#1273 = VERTEX_POINT ( 'NONE', #1846 ) ;
#1274 = CARTESIAN_POINT ( 'NONE',  ( -1.100000000000000755, -0.8999999999999999112, 0.1499999999999999944 ) ) ;
#1275 = ORIENTED_EDGE ( 'NONE', *, *, #1211, .F. ) ;
#1276 = DIRECTION ( 'NONE',  ( -0.000000000000000000, -0.000000000000000000, 1.000000000000000000 ) ) ;
#1277 = DIRECTION ( 'NONE',  ( 0.000000000000000000, 1.000000000000000000, -5.421010862427520937E-17 ) ) ;
#1278 = UNCERTAINTY_MEASURE_WITH_UNIT (LENGTH_MEASURE( 1.000000000000000082E-05 ), #1246, 'distance_accuracy_value', 'NONE');
#1279 = CARTESIAN_POINT ( 'NONE',  ( 0.000000000000000000, 0.000000000000000000, 0.000000000000000000 ) ) ;
#1280 = SURFACE_SIDE_STYLE ('',( #2833 ) ) ;
#1281 = SURFACE_STYLE_USAGE ( .BOTH. , #680 ) ;
#1282 = ORIENTED_EDGE ( 'NONE', *, *, #3318, .T. ) ;
#1283 = DIRECTION ( 'NONE',  ( -0.000000000000000000, -0.000000000000000000, -1.000000000000000000 ) ) ;
#1284 = UNCERTAINTY_MEASURE_WITH_UNIT (LENGTH_MEASURE( 1.000000000000000082E-05 ), #3129, 'distance_accuracy_value', 'NONE');
#1285 = CIRCLE ( 'NONE', #3836, 0.9000000000000001332 ) ;
#1286 = AXIS2_PLACEMENT_3D ( 'NONE', #1201, #2386, #1522 ) ;
#1287 = FACE_OUTER_BOUND ( 'NONE', #3522, .T. ) ;
#1288 = UNCERTAINTY_MEASURE_WITH_UNIT (LENGTH_MEASURE( 1.000000000000000082E-05 ), #3009, 'distance_accuracy_value', 'NONE');
#1289 = LINE ( 'NONE', #2192, #2550 ) ;
#1290 = EDGE_CURVE ( 'NONE', #486, #1739, #1809, .T. ) ;
#1291 = EDGE_LOOP ( 'NONE', ( #3890, #2358, #117, #1508, #419, #422 ) ) ;
#1292 = AXIS2_PLACEMENT_3D ( 'NONE', #3415, #3691, #2217 ) ;
#1293 = COLOUR_RGB ( '',0.9686274509803921573, 0.8784313725490195957, 0.5999999999999999778 ) ;
#1294 = SURFACE_STYLE_USAGE ( .BOTH. , #348 ) ;
#1295 = AXIS2_PLACEMENT_3D ( 'NONE', #3224, #2624, #3845 ) ;
#1296 = AXIS2_PLACEMENT_3D ( 'NONE', #1939, #399, #95 ) ;
#1297 = EDGE_CURVE ( 'NONE', #361, #330, #1786, .T. ) ;
#1298 = ORIENTED_EDGE ( 'NONE', *, *, #1931, .T. ) ;
#1299 = SURFACE_STYLE_USAGE ( .BOTH. , #1595 ) ;
#1300 = MECHANICAL_DESIGN_GEOMETRIC_PRESENTATION_REPRESENTATION (  '', ( #696 ), #638 ) ;
#1301 = SURFACE_SIDE_STYLE ('',( #2517 ) ) ;
#1302 = SURFACE_SIDE_STYLE ('',( #2180 ) ) ;
#1303 = CARTESIAN_POINT ( 'NONE',  ( -0.2999999999999999889, 1.549999999999999822, 0.1499999999999999944 ) ) ;
#1304 = ORIENTED_EDGE ( 'NONE', *, *, #88, .T. ) ;
#1305 = CARTESIAN_POINT ( 'NONE',  ( -1.300000000000000044, -0.7999999999999988232, 0.3499999999999999778 ) ) ;
#1306 = DIRECTION ( 'NONE',  ( 0.000000000000000000, 0.000000000000000000, 1.000000000000000000 ) ) ;
#1307 = COLOUR_RGB ( '',0.9686274509803921573, 0.8784313725490195957, 0.5999999999999999778 ) ;
#1308 = CARTESIAN_POINT ( 'NONE',  ( -1.100000000000000755, -0.8999999999999999112, 0.1499999999999999944 ) ) ;
#1309 = DIRECTION ( 'NONE',  ( -0.000000000000000000, -3.688601711469485225E-17, -1.000000000000000000 ) ) ;
#1310 = ORIENTED_EDGE ( 'NONE', *, *, #2231, .T. ) ;
#1311 =( LENGTH_UNIT ( ) NAMED_UNIT ( * ) SI_UNIT ( .MILLI., .METRE. ) );
#1312 = LINE ( 'NONE', #1010, #808 ) ;
#1313 = DIRECTION ( 'NONE',  ( -1.000000000000000000, 1.224646799147353947E-16, 0.000000000000000000 ) ) ;
#1314 = EDGE_LOOP ( 'NONE', ( #2725, #3312, #3526, #2684, #1749, #2822 ) ) ;
#1315 = DIRECTION ( 'NONE',  ( 1.000000000000000000, -0.000000000000000000, -0.000000000000000000 ) ) ;
#1316 = CARTESIAN_POINT ( 'NONE',  ( -0.2999999999999999889, -1.110180165558726451, 0.1499999999999999944 ) ) ;
#1317 = DIRECTION ( 'NONE',  ( -0.000000000000000000, -3.688601711469485225E-17, -1.000000000000000000 ) ) ;
#1318 = EDGE_CURVE ( 'NONE', #1407, #1222, #2227, .T. ) ;
#1319 = CARTESIAN_POINT ( 'NONE',  ( 0.000000000000000000, 0.000000000000000000, 0.2500000000000001110 ) ) ;
#1320 = MECHANICAL_DESIGN_GEOMETRIC_PRESENTATION_REPRESENTATION (  '', ( #1953 ), #3940 ) ;
#1321 = SURFACE_STYLE_FILL_AREA ( #694 ) ;
#1322 = PRESENTATION_STYLE_ASSIGNMENT (( #3722 ) ) ;
#1323 = AXIS2_PLACEMENT_3D ( 'NONE', #2904, #199, #3266 ) ;
#1324 = AXIS2_PLACEMENT_3D ( 'NONE', #2852, #2298, #707 ) ;
#1325 = PRESENTATION_LAYER_ASSIGNMENT (  '', '', ( #2539 ) ) ;
#1326 = FACE_OUTER_BOUND ( 'NONE', #3851, .T. ) ;
#1327 = SURFACE_SIDE_STYLE ('',( #335 ) ) ;
#1328 = ORIENTED_EDGE ( 'NONE', *, *, #2146, .F. ) ;
#1329 = AXIS2_PLACEMENT_3D ( 'NONE', #1170, #2651, #2310 ) ;
#1330 = PRESENTATION_STYLE_ASSIGNMENT (( #1962 ) ) ;
#1331 = UNCERTAINTY_MEASURE_WITH_UNIT (LENGTH_MEASURE( 1.000000000000000082E-05 ), #2005, 'distance_accuracy_value', 'NONE');
#1332 = PRESENTATION_LAYER_ASSIGNMENT (  '', '', ( #2286 ) ) ;
#1333 = VERTEX_POINT ( 'NONE', #1035 ) ;
#1334 = STYLED_ITEM ( 'NONE', ( #2905 ), #1167 ) ;
#1335 = COLOUR_RGB ( '',0.9686274509803921573, 0.8784313725490195957, 0.5999999999999999778 ) ;
#1336 = STYLED_ITEM ( 'NONE', ( #217 ), #1489 ) ;
#1337 = FILL_AREA_STYLE ('',( #3436 ) ) ;
#1338 = DIRECTION ( 'NONE',  ( -0.000000000000000000, -0.000000000000000000, 1.000000000000000000 ) ) ;
#1339 = CARTESIAN_POINT ( 'NONE',  ( -1.100000000000000089, 1.099999999999999645, 0.3499999999999999778 ) ) ;
#1340 = DIRECTION ( 'NONE',  ( -0.000000000000000000, -0.000000000000000000, -1.000000000000000000 ) ) ;
#1341 = FACE_OUTER_BOUND ( 'NONE', #292, .T. ) ;
#1342 = ADVANCED_FACE ( 'NONE', ( #345 ), #1390, .T. ) ;
#1343 =( GEOMETRIC_REPRESENTATION_CONTEXT ( 3 ) GLOBAL_UNCERTAINTY_ASSIGNED_CONTEXT ( ( #1919 ) ) GLOBAL_UNIT_ASSIGNED_CONTEXT ( ( #482, #3481, #2639 ) ) REPRESENTATION_CONTEXT ( 'NONE', 'WORKASPACE' ) );
#1344 = FILL_AREA_STYLE ('',( #3161 ) ) ;
#1345 = ORIENTED_EDGE ( 'NONE', *, *, #2294, .F. ) ;
#1346 = EDGE_CURVE ( 'NONE', #2618, #456, #1289, .T. ) ;
#1347 = FACE_OUTER_BOUND ( 'NONE', #1925, .T. ) ;
#1348 =( NAMED_UNIT ( * ) SI_UNIT ( $, .STERADIAN. ) SOLID_ANGLE_UNIT ( ) );
#1349 = EDGE_LOOP ( 'NONE', ( #760, #193, #1206, #2346 ) ) ;
#1350 = CIRCLE ( 'NONE', #1153, 0.2500000000000000000 ) ;
#1351 = SURFACE_STYLE_FILL_AREA ( #1102 ) ;
#1352 = STYLED_ITEM ( 'NONE', ( #1720 ), #2449 ) ;
#1353 = AXIS2_PLACEMENT_3D ( 'NONE', #2607, #3244, #829 ) ;
#1354 = VECTOR ( 'NONE', #1131, 1000.000000000000000 ) ;
#1355 = AXIS2_PLACEMENT_3D ( 'NONE', #714, #3144, #948 ) ;
#1356 = FILL_AREA_STYLE ('',( #2889 ) ) ;
#1357 = STYLED_ITEM ( 'NONE', ( #1371 ), #1914 ) ;
#1358 = DIRECTION ( 'NONE',  ( 0.7071067811865463515, -0.7071067811865487940, 0.000000000000000000 ) ) ;
#1359 = SURFACE_STYLE_USAGE ( .BOTH. , #3256 ) ;
#1360 = FILL_AREA_STYLE_COLOUR ( '', #128 ) ;
#1361 = SURFACE_SIDE_STYLE ('',( #2283 ) ) ;
#1362 = ORIENTED_EDGE ( 'NONE', *, *, #2098, .F. ) ;
#1363 = CARTESIAN_POINT ( 'NONE',  ( 0.000000000000000000, -0.5034595668679463509, 0.1499999999999999944 ) ) ;
#1364 = AXIS2_PLACEMENT_3D ( 'NONE', #3069, #639, #1277 ) ;
#1365 =( NAMED_UNIT ( * ) PLANE_ANGLE_UNIT ( ) SI_UNIT ( $, .RADIAN. ) );
#1366 = EDGE_LOOP ( 'NONE', ( #792, #623 ) ) ;
#1367 = LINE ( 'NONE', #3405, #290 ) ;
#1368 = EDGE_CURVE ( 'NONE', #2285, #3448, #3119, .T. ) ;
#1369 = DIRECTION ( 'NONE',  ( 1.000000000000000000, 0.000000000000000000, 0.000000000000000000 ) ) ;
#1370 = CARTESIAN_POINT ( 'NONE',  ( -1.050000000000001599, -1.049999999999998046, 0.3499999999999999778 ) ) ;
#1371 = PRESENTATION_STYLE_ASSIGNMENT (( #1359 ) ) ;
#1372 = CIRCLE ( 'NONE', #659, 1.000000000000000000 ) ;
#1373 =( NAMED_UNIT ( * ) PLANE_ANGLE_UNIT ( ) SI_UNIT ( $, .RADIAN. ) );
#1374 = FACE_OUTER_BOUND ( 'NONE', #3109, .T. ) ;
#1375 = ORIENTED_EDGE ( 'NONE', *, *, #3050, .T. ) ;
#1376 = CARTESIAN_POINT ( 'NONE',  ( -1.300000000000000266, 1.299999999999999822, 0.3499999999999999778 ) ) ;
#1377 = AXIS2_PLACEMENT_3D ( 'NONE', #14, #1584, #1959 ) ;
#1378 = PRESENTATION_LAYER_ASSIGNMENT (  '', '', ( #667 ) ) ;
#1379 = FACE_OUTER_BOUND ( 'NONE', #3456, .T. ) ;
#1380 = VERTEX_POINT ( 'NONE', #1915 ) ;
#1381 = LINE ( 'NONE', #1122, #2058 ) ;
#1382 = PRESENTATION_STYLE_ASSIGNMENT (( #2681 ) ) ;
#1383 = ADVANCED_FACE ( 'NONE', ( #3768 ), #701, .F. ) ;
#1384 = SURFACE_STYLE_FILL_AREA ( #423 ) ;
#1385 = VECTOR ( 'NONE', #246, 1000.000000000000000 ) ;
#1386 =( NAMED_UNIT ( * ) PLANE_ANGLE_UNIT ( ) SI_UNIT ( $, .RADIAN. ) );
#1387 = CARTESIAN_POINT ( 'NONE',  ( -1.100000000000000755, 0.9000000000000002442, 0.1499999999999999944 ) ) ;
#1388 = EDGE_CURVE ( 'NONE', #3306, #514, #3053, .T. ) ;
#1389 = DIRECTION ( 'NONE',  ( 1.000000000000000000, 0.000000000000000000, 0.000000000000000000 ) ) ;
#1390 = TOROIDAL_SURFACE ( 'NONE', #1270, 0.3499999999999998668, 0.2500000000000000000 ) ;
#1391 = PRESENTATION_STYLE_ASSIGNMENT (( #2832 ) ) ;
#1392 = CARTESIAN_POINT ( 'NONE',  ( 0.5000000000000000000, 6.123233995736766036E-17, 0.1499999999999999944 ) ) ;
#1393 = SURFACE_STYLE_FILL_AREA ( #2317 ) ;
#1394 = EDGE_LOOP ( 'NONE', ( #3097, #249, #3202, #2732 ) ) ;
#1395 = CARTESIAN_POINT ( 'NONE',  ( 0.000000000000000000, 0.000000000000000000, 0.9499999999999998446 ) ) ;
#1396 =( NAMED_UNIT ( * ) SI_UNIT ( $, .STERADIAN. ) SOLID_ANGLE_UNIT ( ) );
#1397 = ORIENTED_EDGE ( 'NONE', *, *, #3098, .T. ) ;
#1398 = SURFACE_STYLE_USAGE ( .BOTH. , #1422 ) ;
#1399 = FILL_AREA_STYLE_COLOUR ( '', #3140 ) ;
#1400 = ADVANCED_FACE ( 'NONE', ( #1966 ), #1588, .T. ) ;
#1401 = CARTESIAN_POINT ( 'NONE',  ( -1.100000000000000755, -0.8999999999999999112, 0.000000000000000000 ) ) ;
#1402 = ORIENTED_EDGE ( 'NONE', *, *, #1485, .F. ) ;
#1404 = CARTESIAN_POINT ( 'NONE',  ( 1.100000000000000755, -0.8999999999999999112, 0.1499999999999999944 ) ) ;
#1403 = CIRCLE ( 'NONE', #1286, 0.09999999999999988065 ) ;
#1405 = DIRECTION ( 'NONE',  ( 0.000000000000000000, 0.000000000000000000, -1.000000000000000000 ) ) ;
#1406 = STYLED_ITEM ( 'NONE', ( #2785 ), #2077 ) ;
#1407 = VERTEX_POINT ( 'NONE', #3184 ) ;
#1408 = UNCERTAINTY_MEASURE_WITH_UNIT (LENGTH_MEASURE( 1.000000000000000082E-05 ), #2872, 'distance_accuracy_value', 'NONE');
#1409 = SURFACE_SIDE_STYLE ('',( #708 ) ) ;
#1410 = PRESENTATION_STYLE_ASSIGNMENT (( #2556 ) ) ;
#1411 = CIRCLE ( 'NONE', #3267, 0.5034595668679463509 ) ;
#1412 = PRESENTATION_STYLE_ASSIGNMENT (( #3032 ) ) ;
#1413 = SURFACE_STYLE_USAGE ( .BOTH. , #2300 ) ;
#1414 = STYLED_ITEM ( 'NONE', ( #622 ), #1567 ) ;
#1415 = SURFACE_SIDE_STYLE ('',( #3819 ) ) ;
#1416 = PRESENTATION_STYLE_ASSIGNMENT (( #3237 ) ) ;
#1417 = EDGE_LOOP ( 'NONE', ( #2973, #247, #1483, #3651 ) ) ;
#1418 = PRESENTATION_LAYER_ASSIGNMENT (  '', '', ( #3786 ) ) ;
#1419 = CARTESIAN_POINT ( 'NONE',  ( 1.100000000000000311, -1.300000000000000266, 0.3499999999999999778 ) ) ;
#1420 = PLANE ( 'NONE',  #3637 ) ;
#1421 = ORIENTED_EDGE ( 'NONE', *, *, #1779, .F. ) ;
#1422 = SURFACE_SIDE_STYLE ('',( #1686 ) ) ;
#1423 = VERTEX_POINT ( 'NONE', #462 ) ;
#1424 = PRESENTATION_STYLE_ASSIGNMENT (( #788 ) ) ;
#1425 = STYLED_ITEM ( 'NONE', ( #305 ), #2851 ) ;
#1426 = EDGE_LOOP ( 'NONE', ( #813, #3748, #2841, #2963 ) ) ;
#1427 = ORIENTED_EDGE ( 'NONE', *, *, #3371, .F. ) ;
#1428 = CARTESIAN_POINT ( 'NONE',  ( 0.000000000000000000, -1.742810346863235915E-16, 0.2999999999999999889 ) ) ;
#1429 = FILL_AREA_STYLE ('',( #1360 ) ) ;
#1430 = EDGE_CURVE ( 'NONE', #3292, #3044, #221, .T. ) ;
#1431 = UNCERTAINTY_MEASURE_WITH_UNIT (LENGTH_MEASURE( 1.000000000000000082E-05 ), #2593, 'distance_accuracy_value', 'NONE');
#1432 = UNCERTAINTY_MEASURE_WITH_UNIT (LENGTH_MEASURE( 1.000000000000000082E-05 ), #1820, 'distance_accuracy_value', 'NONE');
#1433 =( NAMED_UNIT ( * ) SI_UNIT ( $, .STERADIAN. ) SOLID_ANGLE_UNIT ( ) );
#1434 = SURFACE_STYLE_FILL_AREA ( #2640 ) ;
#1435 = ORIENTED_EDGE ( 'NONE', *, *, #1297, .T. ) ;
#1436 = ADVANCED_FACE ( 'NONE', ( #1379 ), #1420, .T. ) ;
#1437 = AXIS2_PLACEMENT_3D ( 'NONE', #1763, #1804, #2406 ) ;
#1438 = DIRECTION ( 'NONE',  ( 0.000000000000000000, -1.000000000000000000, 0.000000000000000000 ) ) ;
#1439 = VERTEX_POINT ( 'NONE', #1684 ) ;
#1440 = CARTESIAN_POINT ( 'NONE',  ( 0.000000000000000000, -1.886796909386355383E-16, 0.7634530849698735189 ) ) ;
#1441 =( NAMED_UNIT ( * ) PLANE_ANGLE_UNIT ( ) SI_UNIT ( $, .RADIAN. ) );
#1442 = SURFACE_STYLE_USAGE ( .BOTH. , #200 ) ;
#1443 = STYLED_ITEM ( 'NONE', ( #2394 ), #492 ) ;
#1444 = MECHANICAL_DESIGN_GEOMETRIC_PRESENTATION_REPRESENTATION (  '', ( #1822 ), #3164 ) ;
#1445 = VECTOR ( 'NONE', #577, 1000.000000000000000 ) ;
#1446 = DIRECTION ( 'NONE',  ( -0.000000000000000000, 1.000000000000000000, -0.000000000000000000 ) ) ;
#1447 = FACE_OUTER_BOUND ( 'NONE', #774, .T. ) ;
#1448 = VECTOR ( 'NONE', #1156, 1000.000000000000000 ) ;
#1449 = LINE ( 'NONE', #2374, #1445 ) ;
#1450 = ORIENTED_EDGE ( 'NONE', *, *, #837, .F. ) ;
#1451 = EDGE_LOOP ( 'NONE', ( #596, #197 ) ) ;
#1452 = SURFACE_STYLE_FILL_AREA ( #210 ) ;
#1453 = FILL_AREA_STYLE_COLOUR ( '', #2071 ) ;
#1454 = CARTESIAN_POINT ( 'NONE',  ( 1.140903223002270028E-16, -0.9316181806841054014, 3.436368415707478494E-17 ) ) ;
#1455 = STYLED_ITEM ( 'NONE', ( #3 ), #3154 ) ;
#1456 = EDGE_CURVE ( 'NONE', #1810, #162, #2007, .T. ) ;
#1457 = PRESENTATION_LAYER_ASSIGNMENT (  '', '', ( #150 ) ) ;
#1458 = CARTESIAN_POINT ( 'NONE',  ( 0.000000000000000000, 0.000000000000000000, 1.050000000000000044 ) ) ;
#1459 = VERTEX_POINT ( 'NONE', #1743 ) ;
#1460 = PRESENTATION_LAYER_ASSIGNMENT (  '', '', ( #3825 ) ) ;
#1461 = SURFACE_STYLE_USAGE ( .BOTH. , #3038 ) ;
#1462 = ADVANCED_FACE ( 'NONE', ( #1099 ), #800, .T. ) ;
#1463 = CYLINDRICAL_SURFACE ( 'NONE', #751, 0.1999999999999999833 ) ;
#1464 = ORIENTED_EDGE ( 'NONE', *, *, #1318, .T. ) ;
#1465 =( NAMED_UNIT ( * ) PLANE_ANGLE_UNIT ( ) SI_UNIT ( $, .RADIAN. ) );
#1466 = CARTESIAN_POINT ( 'NONE',  ( 0.000000000000000000, -6.123233995736767114E-18, 1.050000000000000044 ) ) ;
#1467 = VERTEX_POINT ( 'NONE', #586 ) ;
#1468 = SURFACE_STYLE_USAGE ( .BOTH. , #3290 ) ;
#1469 = COLOUR_RGB ( '',1.000000000000000000, 1.000000000000000000, 1.000000000000000000 ) ;
#1470 = PLANE ( 'NONE',  #3358 ) ;
#1471 = ORIENTED_EDGE ( 'NONE', *, *, #306, .T. ) ;
#1472 =( GEOMETRIC_REPRESENTATION_CONTEXT ( 3 ) GLOBAL_UNCERTAINTY_ASSIGNED_CONTEXT ( ( #2958 ) ) GLOBAL_UNIT_ASSIGNED_CONTEXT ( ( #1311, #2549, #1263 ) ) REPRESENTATION_CONTEXT ( 'NONE', 'WORKASPACE' ) );
#1473 = ORIENTED_EDGE ( 'NONE', *, *, #610, .F. ) ;
#1474 = SURFACE_STYLE_USAGE ( .BOTH. , #2400 ) ;
#1475 =( LENGTH_UNIT ( ) NAMED_UNIT ( * ) SI_UNIT ( .MILLI., .METRE. ) );
#1476 = CYLINDRICAL_SURFACE ( 'NONE', #2083, 1.150000000000000133 ) ;
#1477 = CIRCLE ( 'NONE', #744, 0.5034595668679463509 ) ;
#1478 = DIRECTION ( 'NONE',  ( -0.000000000000000000, -0.000000000000000000, -1.000000000000000000 ) ) ;
#1479 = PRESENTATION_LAYER_ASSIGNMENT (  '', '', ( #3715 ) ) ;
#1480 = AXIS2_PLACEMENT_3D ( 'NONE', #784, #2327, #198 ) ;
#1481 = CARTESIAN_POINT ( 'NONE',  ( 1.100000000000000755, -0.8999999999999999112, 0.000000000000000000 ) ) ;
#1482 = PLANE ( 'NONE',  #119 ) ;
#1483 = ORIENTED_EDGE ( 'NONE', *, *, #367, .F. ) ;
#1484 = DIRECTION ( 'NONE',  ( 0.000000000000000000, 1.000000000000000000, 0.000000000000000000 ) ) ;
#1485 = EDGE_CURVE ( 'NONE', #836, #218, #2678, .T. ) ;
#1486 = COLOUR_RGB ( '',0.9686274509803921573, 0.8784313725490195957, 0.5999999999999999778 ) ;
#1487 = CARTESIAN_POINT ( 'NONE',  ( 0.000000000000000000, 0.000000000000000000, 0.1499999999999999944 ) ) ;
#1488 = CARTESIAN_POINT ( 'NONE',  ( 0.000000000000000000, -1.550000000000000266, 0.1499999999999999944 ) ) ;
#1489 = ADVANCED_FACE ( 'NONE', ( #3631 ), #3039, .F. ) ;
#1490 = CIRCLE ( 'NONE', #2698, 0.9468452210677923420 ) ;
#1491 =( NAMED_UNIT ( * ) PLANE_ANGLE_UNIT ( ) SI_UNIT ( $, .RADIAN. ) );
#1492 = CARTESIAN_POINT ( 'NONE',  ( 1.140903223002269782E-16, -0.9316181806841052904, 0.7026266533477543152 ) ) ;
#1493 = ORIENTED_EDGE ( 'NONE', *, *, #3240, .F. ) ;
#1494 = EDGE_LOOP ( 'NONE', ( #286, #2739, #1985, #1126 ) ) ;
#1495 = VECTOR ( 'NONE', #2476, 1000.000000000000000 ) ;
#1496 = CARTESIAN_POINT ( 'NONE',  ( 0.000000000000000000, -1.707329131037323184E-16, 1.250000000000000000 ) ) ;
#1497 = CARTESIAN_POINT ( 'NONE',  ( 0.000000000000000000, -1.742810346863235915E-16, 0.1499999999999999944 ) ) ;
#1498 = CARTESIAN_POINT ( 'NONE',  ( 0.000000000000000000, 0.8999999999999999112, 1.200000000000000178 ) ) ;
#1499 =( NAMED_UNIT ( * ) PLANE_ANGLE_UNIT ( ) SI_UNIT ( $, .RADIAN. ) );
#1500 = ORIENTED_EDGE ( 'NONE', *, *, #2857, .T. ) ;
#1501 = LINE ( 'NONE', #1238, #1924 ) ;
#1502 = DIRECTION ( 'NONE',  ( -0.000000000000000000, -3.688601711469485225E-17, -1.000000000000000000 ) ) ;
#1503 = FILL_AREA_STYLE_COLOUR ( '', #426 ) ;
#1504 = LINE ( 'NONE', #2390, #1668 ) ;
#1505 = MECHANICAL_DESIGN_GEOMETRIC_PRESENTATION_REPRESENTATION (  '', ( #397 ), #3866 ) ;
#1506 = AXIS2_PLACEMENT_3D ( 'NONE', #2084, #1133, #3943 ) ;
#1507 = EDGE_CURVE ( 'NONE', #2902, #2756, #3678, .T. ) ;
#1508 = ORIENTED_EDGE ( 'NONE', *, *, #2445, .F. ) ;
#1509 = SURFACE_STYLE_USAGE ( .BOTH. , #2722 ) ;
#1510 = AXIS2_PLACEMENT_3D ( 'NONE', #1902, #3054, #2806 ) ;
#1511 =( GEOMETRIC_REPRESENTATION_CONTEXT ( 3 ) GLOBAL_UNCERTAINTY_ASSIGNED_CONTEXT ( ( #3716 ) ) GLOBAL_UNIT_ASSIGNED_CONTEXT ( ( #1950, #1651, #3497 ) ) REPRESENTATION_CONTEXT ( 'NONE', 'WORKASPACE' ) );
#1512 =( NAMED_UNIT ( * ) PLANE_ANGLE_UNIT ( ) SI_UNIT ( $, .RADIAN. ) );
#1513 = ADVANCED_FACE ( 'NONE', ( #528 ), #1463, .T. ) ;
#1514 = ORIENTED_EDGE ( 'NONE', *, *, #1507, .F. ) ;
#1515 = MECHANICAL_DESIGN_GEOMETRIC_PRESENTATION_REPRESENTATION (  '', ( #667 ), #1769 ) ;
#1516 = COLOUR_RGB ( '',0.9686274509803921573, 0.8784313725490195957, 0.5999999999999999778 ) ;
#1517 = COLOUR_RGB ( '',0.9686274509803921573, 0.8784313725490195957, 0.5999999999999999778 ) ;
#1518 =( LENGTH_UNIT ( ) NAMED_UNIT ( * ) SI_UNIT ( .MILLI., .METRE. ) );
#1519 = CARTESIAN_POINT ( 'NONE',  ( 0.09999999999999997780, 0.000000000000000000, 0.9499999999999998446 ) ) ;
#1520 = ORIENTED_EDGE ( 'NONE', *, *, #1060, .F. ) ;
#1521 = COLOUR_RGB ( '',1.000000000000000000, 1.000000000000000000, 1.000000000000000000 ) ;
#1522 = DIRECTION ( 'NONE',  ( 1.000000000000000000, 0.000000000000000000, 0.000000000000000000 ) ) ;
#1523 = MECHANICAL_DESIGN_GEOMETRIC_PRESENTATION_REPRESENTATION (  '', ( #150 ), #2864 ) ;
#1524 = LINE ( 'NONE', #237, #1951 ) ;
#1525 =( NAMED_UNIT ( * ) SI_UNIT ( $, .STERADIAN. ) SOLID_ANGLE_UNIT ( ) );
#1526 = MECHANICAL_DESIGN_GEOMETRIC_PRESENTATION_REPRESENTATION (  '', ( #1455 ), #2037 ) ;
#1527 = LINE ( 'NONE', #3303, #2688 ) ;
#1528 = ADVANCED_BREP_SHAPE_REPRESENTATION ( '零件4', ( #453, #3123, #3132, #1785, #461, #1324 ), #3485 ) ;
#1529 = DIRECTION ( 'NONE',  ( 0.000000000000000000, 1.000000000000000000, -5.162867488026211121E-17 ) ) ;
#1530 = ORIENTED_EDGE ( 'NONE', *, *, #2486, .F. ) ;
#1531 = FILL_AREA_STYLE ('',( #62 ) ) ;
#1532 = EDGE_CURVE ( 'NONE', #1423, #585, #3301, .T. ) ;
#1533 = ORIENTED_EDGE ( 'NONE', *, *, #1825, .T. ) ;
#1534 = LINE ( 'NONE', #1851, #20 ) ;
#1535 = ORIENTED_EDGE ( 'NONE', *, *, #3313, .F. ) ;
#1536 = DIRECTION ( 'NONE',  ( 0.000000000000000000, 1.000000000000000000, -3.688601711469485225E-17 ) ) ;
#1537 = CARTESIAN_POINT ( 'NONE',  ( 0.000000000000000000, 0.000000000000000000, 1.050000000000000044 ) ) ;
#1538 = EDGE_CURVE ( 'NONE', #1380, #718, #1994, .T. ) ;
#1539 = PRESENTATION_LAYER_ASSIGNMENT (  '', '', ( #1009 ) ) ;
#1540 = CARTESIAN_POINT ( 'NONE',  ( -1.100000000000000755, 0.9000000000000002442, 0.1499999999999999944 ) ) ;
#1541 = CARTESIAN_POINT ( 'NONE',  ( -1.300000000000000266, 1.299999999999999822, 0.3499999999999999778 ) ) ;
#1542 = ORIENTED_EDGE ( 'NONE', *, *, #3472, .F. ) ;
#1543 = COLOUR_RGB ( '',0.9686274509803921573, 0.8784313725490195957, 0.5999999999999999778 ) ;
#1544 = CARTESIAN_POINT ( 'NONE',  ( 0.000000000000000000, 0.000000000000000000, 0.000000000000000000 ) ) ;
#1545 = SURFACE_STYLE_FILL_AREA ( #1823 ) ;
#1546 =( GEOMETRIC_REPRESENTATION_CONTEXT ( 3 ) GLOBAL_UNCERTAINTY_ASSIGNED_CONTEXT ( ( #185 ) ) GLOBAL_UNIT_ASSIGNED_CONTEXT ( ( #2475, #3134, #3668 ) ) REPRESENTATION_CONTEXT ( 'NONE', 'WORKASPACE' ) );
#1547 = COLOUR_RGB ( '',1.000000000000000000, 1.000000000000000000, 1.000000000000000000 ) ;
#1548 = AXIS2_PLACEMENT_3D ( 'NONE', #3820, #2322, #2001 ) ;
#1549 = AXIS2_PLACEMENT_3D ( 'NONE', #2614, #2910, #2039 ) ;
#1550 = PRESENTATION_STYLE_ASSIGNMENT (( #849 ) ) ;
#1551 = ORIENTED_EDGE ( 'NONE', *, *, #1430, .T. ) ;
#1552 = SURFACE_STYLE_USAGE ( .BOTH. , #975 ) ;
#1553 = CIRCLE ( 'NONE', #1808, 0.04999999999999991257 ) ;
#1554 = SURFACE_STYLE_FILL_AREA ( #3665 ) ;
#1555 = ORIENTED_EDGE ( 'NONE', *, *, #2365, .F. ) ;
#1556 = AXIS2_PLACEMENT_3D ( 'NONE', #1086, #3540, #496 ) ;
#1557 = CARTESIAN_POINT ( 'NONE',  ( 1.159550969268639907E-16, -0.9468452210677925640, 1.250000000000000000 ) ) ;
#1558 = LINE ( 'NONE', #1303, #1696 ) ;
#1559 = SURFACE_STYLE_FILL_AREA ( #3311 ) ;
#1560 =( NAMED_UNIT ( * ) PLANE_ANGLE_UNIT ( ) SI_UNIT ( $, .RADIAN. ) );
#1561 = ORIENTED_EDGE ( 'NONE', *, *, #3860, .F. ) ;
#1562 = EDGE_CURVE ( 'NONE', #2783, #953, #632, .T. ) ;
#1563 = CIRCLE ( 'NONE', #1364, 1.000000000000000222 ) ;
#1564 = SURFACE_SIDE_STYLE ('',( #2836 ) ) ;
#1565 = DIRECTION ( 'NONE',  ( 0.000000000000000000, 0.000000000000000000, -1.000000000000000000 ) ) ;
#1566 = ORIENTED_EDGE ( 'NONE', *, *, #2003, .F. ) ;
#1567 = ADVANCED_FACE ( 'NONE', ( #1028 ), #3725, .F. ) ;
#1568 = DIRECTION ( 'NONE',  ( 1.000000000000000000, 0.000000000000000000, -0.000000000000000000 ) ) ;
#1569 =( GEOMETRIC_REPRESENTATION_CONTEXT ( 3 ) GLOBAL_UNCERTAINTY_ASSIGNED_CONTEXT ( ( #3565 ) ) GLOBAL_UNIT_ASSIGNED_CONTEXT ( ( #817, #3330, #1795 ) ) REPRESENTATION_CONTEXT ( 'NONE', 'WORKASPACE' ) );
#1570 =( LENGTH_UNIT ( ) NAMED_UNIT ( * ) SI_UNIT ( .MILLI., .METRE. ) );
#1571 = PRESENTATION_STYLE_ASSIGNMENT (( #609 ) ) ;
#1572 = EDGE_LOOP ( 'NONE', ( #3800, #1158, #3027, #611 ) ) ;
#1573 = ORIENTED_EDGE ( 'NONE', *, *, #1877, .T. ) ;
#1574 = ORIENTED_EDGE ( 'NONE', *, *, #3617, .T. ) ;
#1575 = CARTESIAN_POINT ( 'NONE',  ( 0.000000000000000000, 0.000000000000000000, 0.000000000000000000 ) ) ;
#1576 = TOROIDAL_SURFACE ( 'NONE', #2214, 0.9000000000000001332, 0.04999999999999985706 ) ;
#1577 = AXIS2_PLACEMENT_3D ( 'NONE', #3604, #2119, #232 ) ;
#1578 = CARTESIAN_POINT ( 'NONE',  ( -0.5034595668679463509, 6.165601470649434348E-17, 0.000000000000000000 ) ) ;
#1579 = MECHANICAL_DESIGN_GEOMETRIC_PRESENTATION_REPRESENTATION (  '', ( #339 ), #2413 ) ;
#1580 = SURFACE_SIDE_STYLE ('',( #3090 ) ) ;
#1581 = DIRECTION ( 'NONE',  ( -1.000000000000000000, 0.000000000000000000, 0.000000000000000000 ) ) ;
#1582 = VECTOR ( 'NONE', #2590, 1000.000000000000000 ) ;
#1583 = EDGE_CURVE ( 'NONE', #1245, #456, #970, .T. ) ;
#1584 = DIRECTION ( 'NONE',  ( -0.000000000000000000, -0.000000000000000000, 1.000000000000000000 ) ) ;
#1585 = PRESENTATION_STYLE_ASSIGNMENT (( #2862 ) ) ;
#1586 = ORIENTED_EDGE ( 'NONE', *, *, #1507, .T. ) ;
#1587 = DIRECTION ( 'NONE',  ( 1.000000000000000000, -0.000000000000000000, -0.000000000000000000 ) ) ;
#1588 = TOROIDAL_SURFACE ( 'NONE', #2922, 0.3499999999999999778, 0.1000000000000000056 ) ;
#1589 = EDGE_CURVE ( 'NONE', #2706, #1199, #2818, .T. ) ;
#1590 = CARTESIAN_POINT ( 'NONE',  ( 0.000000000000000000, 0.000000000000000000, 0.000000000000000000 ) ) ;
#1591 = ORIENTED_EDGE ( 'NONE', *, *, #755, .T. ) ;
#1592 = FILL_AREA_STYLE_COLOUR ( '', #1517 ) ;
#1593 = LINE ( 'NONE', #2512, #3755 ) ;
#1594 = VERTEX_POINT ( 'NONE', #2504 ) ;
#1595 = SURFACE_SIDE_STYLE ('',( #2767 ) ) ;
#1596 = SURFACE_STYLE_FILL_AREA ( #979 ) ;
#1597 = UNCERTAINTY_MEASURE_WITH_UNIT (LENGTH_MEASURE( 1.000000000000000082E-05 ), #3536, 'distance_accuracy_value', 'NONE');
#1598 = DIRECTION ( 'NONE',  ( 0.000000000000000000, 0.000000000000000000, -1.000000000000000000 ) ) ;
#1599 = DIRECTION ( 'NONE',  ( 0.000000000000000000, 0.000000000000000000, 1.000000000000000000 ) ) ;
#1600 = LINE ( 'NONE', #2808, #3334 ) ;
#1601 = DIRECTION ( 'NONE',  ( -0.000000000000000000, 0.000000000000000000, -1.000000000000000000 ) ) ;
#1602 = VERTEX_POINT ( 'NONE', #75 ) ;
#1603 = DIRECTION ( 'NONE',  ( -1.000000000000000000, 0.000000000000000000, 0.000000000000000000 ) ) ;
#1604 = EDGE_CURVE ( 'NONE', #258, #1222, #3071, .T. ) ;
#1605 = UNCERTAINTY_MEASURE_WITH_UNIT (LENGTH_MEASURE( 1.000000000000000082E-05 ), #2759, 'distance_accuracy_value', 'NONE');
#1606 = AXIS2_PLACEMENT_3D ( 'NONE', #3576, #805, #2919 ) ;
#1607 = UNCERTAINTY_MEASURE_WITH_UNIT (LENGTH_MEASURE( 1.000000000000000082E-05 ), #137, 'distance_accuracy_value', 'NONE');
#1608 = ORIENTED_EDGE ( 'NONE', *, *, #1931, .F. ) ;
#1609 = MECHANICAL_DESIGN_GEOMETRIC_PRESENTATION_REPRESENTATION (  '', ( #3715 ), #2250 ) ;
#1610 =( GEOMETRIC_REPRESENTATION_CONTEXT ( 3 ) GLOBAL_UNCERTAINTY_ASSIGNED_CONTEXT ( ( #2017 ) ) GLOBAL_UNIT_ASSIGNED_CONTEXT ( ( #3930, #588, #2164 ) ) REPRESENTATION_CONTEXT ( 'NONE', 'WORKASPACE' ) );
#1611 = ADVANCED_FACE ( 'NONE', ( #3096 ), #314, .T. ) ;
#1612 =( NAMED_UNIT ( * ) SI_UNIT ( $, .STERADIAN. ) SOLID_ANGLE_UNIT ( ) );
#1613 = CIRCLE ( 'NONE', #2125, 0.1000000000000000472 ) ;
#1614 = DIRECTION ( 'NONE',  ( 0.000000000000000000, 1.000000000000000000, 0.000000000000000000 ) ) ;
#1615 = LINE ( 'NONE', #1905, #3846 ) ;
#1616 = SURFACE_STYLE_USAGE ( .BOTH. , #378 ) ;
#1617 =( GEOMETRIC_REPRESENTATION_CONTEXT ( 3 ) GLOBAL_UNCERTAINTY_ASSIGNED_CONTEXT ( ( #1756 ) ) GLOBAL_UNIT_ASSIGNED_CONTEXT ( ( #2855, #1858, #3699 ) ) REPRESENTATION_CONTEXT ( 'NONE', 'WORKASPACE' ) );
#1618 =( NAMED_UNIT ( * ) PLANE_ANGLE_UNIT ( ) SI_UNIT ( $, .RADIAN. ) );
#1619 = ORIENTED_EDGE ( 'NONE', *, *, #1654, .T. ) ;
#1620 = AXIS2_PLACEMENT_3D ( 'NONE', #1132, #1194, #3031 ) ;
#1621 = CARTESIAN_POINT ( 'NONE',  ( -1.100000000000000755, 0.9000000000000002442, 0.1499999999999999944 ) ) ;
#1622 = VECTOR ( 'NONE', #521, 1000.000000000000000 ) ;
#1623 = SURFACE_SIDE_STYLE ('',( #385 ) ) ;
#1624 = VERTEX_POINT ( 'NONE', #2340 ) ;
#1625 = SURFACE_SIDE_STYLE ('',( #1351 ) ) ;
#1626 = COLOUR_RGB ( '',0.9686274509803921573, 0.8784313725490195957, 0.5999999999999999778 ) ;
#1627 = EDGE_CURVE ( 'NONE', #3086, #3387, #2189, .T. ) ;
#1628 = DIRECTION ( 'NONE',  ( -1.000000000000000000, -1.224646799147353454E-16, 0.000000000000000000 ) ) ;
#1629 =( NAMED_UNIT ( * ) PLANE_ANGLE_UNIT ( ) SI_UNIT ( $, .RADIAN. ) );
#1630 = DIRECTION ( 'NONE',  ( 0.000000000000000000, 0.000000000000000000, 1.000000000000000000 ) ) ;
#1631 = MECHANICAL_DESIGN_GEOMETRIC_PRESENTATION_REPRESENTATION (  '', ( #3034 ), #1690 ) ;
#1632 = ADVANCED_FACE ( 'NONE', ( #116 ), #2582, .T. ) ;
#1633 = VECTOR ( 'NONE', #3310, 1000.000000000000000 ) ;
#1634 = LINE ( 'NONE', #2333, #106 ) ;
#1635 = FILL_AREA_STYLE_COLOUR ( '', #1307 ) ;
#1636 = CIRCLE ( 'NONE', #1958, 0.09999999999999988065 ) ;
#1637 =( LENGTH_UNIT ( ) NAMED_UNIT ( * ) SI_UNIT ( .MILLI., .METRE. ) );
#1638 =( LENGTH_UNIT ( ) NAMED_UNIT ( * ) SI_UNIT ( .MILLI., .METRE. ) );
#1639 = ORIENTED_EDGE ( 'NONE', *, *, #2344, .F. ) ;
#1640 =( GEOMETRIC_REPRESENTATION_CONTEXT ( 3 ) GLOBAL_UNCERTAINTY_ASSIGNED_CONTEXT ( ( #3564 ) ) GLOBAL_UNIT_ASSIGNED_CONTEXT ( ( #1214, #1499, #583 ) ) REPRESENTATION_CONTEXT ( 'NONE', 'WORKASPACE' ) );
#1641 =( LENGTH_UNIT ( ) NAMED_UNIT ( * ) SI_UNIT ( .MILLI., .METRE. ) );
#1642 = UNCERTAINTY_MEASURE_WITH_UNIT (LENGTH_MEASURE( 1.000000000000000082E-05 ), #154, 'distance_accuracy_value', 'NONE');
#1643 = COLOUR_RGB ( '',0.9686274509803921573, 0.8784313725490195957, 0.5999999999999999778 ) ;
#1644 = DIRECTION ( 'NONE',  ( -1.232552613120351049E-16, 1.000000000000000000, 0.000000000000000000 ) ) ;
#1645 = FILL_AREA_STYLE_COLOUR ( '', #1200 ) ;
#1646 = ORIENTED_EDGE ( 'NONE', *, *, #2370, .T. ) ;
#1647 = SURFACE_SIDE_STYLE ('',( #407 ) ) ;
#1648 = MECHANICAL_DESIGN_GEOMETRIC_PRESENTATION_REPRESENTATION (  '', ( #1334 ), #931 ) ;
#1649 = DIRECTION ( 'NONE',  ( 1.000000000000000000, 0.000000000000000000, 0.000000000000000000 ) ) ;
#1650 =( NAMED_UNIT ( * ) PLANE_ANGLE_UNIT ( ) SI_UNIT ( $, .RADIAN. ) );
#1651 =( NAMED_UNIT ( * ) PLANE_ANGLE_UNIT ( ) SI_UNIT ( $, .RADIAN. ) );
#1652 = LINE ( 'NONE', #2870, #2666 ) ;
#1653 = DIRECTION ( 'NONE',  ( 0.000000000000000000, 3.688601711469485225E-17, 1.000000000000000000 ) ) ;
#1654 = EDGE_CURVE ( 'NONE', #525, #171, #48, .T. ) ;
#1655 =( GEOMETRIC_REPRESENTATION_CONTEXT ( 3 ) GLOBAL_UNCERTAINTY_ASSIGNED_CONTEXT ( ( #2794 ) ) GLOBAL_UNIT_ASSIGNED_CONTEXT ( ( #2591, #1711, #2927 ) ) REPRESENTATION_CONTEXT ( 'NONE', 'WORKASPACE' ) );
#1656 = UNCERTAINTY_MEASURE_WITH_UNIT (LENGTH_MEASURE( 1.000000000000000082E-05 ), #2787, 'distance_accuracy_value', 'NONE');
#1657 =( NAMED_UNIT ( * ) PLANE_ANGLE_UNIT ( ) SI_UNIT ( $, .RADIAN. ) );
#1658 = ORIENTED_EDGE ( 'NONE', *, *, #3881, .F. ) ;
#1659 = PRESENTATION_STYLE_ASSIGNMENT (( #2339 ) ) ;
#1660 = EDGE_LOOP ( 'NONE', ( #1760, #1646, #2290, #2863 ) ) ;
#1661 = DIRECTION ( 'NONE',  ( -0.000000000000000000, -3.688601711469485225E-17, -1.000000000000000000 ) ) ;
#1662 = EDGE_CURVE ( 'NONE', #1439, #1013, #1679, .T. ) ;
#1663 = VECTOR ( 'NONE', #1358, 1000.000000000000000 ) ;
#1664 = DIRECTION ( 'NONE',  ( 1.000000000000000000, 0.000000000000000000, 0.000000000000000000 ) ) ;
#1665 = ORIENTED_EDGE ( 'NONE', *, *, #2338, .T. ) ;
#1666 = CARTESIAN_POINT ( 'NONE',  ( -1.300000000000000266, 1.299999999999999822, 0.3499999999999999778 ) ) ;
#1667 = CLOSED_SHELL ( 'NONE', ( #2723, #3613, #43, #1567, #2224, #905 ) ) ;
#1668 = VECTOR ( 'NONE', #930, 1000.000000000000000 ) ;
#1669 = DIRECTION ( 'NONE',  ( 0.000000000000000000, 0.000000000000000000, -1.000000000000000000 ) ) ;
#1670 = CARTESIAN_POINT ( 'NONE',  ( -0.2999999999999999889, 0.4000000000000000222, 0.1499999999999999944 ) ) ;
#1671 = AXIS2_PLACEMENT_3D ( 'NONE', #2514, #3652, #896 ) ;
#1672 = VECTOR ( 'NONE', #3078, 1000.000000000000000 ) ;
#1673 = VECTOR ( 'NONE', #3721, 1000.000000000000000 ) ;
#1674 = DIRECTION ( 'NONE',  ( 1.000000000000000000, 0.000000000000000000, 0.000000000000000000 ) ) ;
#1675 = COLOUR_RGB ( '',0.9686274509803921573, 0.8784313725490195957, 0.5999999999999999778 ) ;
#1676 = FILL_AREA_STYLE_COLOUR ( '', #3745 ) ;
#1677 = ADVANCED_FACE ( 'NONE', ( #1374 ), #2879, .T. ) ;
#1678 = DIRECTION ( 'NONE',  ( 1.000000000000000000, 0.000000000000000000, -0.000000000000000000 ) ) ;
#1679 = LINE ( 'NONE', #3545, #573 ) ;
#1680 = EDGE_LOOP ( 'NONE', ( #3919, #2145, #2230, #2429, #2735 ) ) ;
#1681 =( NAMED_UNIT ( * ) SI_UNIT ( $, .STERADIAN. ) SOLID_ANGLE_UNIT ( ) );
#1682 = ADVANCED_FACE ( 'NONE', ( #3799 ), #192, .F. ) ;
#1683 = COLOUR_RGB ( '',0.9686274509803921573, 0.8784313725490195957, 0.5999999999999999778 ) ;
#1684 = CARTESIAN_POINT ( 'NONE',  ( -0.8000000000000003775, -1.300000000000000266, 0.3499999999999999778 ) ) ;
#1685 = ORIENTED_EDGE ( 'NONE', *, *, #2103, .T. ) ;
#1686 = SURFACE_STYLE_FILL_AREA ( #219 ) ;
#1687 = CARTESIAN_POINT ( 'NONE',  ( 0.000000000000000000, 0.000000000000000000, 0.9499999999999998446 ) ) ;
#1688 = SURFACE_SIDE_STYLE ('',( #2273 ) ) ;
#1689 = DIRECTION ( 'NONE',  ( -0.000000000000000000, -3.688601711469485225E-17, -1.000000000000000000 ) ) ;
#1690 =( GEOMETRIC_REPRESENTATION_CONTEXT ( 3 ) GLOBAL_UNCERTAINTY_ASSIGNED_CONTEXT ( ( #2839 ) ) GLOBAL_UNIT_ASSIGNED_CONTEXT ( ( #32, #396, #3095 ) ) REPRESENTATION_CONTEXT ( 'NONE', 'WORKASPACE' ) );
#1691 = CARTESIAN_POINT ( 'NONE',  ( 1.300000000000000266, -0.9000000000000000222, 0.000000000000000000 ) ) ;
#1692 = FACE_OUTER_BOUND ( 'NONE', #1036, .T. ) ;
#1693 =( LENGTH_UNIT ( ) NAMED_UNIT ( * ) SI_UNIT ( .MILLI., .METRE. ) );
#1694 = ORIENTED_EDGE ( 'NONE', *, *, #1583, .F. ) ;
#1695 =( LENGTH_UNIT ( ) NAMED_UNIT ( * ) SI_UNIT ( .MILLI., .METRE. ) );
#1696 = VECTOR ( 'NONE', #1598, 1000.000000000000000 ) ;
#1697 = AXIS2_PLACEMENT_3D ( 'NONE', #73, #2546, #1006 ) ;
#1698 = VECTOR ( 'NONE', #765, 1000.000000000000000 ) ;
#1699 = ADVANCED_FACE ( 'NONE', ( #3016 ), #1840, .F. ) ;
#1700 =( NAMED_UNIT ( * ) PLANE_ANGLE_UNIT ( ) SI_UNIT ( $, .RADIAN. ) );
#1701 =( NAMED_UNIT ( * ) SI_UNIT ( $, .STERADIAN. ) SOLID_ANGLE_UNIT ( ) );
#1702 = ORIENTED_EDGE ( 'NONE', *, *, #2771, .T. ) ;
#1703 = SURFACE_STYLE_USAGE ( .BOTH. , #3222 ) ;
#1704 = PLANE ( 'NONE',  #337 ) ;
#1705 = LINE ( 'NONE', #3471, #2752 ) ;
#1706 = MECHANICAL_DESIGN_GEOMETRIC_PRESENTATION_REPRESENTATION (  '', ( #347 ), #2716 ) ;
#1707 = PRESENTATION_STYLE_ASSIGNMENT (( #140 ) ) ;
#1708 = VERTEX_POINT ( 'NONE', #1519 ) ;
#1709 = VECTOR ( 'NONE', #1446, 1000.000000000000000 ) ;
#1710 = AXIS2_PLACEMENT_3D ( 'NONE', #1271, #3685, #2194 ) ;
#1711 =( NAMED_UNIT ( * ) PLANE_ANGLE_UNIT ( ) SI_UNIT ( $, .RADIAN. ) );
#1712 = CARTESIAN_POINT ( 'NONE',  ( -1.199999999999999289, -0.8999999999999999112, 0.1499999999999999944 ) ) ;
#1713 = MECHANICAL_DESIGN_GEOMETRIC_PRESENTATION_REPRESENTATION (  '', ( #3441 ), #556 ) ;
#1714 = ORIENTED_EDGE ( 'NONE', *, *, #2205, .T. ) ;
#1715 = SURFACE_STYLE_USAGE ( .BOTH. , #3210 ) ;
#1716 = SURFACE_SIDE_STYLE ('',( #746 ) ) ;
#1717 = UNCERTAINTY_MEASURE_WITH_UNIT (LENGTH_MEASURE( 1.000000000000000082E-05 ), #705, 'distance_accuracy_value', 'NONE');
#1718 = SURFACE_STYLE_USAGE ( .BOTH. , #1091 ) ;
#1719 = EDGE_LOOP ( 'NONE', ( #3589, #3348, #3684, #3605, #854, #37, #406, #2433 ) ) ;
#1720 = PRESENTATION_STYLE_ASSIGNMENT (( #1981 ) ) ;
#1721 = COLOUR_RGB ( '',1.000000000000000000, 1.000000000000000000, 1.000000000000000000 ) ;
#1722 = DIRECTION ( 'NONE',  ( 0.000000000000000000, 0.000000000000000000, -1.000000000000000000 ) ) ;
#1723 = DIRECTION ( 'NONE',  ( -1.000000000000000000, 0.000000000000000000, 0.000000000000000000 ) ) ;
#1724 = VERTEX_POINT ( 'NONE', #2711 ) ;
#1725 = EDGE_CURVE ( 'NONE', #2414, #1174, #2673, .T. ) ;
#1726 = VERTEX_POINT ( 'NONE', #2755 ) ;
#1727 = SURFACE_STYLE_USAGE ( .BOTH. , #2015 ) ;
#1728 =( GEOMETRIC_REPRESENTATION_CONTEXT ( 3 ) GLOBAL_UNCERTAINTY_ASSIGNED_CONTEXT ( ( #3538 ) ) GLOBAL_UNIT_ASSIGNED_CONTEXT ( ( #1767, #1465, #1745 ) ) REPRESENTATION_CONTEXT ( 'NONE', 'WORKASPACE' ) );
#1729 = ORIENTED_EDGE ( 'NONE', *, *, #1297, .F. ) ;
#1730 = ORIENTED_EDGE ( 'NONE', *, *, #3019, .T. ) ;
#1731 = UNCERTAINTY_MEASURE_WITH_UNIT (LENGTH_MEASURE( 1.000000000000000082E-05 ), #1475, 'distance_accuracy_value', 'NONE');
#1732 = CARTESIAN_POINT ( 'NONE',  ( -1.300000000000000266, 1.299999999999999822, 0.1499999999999999944 ) ) ;
#1733 = CARTESIAN_POINT ( 'NONE',  ( 1.500000000000000000, -0.9000000000000000222, 0.000000000000000000 ) ) ;
#1734 = COLOUR_RGB ( '',0.9686274509803921573, 0.8784313725490195957, 0.5999999999999999778 ) ;
#1735 = PRESENTATION_LAYER_ASSIGNMENT (  '', '', ( #3463 ) ) ;
#1736 = LINE ( 'NONE', #1177, #1633 ) ;
#1737 = AXIS2_PLACEMENT_3D ( 'NONE', #3142, #2564, #644 ) ;
#1738 = FACE_OUTER_BOUND ( 'NONE', #1314, .T. ) ;
#1739 = VERTEX_POINT ( 'NONE', #584 ) ;
#1740 = LINE ( 'NONE', #2025, #428 ) ;
#1741 = SURFACE_STYLE_FILL_AREA ( #507 ) ;
#1742 = MECHANICAL_DESIGN_GEOMETRIC_PRESENTATION_REPRESENTATION (  '', ( #3921 ), #2258 ) ;
#1743 = CARTESIAN_POINT ( 'NONE',  ( 0.000000000000000000, 1.000000000000000000, 0.5425698042343681804 ) ) ;
#1744 = EDGE_LOOP ( 'NONE', ( #1054, #1791, #3243, #1500 ) ) ;
#1745 =( NAMED_UNIT ( * ) SI_UNIT ( $, .STERADIAN. ) SOLID_ANGLE_UNIT ( ) );
#1746 = SURFACE_STYLE_FILL_AREA ( #2348 ) ;
#1747 = SURFACE_STYLE_FILL_AREA ( #785 ) ;
#1748 = CARTESIAN_POINT ( 'NONE',  ( 0.000000000000000000, 0.9999999999999997780, 1.153808492753267689 ) ) ;
#1749 = ORIENTED_EDGE ( 'NONE', *, *, #3418, .F. ) ;
#1750 = FACE_OUTER_BOUND ( 'NONE', #1572, .T. ) ;
#1751 = ADVANCED_FACE ( 'NONE', ( #3945 ), #1482, .T. ) ;
#1752 = ORIENTED_EDGE ( 'NONE', *, *, #3654, .F. ) ;
#1753 = VERTEX_POINT ( 'NONE', #377 ) ;
#1754 = FACE_OUTER_BOUND ( 'NONE', #3414, .T. ) ;
#1755 = EDGE_CURVE ( 'NONE', #1810, #3376, #3422, .T. ) ;
#1756 = UNCERTAINTY_MEASURE_WITH_UNIT (LENGTH_MEASURE( 1.000000000000000082E-05 ), #2855, 'distance_accuracy_value', 'NONE');
#1757 = CARTESIAN_POINT ( 'NONE',  ( 1.299999999999999822, 0.9000000000000002442, 0.000000000000000000 ) ) ;
#1758 = AXIS2_PLACEMENT_3D ( 'NONE', #2805, #1900, #2830 ) ;
#1759 =( LENGTH_UNIT ( ) NAMED_UNIT ( * ) SI_UNIT ( .MILLI., .METRE. ) );
#1760 = ORIENTED_EDGE ( 'NONE', *, *, #121, .F. ) ;
#1761 = DIRECTION ( 'NONE',  ( 0.000000000000000000, 1.000000000000000000, 0.000000000000000000 ) ) ;
#1762 = CIRCLE ( 'NONE', #2335, 0.3499999999999998668 ) ;
#1763 = CARTESIAN_POINT ( 'NONE',  ( 1.100000000000000311, -1.100000000000000089, 0.000000000000000000 ) ) ;
#1764 = SURFACE_STYLE_USAGE ( .BOTH. , #277 ) ;
#1765 = ORIENTED_EDGE ( 'NONE', *, *, #3240, .T. ) ;
#1766 =( GEOMETRIC_REPRESENTATION_CONTEXT ( 3 ) GLOBAL_UNCERTAINTY_ASSIGNED_CONTEXT ( ( #2246 ) ) GLOBAL_UNIT_ASSIGNED_CONTEXT ( ( #2559, #1657, #3236 ) ) REPRESENTATION_CONTEXT ( 'NONE', 'WORKASPACE' ) );
#1767 =( LENGTH_UNIT ( ) NAMED_UNIT ( * ) SI_UNIT ( .MILLI., .METRE. ) );
#1768 = DIRECTION ( 'NONE',  ( 0.000000000000000000, -0.000000000000000000, -1.000000000000000000 ) ) ;
#1769 =( GEOMETRIC_REPRESENTATION_CONTEXT ( 3 ) GLOBAL_UNCERTAINTY_ASSIGNED_CONTEXT ( ( #2634 ) ) GLOBAL_UNIT_ASSIGNED_CONTEXT ( ( #2936, #3883, #2999 ) ) REPRESENTATION_CONTEXT ( 'NONE', 'WORKASPACE' ) );
#1770 = FILL_AREA_STYLE_COLOUR ( '', #2724 ) ;
#1771 = ORIENTED_EDGE ( 'NONE', *, *, #2540, .F. ) ;
#1772 =( NAMED_UNIT ( * ) SI_UNIT ( $, .STERADIAN. ) SOLID_ANGLE_UNIT ( ) );
#1773 = CARTESIAN_POINT ( 'NONE',  ( -0.2999999999999999889, -1.110180165558726451, 0.2999999999999999889 ) ) ;
#1774 =( GEOMETRIC_REPRESENTATION_CONTEXT ( 3 ) GLOBAL_UNCERTAINTY_ASSIGNED_CONTEXT ( ( #3235 ) ) GLOBAL_UNIT_ASSIGNED_CONTEXT ( ( #3049, #322, #1433 ) ) REPRESENTATION_CONTEXT ( 'NONE', 'WORKASPACE' ) );
#1775 = SURFACE_STYLE_USAGE ( .BOTH. , #2671 ) ;
#1776 = FACE_OUTER_BOUND ( 'NONE', #2490, .T. ) ;
#1777 =( GEOMETRIC_REPRESENTATION_CONTEXT ( 3 ) GLOBAL_UNCERTAINTY_ASSIGNED_CONTEXT ( ( #1605 ) ) GLOBAL_UNIT_ASSIGNED_CONTEXT ( ( #2759, #1240, #1525 ) ) REPRESENTATION_CONTEXT ( 'NONE', 'WORKASPACE' ) );
#1778 = ORIENTED_EDGE ( 'NONE', *, *, #363, .F. ) ;
#1779 = EDGE_CURVE ( 'NONE', #2756, #1594, #660, .T. ) ;
#1780 =( LENGTH_UNIT ( ) NAMED_UNIT ( * ) SI_UNIT ( .MILLI., .METRE. ) );
#1781 = DIRECTION ( 'NONE',  ( 1.000000000000000000, 0.000000000000000000, 0.000000000000000000 ) ) ;
#1782 = CARTESIAN_POINT ( 'NONE',  ( 1.100000000000000755, 0.9000000000000002442, 0.1499999999999999944 ) ) ;
#1783 = ORIENTED_EDGE ( 'NONE', *, *, #3359, .T. ) ;
#1784 = EDGE_CURVE ( 'NONE', #3926, #2285, #1615, .T. ) ;
#1785 = MANIFOLD_SOLID_BREP ( '组合1', #1667 ) ;
#1786 = LINE ( 'NONE', #3007, #1385 ) ;
#1787 = ORIENTED_EDGE ( 'NONE', *, *, #3467, .T. ) ;
#1788 = SURFACE_SIDE_STYLE ('',( #3934 ) ) ;
#1789 = CIRCLE ( 'NONE', #493, 0.2500000000000000000 ) ;
#1790 = LINE ( 'NONE', #3916, #2092 ) ;
#1791 = ORIENTED_EDGE ( 'NONE', *, *, #3291, .T. ) ;
#1792 = ORIENTED_EDGE ( 'NONE', *, *, #3811, .F. ) ;
#1793 = PRESENTATION_STYLE_ASSIGNMENT (( #560 ) ) ;
#1794 = PRESENTATION_STYLE_ASSIGNMENT (( #229 ) ) ;
#1795 =( NAMED_UNIT ( * ) SI_UNIT ( $, .STERADIAN. ) SOLID_ANGLE_UNIT ( ) );
#1796 =( NAMED_UNIT ( * ) PLANE_ANGLE_UNIT ( ) SI_UNIT ( $, .RADIAN. ) );
#1797 = STYLED_ITEM ( 'NONE', ( #2102 ), #2610 ) ;
#1798 = CIRCLE ( 'NONE', #1606, 0.2000000000000000944 ) ;
#1799 = SURFACE_SIDE_STYLE ('',( #1559 ) ) ;
#1800 = ORIENTED_EDGE ( 'NONE', *, *, #1883, .T. ) ;
#1801 = PLANE ( 'NONE',  #1885 ) ;
#1802 = STYLED_ITEM ( 'NONE', ( #1416 ), #1632 ) ;
#1803 = EDGE_CURVE ( 'NONE', #2706, #2992, #1600, .T. ) ;
#1804 = DIRECTION ( 'NONE',  ( 0.000000000000000000, -0.000000000000000000, -1.000000000000000000 ) ) ;
#1805 = PRESENTATION_STYLE_ASSIGNMENT (( #1764 ) ) ;
#1806 = CARTESIAN_POINT ( 'NONE',  ( 0.000000000000000000, 0.9468452210677921199, 1.250000000000000000 ) ) ;
#1807 = EDGE_CURVE ( 'NONE', #2244, #3785, #50, .T. ) ;
#1808 = AXIS2_PLACEMENT_3D ( 'NONE', #2995, #561, #1151 ) ;
#1809 = LINE ( 'NONE', #1, #3816 ) ;
#1810 = VERTEX_POINT ( 'NONE', #2523 ) ;
#1811 = FILL_AREA_STYLE_COLOUR ( '', #2478 ) ;
#1812 = FILL_AREA_STYLE_COLOUR ( '', #222 ) ;
#1813 = SURFACE_STYLE_FILL_AREA ( #797 ) ;
#1814 = ORIENTED_EDGE ( 'NONE', *, *, #1430, .F. ) ;
#1815 = FILL_AREA_STYLE ('',( #3602 ) ) ;
#1816 =( LENGTH_UNIT ( ) NAMED_UNIT ( * ) SI_UNIT ( .MILLI., .METRE. ) );
#1817 =( NAMED_UNIT ( * ) PLANE_ANGLE_UNIT ( ) SI_UNIT ( $, .RADIAN. ) );
#1818 = PRESENTATION_STYLE_ASSIGNMENT (( #3504 ) ) ;
#1819 = ORIENTED_EDGE ( 'NONE', *, *, #1562, .F. ) ;
#1820 =( LENGTH_UNIT ( ) NAMED_UNIT ( * ) SI_UNIT ( .MILLI., .METRE. ) );
#1821 = PRESENTATION_LAYER_ASSIGNMENT (  '', '', ( #3341 ) ) ;
#1822 = STYLED_ITEM ( 'NONE', ( #657 ), #1528 ) ;
#1823 = FILL_AREA_STYLE ('',( #275 ) ) ;
#1824 = FILL_AREA_STYLE_COLOUR ( '', #3911 ) ;
#1825 = EDGE_CURVE ( 'NONE', #3448, #713, #1613, .T. ) ;
#1826 = AXIS2_PLACEMENT_3D ( 'NONE', #567, #2104, #604 ) ;
#1827 = DIRECTION ( 'NONE',  ( -0.000000000000000000, -3.688601711469485225E-17, -1.000000000000000000 ) ) ;
#1828 = ORIENTED_EDGE ( 'NONE', *, *, #3050, .F. ) ;
#1829 = EDGE_CURVE ( 'NONE', #2918, #1100, #380, .T. ) ;
#1830 = SURFACE_STYLE_USAGE ( .BOTH. , #3010 ) ;
#1831 = AXIS2_PLACEMENT_3D ( 'NONE', #466, #2920, #3864 ) ;
#1832 = EDGE_LOOP ( 'NONE', ( #1248, #315, #3082, #1910 ) ) ;
#1833 = CARTESIAN_POINT ( 'NONE',  ( 1.100000000000000755, 0.9000000000000002442, 0.000000000000000000 ) ) ;
#1834 = DIRECTION ( 'NONE',  ( 1.000000000000000000, 0.000000000000000000, 0.000000000000000000 ) ) ;
#1835 = FILL_AREA_STYLE ('',( #3350 ) ) ;
#1836 =( GEOMETRIC_REPRESENTATION_CONTEXT ( 3 ) GLOBAL_UNCERTAINTY_ASSIGNED_CONTEXT ( ( #1110 ) ) GLOBAL_UNIT_ASSIGNED_CONTEXT ( ( #2419, #1512, #3028 ) ) REPRESENTATION_CONTEXT ( 'NONE', 'WORKASPACE' ) );
#1837 =( GEOMETRIC_REPRESENTATION_CONTEXT ( 3 ) GLOBAL_UNCERTAINTY_ASSIGNED_CONTEXT ( ( #59 ) ) GLOBAL_UNIT_ASSIGNED_CONTEXT ( ( #105, #1386, #1078 ) ) REPRESENTATION_CONTEXT ( 'NONE', 'WORKASPACE' ) );
#1838 = DIRECTION ( 'NONE',  ( -0.000000000000000000, -3.688601711469485225E-17, -1.000000000000000000 ) ) ;
#1839 = CARTESIAN_POINT ( 'NONE',  ( 1.099999999999999645, 1.299999999999999822, 0.000000000000000000 ) ) ;
#1840 = CYLINDRICAL_SURFACE ( 'NONE', #1867, 0.09999999999999993616 ) ;
#1841 = ORIENTED_EDGE ( 'NONE', *, *, #724, .T. ) ;
#1842 = CIRCLE ( 'NONE', #89, 0.5000000000000000000 ) ;
#1843 = DIRECTION ( 'NONE',  ( -0.000000000000000000, -3.688601711469485225E-17, -1.000000000000000000 ) ) ;
#1844 = PRESENTATION_STYLE_ASSIGNMENT (( #2431 ) ) ;
#1845 = UNCERTAINTY_MEASURE_WITH_UNIT (LENGTH_MEASURE( 1.000000000000000082E-05 ), #2632, 'distance_accuracy_value', 'NONE');
#1846 = CARTESIAN_POINT ( 'NONE',  ( 0.2999999999999999889, 0.4000000000000000222, 0.1499999999999999944 ) ) ;
#1847 = VERTEX_POINT ( 'NONE', #70 ) ;
#1848 = FACE_OUTER_BOUND ( 'NONE', #548, .T. ) ;
#1849 = AXIS2_PLACEMENT_3D ( 'NONE', #1045, #3503, #730 ) ;
#1850 = ADVANCED_FACE ( 'NONE', ( #988 ), #2223, .F. ) ;
#1851 = CARTESIAN_POINT ( 'NONE',  ( 0.000000000000000000, 0.9999999999999997780, -3.688601711469485225E-17 ) ) ;
#1852 = VERTEX_POINT ( 'NONE', #726 ) ;
#1853 = CARTESIAN_POINT ( 'NONE',  ( 0.000000000000000000, 0.8499999999999998668, 1.200000000000000178 ) ) ;
#1854 = LINE ( 'NONE', #941, #522 ) ;
#1855 =( NAMED_UNIT ( * ) SI_UNIT ( $, .STERADIAN. ) SOLID_ANGLE_UNIT ( ) );
#1856 = ORIENTED_EDGE ( 'NONE', *, *, #2589, .T. ) ;
#1857 = CIRCLE ( 'NONE', #3905, 0.8500000000000000888 ) ;
#1858 =( NAMED_UNIT ( * ) PLANE_ANGLE_UNIT ( ) SI_UNIT ( $, .RADIAN. ) );
#1859 = CARTESIAN_POINT ( 'NONE',  ( 0.000000000000000000, 0.9316181806841049573, 0.5990149732453686759 ) ) ;
#1860 = COLOUR_RGB ( '',0.9686274509803921573, 0.8784313725490195957, 0.5999999999999999778 ) ;
#1861 = EDGE_LOOP ( 'NONE', ( #3265, #3706, #2658, #2393 ) ) ;
#1862 = DIRECTION ( 'NONE',  ( -0.000000000000000000, -0.000000000000000000, 1.000000000000000000 ) ) ;
#1863 = VECTOR ( 'NONE', #64, 1000.000000000000000 ) ;
#1864 = VECTOR ( 'NONE', #2699, 1000.000000000000000 ) ;
#1865 = CARTESIAN_POINT ( 'NONE',  ( 0.2999999999999998224, 3.697657839361050806E-17, 0.1499999999999999944 ) ) ;
#1866 = STYLED_ITEM ( 'NONE', ( #2248 ), #3342 ) ;
#1867 = AXIS2_PLACEMENT_3D ( 'NONE', #1458, #3925, #3281 ) ;
#1868 =( NAMED_UNIT ( * ) SI_UNIT ( $, .STERADIAN. ) SOLID_ANGLE_UNIT ( ) );
#1869 = VERTEX_POINT ( 'NONE', #3211 ) ;
#1870 = CARTESIAN_POINT ( 'NONE',  ( 0.000000000000000000, 0.000000000000000000, 1.050000000000000044 ) ) ;
#1871 = CARTESIAN_POINT ( 'NONE',  ( 0.000000000000000000, 0.000000000000000000, 0.9499999999999998446 ) ) ;
#1872 = ORIENTED_EDGE ( 'NONE', *, *, #2205, .F. ) ;
#1873 = VECTOR ( 'NONE', #3370, 1000.000000000000000 ) ;
#1874 = DIRECTION ( 'NONE',  ( 0.000000000000000000, 0.000000000000000000, -1.000000000000000000 ) ) ;
#1875 = CARTESIAN_POINT ( 'NONE',  ( 0.000000000000000000, -1.550000000000000266, 0.1499999999999999944 ) ) ;
#1876 = PRESENTATION_STYLE_ASSIGNMENT (( #1254 ) ) ;
#1877 = EDGE_CURVE ( 'NONE', #3568, #2426, #2063, .T. ) ;
#1878 = DIRECTION ( 'NONE',  ( -0.000000000000000000, -0.000000000000000000, 1.000000000000000000 ) ) ;
#1879 = DIRECTION ( 'NONE',  ( 0.000000000000000000, 0.000000000000000000, 1.000000000000000000 ) ) ;
#1880 = CARTESIAN_POINT ( 'NONE',  ( 0.000000000000000000, 0.000000000000000000, 0.9499999999999998446 ) ) ;
#1881 = ORIENTED_EDGE ( 'NONE', *, *, #3578, .F. ) ;
#1882 =( NAMED_UNIT ( * ) SI_UNIT ( $, .STERADIAN. ) SOLID_ANGLE_UNIT ( ) );
#1883 = EDGE_CURVE ( 'NONE', #2212, #3185, #3778, .T. ) ;
#1884 = PRESENTATION_STYLE_ASSIGNMENT (( #946 ) ) ;
#1885 = AXIS2_PLACEMENT_3D ( 'NONE', #3423, #1923, #1601 ) ;
#1886 = VERTEX_POINT ( 'NONE', #709 ) ;
#1887 = UNCERTAINTY_MEASURE_WITH_UNIT (LENGTH_MEASURE( 1.000000000000000082E-05 ), #2917, 'distance_accuracy_value', 'NONE');
#1888 = FILL_AREA_STYLE_COLOUR ( '', #637 ) ;
#1889 = SURFACE_STYLE_FILL_AREA ( #2778 ) ;
#1890 = VERTEX_POINT ( 'NONE', #451 ) ;
#1891 = LINE ( 'NONE', #3738, #920 ) ;
#1892 = DIRECTION ( 'NONE',  ( 1.000000000000000000, 0.000000000000000000, 0.000000000000000000 ) ) ;
#1893 = PRESENTATION_LAYER_ASSIGNMENT (  '', '', ( #397 ) ) ;
#1894 = ORIENTED_EDGE ( 'NONE', *, *, #2544, .F. ) ;
#1895 = EDGE_LOOP ( 'NONE', ( #3656, #3143, #2674, #1881 ) ) ;
#1896 = CARTESIAN_POINT ( 'NONE',  ( 0.000000000000000000, 0.9316181806841048463, 0.7026266533477543152 ) ) ;
#1897 = LINE ( 'NONE', #1252, #642 ) ;
#1898 = LINE ( 'NONE', #2828, #1039 ) ;
#1899 =( GEOMETRIC_REPRESENTATION_CONTEXT ( 3 ) GLOBAL_UNCERTAINTY_ASSIGNED_CONTEXT ( ( #2829 ) ) GLOBAL_UNIT_ASSIGNED_CONTEXT ( ( #3026, #3596, #2415 ) ) REPRESENTATION_CONTEXT ( 'NONE', 'WORKASPACE' ) );
#1901 = PRESENTATION_LAYER_ASSIGNMENT (  '', '', ( #3360 ) ) ;
#1900 = DIRECTION ( 'NONE',  ( -0.000000000000000000, 0.000000000000000000, 1.000000000000000000 ) ) ;
#1902 = CARTESIAN_POINT ( 'NONE',  ( 1.099999999999999645, 1.099999999999999645, 0.000000000000000000 ) ) ;
#1903 = EDGE_CURVE ( 'NONE', #1259, #2110, #109, .T. ) ;
#1904 = CYLINDRICAL_SURFACE ( 'NONE', #625, 0.2500000000000000000 ) ;
#1905 = CARTESIAN_POINT ( 'NONE',  ( -0.09999999999999993616, 1.224646799147352344E-17, 1.050000000000000044 ) ) ;
#1906 = DIRECTION ( 'NONE',  ( -0.000000000000000000, -3.688601711469485225E-17, -1.000000000000000000 ) ) ;
#1907 = EDGE_CURVE ( 'NONE', #1847, #1739, #2255, .T. ) ;
#1908 = AXIS2_PLACEMENT_3D ( 'NONE', #830, #2372, #3556 ) ;
#1909 =( GEOMETRIC_REPRESENTATION_CONTEXT ( 3 ) GLOBAL_UNCERTAINTY_ASSIGNED_CONTEXT ( ( #1242 ) ) GLOBAL_UNIT_ASSIGNED_CONTEXT ( ( #723, #1629, #2535 ) ) REPRESENTATION_CONTEXT ( 'NONE', 'WORKASPACE' ) );
#1910 = ORIENTED_EDGE ( 'NONE', *, *, #666, .F. ) ;
#1911 = LINE ( 'NONE', #1621, #104 ) ;
#1912 = COLOUR_RGB ( '',0.9686274509803921573, 0.8784313725490195957, 0.5999999999999999778 ) ;
#1913 = DIRECTION ( 'NONE',  ( -0.000000000000000000, -3.688601711469485225E-17, -1.000000000000000000 ) ) ;
#1914 = ADVANCED_FACE ( 'NONE', ( #146, #3500 ), #3814, .T. ) ;
#1915 = CARTESIAN_POINT ( 'NONE',  ( -1.150000000000000133, -3.344665278437794552E-17, 0.2999999999999999889 ) ) ;
#1916 = ORIENTED_EDGE ( 'NONE', *, *, #344, .T. ) ;
#1917 = FILL_AREA_STYLE ('',( #2195 ) ) ;
#1918 =( LENGTH_UNIT ( ) NAMED_UNIT ( * ) SI_UNIT ( .MILLI., .METRE. ) );
#1919 = UNCERTAINTY_MEASURE_WITH_UNIT (LENGTH_MEASURE( 1.000000000000000082E-05 ), #482, 'distance_accuracy_value', 'NONE');
#1920 = FACE_OUTER_BOUND ( 'NONE', #1929, .T. ) ;
#1921 = ORIENTED_EDGE ( 'NONE', *, *, #2124, .T. ) ;
#1922 = PRESENTATION_STYLE_ASSIGNMENT (( #1281 ) ) ;
#1923 = DIRECTION ( 'NONE',  ( 0.7071067811865487940, 0.7071067811865462405, 0.000000000000000000 ) ) ;
#1924 = VECTOR ( 'NONE', #3002, 1000.000000000000000 ) ;
#1925 = EDGE_LOOP ( 'NONE', ( #3585, #3690, #2455, #1792 ) ) ;
#1926 = ADVANCED_FACE ( 'NONE', ( #1341 ), #3515, .T. ) ;
#1927 = STYLED_ITEM ( 'NONE', ( #1844 ), #2274 ) ;
#1928 = DIRECTION ( 'NONE',  ( -0.000000000000000000, -0.000000000000000000, 1.000000000000000000 ) ) ;
#1929 = EDGE_LOOP ( 'NONE', ( #388, #2974, #2720, #529 ) ) ;
#1930 = TOROIDAL_SURFACE ( 'NONE', #572, 0.9000000000000001332, 0.04999999999999985706 ) ;
#1931 = EDGE_CURVE ( 'NONE', #973, #2341, #3030, .T. ) ;
#1932 = DIRECTION ( 'NONE',  ( 1.000000000000000000, 0.000000000000000000, 0.000000000000000000 ) ) ;
#1933 = FACE_OUTER_BOUND ( 'NONE', #580, .T. ) ;
#1934 = MECHANICAL_DESIGN_GEOMETRIC_PRESENTATION_REPRESENTATION (  '', ( #2577 ), #3402 ) ;
#1935 = FILL_AREA_STYLE_COLOUR ( '', #2178 ) ;
#1936 = CARTESIAN_POINT ( 'NONE',  ( -1.500000000000000000, 0.9000000000000002442, 0.1499999999999999944 ) ) ;
#1937 = CARTESIAN_POINT ( 'NONE',  ( 1.300000000000000266, -0.9000000000000000222, 0.1499999999999999944 ) ) ;
#1938 = DIRECTION ( 'NONE',  ( -1.000000000000000000, 0.000000000000000000, 0.000000000000000000 ) ) ;
#1939 = CARTESIAN_POINT ( 'NONE',  ( 0.000000000000000000, -1.742810346863235915E-16, 0.1499999999999999944 ) ) ;
#1940 = EDGE_LOOP ( 'NONE', ( #1729, #776, #1574, #2053 ) ) ;
#1941 = PRESENTATION_LAYER_ASSIGNMENT (  '', '', ( #3661 ) ) ;
#1942 = DIRECTION ( 'NONE',  ( -1.000000000000000000, 0.000000000000000000, 0.000000000000000000 ) ) ;
#1943 = LINE ( 'NONE', #1865, #3903 ) ;
#1944 = DIRECTION ( 'NONE',  ( -1.000000000000000000, 2.710505431213766015E-16, 0.000000000000000000 ) ) ;
#1945 = VERTEX_POINT ( 'NONE', #1733 ) ;
#1946 = CARTESIAN_POINT ( 'NONE',  ( 1.100000000000000755, -0.8999999999999999112, 0.1499999999999999944 ) ) ;
#1947 = DIRECTION ( 'NONE',  ( 1.000000000000000000, 0.000000000000000000, 0.000000000000000000 ) ) ;
#1948 = EDGE_CURVE ( 'NONE', #2268, #3384, #1490, .T. ) ;
#1949 = DIRECTION ( 'NONE',  ( 0.000000000000000000, -3.688601711469485225E-17, -1.000000000000000000 ) ) ;
#1950 =( LENGTH_UNIT ( ) NAMED_UNIT ( * ) SI_UNIT ( .MILLI., .METRE. ) );
#1951 = VECTOR ( 'NONE', #1221, 1000.000000000000000 ) ;
#1952 = EDGE_CURVE ( 'NONE', #953, #2110, #1553, .T. ) ;
#1953 = STYLED_ITEM ( 'NONE', ( #149 ), #3737 ) ;
#1954 = DIRECTION ( 'NONE',  ( -1.000000000000000000, 0.000000000000000000, 0.000000000000000000 ) ) ;
#1955 = AXIS2_PLACEMENT_3D ( 'NONE', #2704, #2128, #2686 ) ;
#1956 = FACE_OUTER_BOUND ( 'NONE', #12, .T. ) ;
#1957 = CIRCLE ( 'NONE', #1323, 0.9316181806841051793 ) ;
#1958 = AXIS2_PLACEMENT_3D ( 'NONE', #2354, #3323, #2076 ) ;
#1959 = DIRECTION ( 'NONE',  ( 1.000000000000000000, 0.000000000000000000, 0.000000000000000000 ) ) ;
#1960 =( LENGTH_UNIT ( ) NAMED_UNIT ( * ) SI_UNIT ( .MILLI., .METRE. ) );
#1961 = VERTEX_POINT ( 'NONE', #2113 ) ;
#1962 = SURFACE_STYLE_USAGE ( .BOTH. , #3765 ) ;
#1963 = UNCERTAINTY_MEASURE_WITH_UNIT (LENGTH_MEASURE( 1.000000000000000082E-05 ), #3762, 'distance_accuracy_value', 'NONE');
#1964 =( GEOMETRIC_REPRESENTATION_CONTEXT ( 3 ) GLOBAL_UNCERTAINTY_ASSIGNED_CONTEXT ( ( #2041 ) ) GLOBAL_UNIT_ASSIGNED_CONTEXT ( ( #3172, #1650, #1612 ) ) REPRESENTATION_CONTEXT ( 'NONE', 'WORKASPACE' ) );
#1965 = DIRECTION ( 'NONE',  ( -0.000000000000000000, -0.000000000000000000, 1.000000000000000000 ) ) ;
#1966 = FACE_OUTER_BOUND ( 'NONE', #1394, .T. ) ;
#1967 = ORIENTED_EDGE ( 'NONE', *, *, #1089, .T. ) ;
#1968 =( NAMED_UNIT ( * ) SI_UNIT ( $, .STERADIAN. ) SOLID_ANGLE_UNIT ( ) );
#1969 = STYLED_ITEM ( 'NONE', ( #1571 ), #1272 ) ;
#1970 =( NAMED_UNIT ( * ) SI_UNIT ( $, .STERADIAN. ) SOLID_ANGLE_UNIT ( ) );
#1971 = PRESENTATION_LAYER_ASSIGNMENT (  '', '', ( #1336 ) ) ;
#1972 = LINE ( 'NONE', #391, #1582 ) ;
#1973 = PRESENTATION_STYLE_ASSIGNMENT (( #3829 ) ) ;
#1974 = ADVANCED_FACE ( 'NONE', ( #3349 ), #3294, .F. ) ;
#1975 = DIRECTION ( 'NONE',  ( 1.000000000000000000, 0.000000000000000000, 0.000000000000000000 ) ) ;
#1976 = CARTESIAN_POINT ( 'NONE',  ( -1.500000000000000000, -0.8999999999999999112, 0.1499999999999999944 ) ) ;
#1977 = EDGE_CURVE ( 'NONE', #1739, #1380, #758, .T. ) ;
#1978 = CARTESIAN_POINT ( 'NONE',  ( 0.2999999999999999889, 1.549999999999999822, 0.000000000000000000 ) ) ;
#1979 =( LENGTH_UNIT ( ) NAMED_UNIT ( * ) SI_UNIT ( .MILLI., .METRE. ) );
#1980 = EDGE_LOOP ( 'NONE', ( #336, #2035, #3933, #61, #2622, #602 ) ) ;
#1981 = SURFACE_STYLE_USAGE ( .BOTH. , #3547 ) ;
#1982 = CIRCLE ( 'NONE', #2680, 0.5000000000000000000 ) ;
#1983 = PRESENTATION_STYLE_ASSIGNMENT (( #2965 ) ) ;
#1984 = PRESENTATION_STYLE_ASSIGNMENT (( #3826 ) ) ;
#1985 = ORIENTED_EDGE ( 'NONE', *, *, #550, .T. ) ;
#1986 = CARTESIAN_POINT ( 'NONE',  ( 0.000000000000000000, -1.742810346863235915E-16, 0.1499999999999999944 ) ) ;
#1987 = FILL_AREA_STYLE ('',( #3510 ) ) ;
#1988 = DIRECTION ( 'NONE',  ( 0.000000000000000000, 1.000000000000000000, -3.688601711469485225E-17 ) ) ;
#1989 = MECHANICAL_DESIGN_GEOMETRIC_PRESENTATION_REPRESENTATION (  '', ( #3065 ), #2111 ) ;
#1990 = MECHANICAL_DESIGN_GEOMETRIC_PRESENTATION_REPRESENTATION (  '', ( #3525 ), #1610 ) ;
#1991 = DIRECTION ( 'NONE',  ( 1.000000000000000000, 0.000000000000000000, 0.000000000000000000 ) ) ;
#1992 = PRESENTATION_STYLE_ASSIGNMENT (( #3793 ) ) ;
#1993 = DIRECTION ( 'NONE',  ( -0.000000000000000000, -0.000000000000000000, 1.000000000000000000 ) ) ;
#1994 = CIRCLE ( 'NONE', #245, 1.150000000000000133 ) ;
#1995 = PRESENTATION_LAYER_ASSIGNMENT (  '', '', ( #3076 ) ) ;
#1996 = CARTESIAN_POINT ( 'NONE',  ( 0.000000000000000000, 0.000000000000000000, 0.9499999999999998446 ) ) ;
#1997 = ADVANCED_FACE ( 'NONE', ( #2975 ), #3900, .F. ) ;
#1998 = SURFACE_STYLE_USAGE ( .BOTH. , #748 ) ;
#1999 = DIRECTION ( 'NONE',  ( 0.000000000000000000, 1.000000000000000000, 0.000000000000000000 ) ) ;
#2000 = CARTESIAN_POINT ( 'NONE',  ( 1.100000000000000755, 0.9000000000000002442, 0.000000000000000000 ) ) ;
#2001 = DIRECTION ( 'NONE',  ( -1.000000000000000000, 0.000000000000000000, 0.000000000000000000 ) ) ;
#2002 = ORIENTED_EDGE ( 'NONE', *, *, #3578, .T. ) ;
#2003 = EDGE_CURVE ( 'NONE', #234, #3483, #917, .T. ) ;
#2004 = FACE_OUTER_BOUND ( 'NONE', #3217, .T. ) ;
#2005 =( LENGTH_UNIT ( ) NAMED_UNIT ( * ) SI_UNIT ( .MILLI., .METRE. ) );
#2006 = CIRCLE ( 'NONE', #3928, 0.2000000000000000389 ) ;
#2007 = LINE ( 'NONE', #2621, #676 ) ;
#2008 = ORIENTED_EDGE ( 'NONE', *, *, #589, .F. ) ;
#2009 = SURFACE_STYLE_FILL_AREA ( #3287 ) ;
#2010 = LINE ( 'NONE', #220, #207 ) ;
#2011 = FILL_AREA_STYLE_COLOUR ( '', #1019 ) ;
#2012 = CARTESIAN_POINT ( 'NONE',  ( 1.500000000000000000, 0.9000000000000002442, 0.000000000000000000 ) ) ;
#2013 = EDGE_LOOP ( 'NONE', ( #227, #2396, #2583, #1402 ) ) ;
#2014 = DIRECTION ( 'NONE',  ( -1.000000000000000000, 0.000000000000000000, 0.000000000000000000 ) ) ;
#2015 = SURFACE_SIDE_STYLE ('',( #2906 ) ) ;
#2016 = ORIENTED_EDGE ( 'NONE', *, *, #2893, .T. ) ;
#2017 = UNCERTAINTY_MEASURE_WITH_UNIT (LENGTH_MEASURE( 1.000000000000000082E-05 ), #3930, 'distance_accuracy_value', 'NONE');
#2018 = CARTESIAN_POINT ( 'NONE',  ( 0.2999999999999999889, 0.4043161330825918998, 0.1499999999999999667 ) ) ;
#2019 = DIRECTION ( 'NONE',  ( 1.000000000000000000, 0.000000000000000000, 0.000000000000000000 ) ) ;
#2020 = COLOUR_RGB ( '',1.000000000000000000, 1.000000000000000000, 1.000000000000000000 ) ;
#2021 = CARTESIAN_POINT ( 'NONE',  ( 0.000000000000000000, -2.039303285069577064E-16, 0.3499999999999999223 ) ) ;
#2022 = COLOUR_RGB ( '',0.9686274509803921573, 0.8784313725490195957, 0.5999999999999999778 ) ;
#2023 = DIRECTION ( 'NONE',  ( 1.000000000000000000, 0.000000000000000000, 0.000000000000000000 ) ) ;
#2024 = ORIENTED_EDGE ( 'NONE', *, *, #3682, .F. ) ;
#2025 = CARTESIAN_POINT ( 'NONE',  ( -1.300000000000000266, 0.9000000000000002442, 0.3499999999999999778 ) ) ;
#2026 = COLOUR_RGB ( '',1.000000000000000000, 1.000000000000000000, 1.000000000000000000 ) ;
#2027 = EDGE_CURVE ( 'NONE', #2089, #718, #3111, .T. ) ;
#2028 = DIRECTION ( 'NONE',  ( -0.000000000000000000, 0.000000000000000000, -1.000000000000000000 ) ) ;
#2029 = VERTEX_POINT ( 'NONE', #3692 ) ;
#2030 = DIRECTION ( 'NONE',  ( 0.000000000000000000, -0.000000000000000000, 1.000000000000000000 ) ) ;
#2031 = ADVANCED_FACE ( 'NONE', ( #961 ), #3791, .F. ) ;
#2032 =( GEOMETRIC_REPRESENTATION_CONTEXT ( 3 ) GLOBAL_UNCERTAINTY_ASSIGNED_CONTEXT ( ( #2361 ) ) GLOBAL_UNIT_ASSIGNED_CONTEXT ( ( #2609, #178, #2052 ) ) REPRESENTATION_CONTEXT ( 'NONE', 'WORKASPACE' ) );
#2033 =( LENGTH_UNIT ( ) NAMED_UNIT ( * ) SI_UNIT ( .MILLI., .METRE. ) );
#2034 = LINE ( 'NONE', #3208, #2656 ) ;
#2035 = ORIENTED_EDGE ( 'NONE', *, *, #1977, .T. ) ;
#2036 = VERTEX_POINT ( 'NONE', #3416 ) ;
#2037 =( GEOMETRIC_REPRESENTATION_CONTEXT ( 3 ) GLOBAL_UNCERTAINTY_ASSIGNED_CONTEXT ( ( #45 ) ) GLOBAL_UNIT_ASSIGNED_CONTEXT ( ( #2170, #3973, #2740 ) ) REPRESENTATION_CONTEXT ( 'NONE', 'WORKASPACE' ) );
#2038 = PLANE ( 'NONE',  #824 ) ;
#2039 = DIRECTION ( 'NONE',  ( 1.000000000000000000, 0.000000000000000000, 0.000000000000000000 ) ) ;
#2040 = LINE ( 'NONE', #3212, #67 ) ;
#2041 = UNCERTAINTY_MEASURE_WITH_UNIT (LENGTH_MEASURE( 1.000000000000000082E-05 ), #3172, 'distance_accuracy_value', 'NONE');
#2042 = UNCERTAINTY_MEASURE_WITH_UNIT (LENGTH_MEASURE( 1.000000000000000082E-05 ), #2709, 'distance_accuracy_value', 'NONE');
#2043 = DIRECTION ( 'NONE',  ( -0.000000000000000000, -3.688601711469485225E-17, -1.000000000000000000 ) ) ;
#2044 = FILL_AREA_STYLE ('',( #3482 ) ) ;
#2045 = ORIENTED_EDGE ( 'NONE', *, *, #2676, .T. ) ;
#2046 = DIRECTION ( 'NONE',  ( -0.000000000000000000, -3.688601711469485225E-17, -1.000000000000000000 ) ) ;
#2047 = DIRECTION ( 'NONE',  ( 0.000000000000000000, 0.000000000000000000, -1.000000000000000000 ) ) ;
#2048 = ORIENTED_EDGE ( 'NONE', *, *, #3313, .T. ) ;
#2049 = CARTESIAN_POINT ( 'NONE',  ( 0.000000000000000000, 0.9468452210677921199, 1.250000000000000000 ) ) ;
#2050 = EDGE_CURVE ( 'NONE', #2918, #1467, #2515, .T. ) ;
#2051 =( NAMED_UNIT ( * ) SI_UNIT ( $, .STERADIAN. ) SOLID_ANGLE_UNIT ( ) );
#2052 =( NAMED_UNIT ( * ) SI_UNIT ( $, .STERADIAN. ) SOLID_ANGLE_UNIT ( ) );
#2053 = ORIENTED_EDGE ( 'NONE', *, *, #3705, .T. ) ;
#2055 =( NAMED_UNIT ( * ) SI_UNIT ( $, .STERADIAN. ) SOLID_ANGLE_UNIT ( ) );
#2054 = CONICAL_SURFACE ( 'NONE', #882, 0.9468452210677923420, 0.5048320198941952386 ) ;
#2056 = EDGE_CURVE ( 'NONE', #1439, #3483, #1897, .T. ) ;
#2057 = CARTESIAN_POINT ( 'NONE',  ( 1.299999999999999822, 1.299999999999999822, 0.3499999999999999778 ) ) ;
#2058 = VECTOR ( 'NONE', #3552, 1000.000000000000000 ) ;
#2059 = ORIENTED_EDGE ( 'NONE', *, *, #1532, .F. ) ;
#2060 = EDGE_LOOP ( 'NONE', ( #2101, #3293, #2216, #3885 ) ) ;
#2061 = CARTESIAN_POINT ( 'NONE',  ( 0.000000000000000000, -1.530808498934191509E-17, 1.199999999999999956 ) ) ;
#2062 = SURFACE_STYLE_USAGE ( .BOTH. , #2402 ) ;
#2063 = CIRCLE ( 'NONE', #2450, 0.5034595668679463509 ) ;
#2064 = VERTEX_POINT ( 'NONE', #288 ) ;
#2065 = CARTESIAN_POINT ( 'NONE',  ( -0.2999999999999999889, 0.4000000000000000222, 0.000000000000000000 ) ) ;
#2066 = COLOUR_RGB ( '',0.9686274509803921573, 0.8784313725490195957, 0.5999999999999999778 ) ;
#2067 = STYLED_ITEM ( 'NONE', ( #617 ), #2031 ) ;
#2068 = SURFACE_STYLE_FILL_AREA ( #2289 ) ;
#2069 = ORIENTED_EDGE ( 'NONE', *, *, #1784, .F. ) ;
#2070 = FILL_AREA_STYLE_COLOUR ( '', #1860 ) ;
#2071 = COLOUR_RGB ( '',0.9686274509803921573, 0.8784313725490195957, 0.5999999999999999778 ) ;
#2072 = DIRECTION ( 'NONE',  ( -0.000000000000000000, -3.688601711469485225E-17, -1.000000000000000000 ) ) ;
#2073 = ORIENTED_EDGE ( 'NONE', *, *, #2519, .T. ) ;
#2074 = PRESENTATION_STYLE_ASSIGNMENT (( #1468 ) ) ;
#2075 =( NAMED_UNIT ( * ) SI_UNIT ( $, .STERADIAN. ) SOLID_ANGLE_UNIT ( ) );
#2076 = DIRECTION ( 'NONE',  ( 1.000000000000000000, 0.000000000000000000, 0.000000000000000000 ) ) ;
#2077 = ADVANCED_FACE ( 'NONE', ( #654 ), #636, .T. ) ;
#2078 = ORIENTED_EDGE ( 'NONE', *, *, #3682, .T. ) ;
#2079 =( NAMED_UNIT ( * ) SI_UNIT ( $, .STERADIAN. ) SOLID_ANGLE_UNIT ( ) );
#2080 = CARTESIAN_POINT ( 'NONE',  ( -0.3000000000000001554, -3.697657839361055120E-17, 0.1499999999999999944 ) ) ;
#2081 = SURFACE_STYLE_FILL_AREA ( #1835 ) ;
#2082 = DIRECTION ( 'NONE',  ( -1.000000000000000000, 0.000000000000000000, 0.000000000000000000 ) ) ;
#2083 = AXIS2_PLACEMENT_3D ( 'NONE', #1497, #3923, #3621 ) ;
#2084 = CARTESIAN_POINT ( 'NONE',  ( 0.000000000000000000, 0.000000000000000000, 0.1499999999999999944 ) ) ;
#2085 = ORIENTED_EDGE ( 'NONE', *, *, #1755, .F. ) ;
#2086 = LINE ( 'NONE', #865, #166 ) ;
#2087 = AXIS2_PLACEMENT_3D ( 'NONE', #2387, #3608, #883 ) ;
#2088 = DIRECTION ( 'NONE',  ( 0.000000000000000000, 1.000000000000000000, 0.000000000000000000 ) ) ;
#2089 = VERTEX_POINT ( 'NONE', #353 ) ;
#2090 = AXIS2_PLACEMENT_3D ( 'NONE', #843, #3296, #821 ) ;
#2091 = DIRECTION ( 'NONE',  ( -0.000000000000000000, -0.000000000000000000, -1.000000000000000000 ) ) ;
#2092 = VECTOR ( 'NONE', #3579, 1000.000000000000000 ) ;
#2093 = AXIS2_PLACEMENT_3D ( 'NONE', #515, #3830, #535 ) ;
#2094 = ORIENTED_EDGE ( 'NONE', *, *, #19, .T. ) ;
#2095 = DIRECTION ( 'NONE',  ( -0.000000000000000000, -0.000000000000000000, 1.000000000000000000 ) ) ;
#2096 = CIRCLE ( 'NONE', #999, 0.09999999999999999167 ) ;
#2097 = DIRECTION ( 'NONE',  ( 1.000000000000000000, 0.000000000000000000, -0.000000000000000000 ) ) ;
#2098 = EDGE_CURVE ( 'NONE', #634, #296, #1381, .T. ) ;
#2099 =( NAMED_UNIT ( * ) PLANE_ANGLE_UNIT ( ) SI_UNIT ( $, .RADIAN. ) );
#2100 = STYLED_ITEM ( 'NONE', ( #2471 ), #3132 ) ;
#2101 = ORIENTED_EDGE ( 'NONE', *, *, #812, .T. ) ;
#2102 = PRESENTATION_STYLE_ASSIGNMENT (( #924 ) ) ;
#2103 = EDGE_CURVE ( 'NONE', #508, #713, #242, .T. ) ;
#2104 = DIRECTION ( 'NONE',  ( -0.000000000000000000, 0.000000000000000000, 1.000000000000000000 ) ) ;
#2105 = DIRECTION ( 'NONE',  ( 0.000000000000000000, 1.000000000000000000, -3.688601711469484608E-17 ) ) ;
#2106 = FACE_OUTER_BOUND ( 'NONE', #2267, .T. ) ;
#2107 = ORIENTED_EDGE ( 'NONE', *, *, #3811, .T. ) ;
#2108 = DIRECTION ( 'NONE',  ( 1.000000000000000000, 0.000000000000000000, 0.000000000000000000 ) ) ;
#2109 = VECTOR ( 'NONE', #2181, 1000.000000000000000 ) ;
#2110 = VERTEX_POINT ( 'NONE', #3509 ) ;
#2111 =( GEOMETRIC_REPRESENTATION_CONTEXT ( 3 ) GLOBAL_UNCERTAINTY_ASSIGNED_CONTEXT ( ( #1432 ) ) GLOBAL_UNIT_ASSIGNED_CONTEXT ( ( #1820, #903, #3036 ) ) REPRESENTATION_CONTEXT ( 'NONE', 'WORKASPACE' ) );
#2112 = CARTESIAN_POINT ( 'NONE',  ( 0.3499999999999998668, 0.000000000000000000, 0.2500000000000000000 ) ) ;
#2113 = CARTESIAN_POINT ( 'NONE',  ( -1.300000000000000266, 0.9000000000000002442, 0.1499999999999999944 ) ) ;
#2114 = VECTOR ( 'NONE', #176, 1000.000000000000227 ) ;
#2115 = FACE_OUTER_BOUND ( 'NONE', #1250, .T. ) ;
#2116 = EDGE_CURVE ( 'NONE', #271, #2499, #3780, .T. ) ;
#2117 = PRESENTATION_LAYER_ASSIGNMENT (  '', '', ( #690 ) ) ;
#2118 = AXIS2_PLACEMENT_3D ( 'NONE', #1496, #840, #635 ) ;
#2119 = DIRECTION ( 'NONE',  ( -0.000000000000000000, -0.000000000000000000, 1.000000000000000000 ) ) ;
#2120 =( NAMED_UNIT ( * ) SI_UNIT ( $, .STERADIAN. ) SOLID_ANGLE_UNIT ( ) );
#2121 = ORIENTED_EDGE ( 'NONE', *, *, #3513, .T. ) ;
#2122 =( GEOMETRIC_REPRESENTATION_CONTEXT ( 3 ) GLOBAL_UNCERTAINTY_ASSIGNED_CONTEXT ( ( #3766 ) ) GLOBAL_UNIT_ASSIGNED_CONTEXT ( ( #1570, #670, #403 ) ) REPRESENTATION_CONTEXT ( 'NONE', 'WORKASPACE' ) );
#2123 = PRESENTATION_LAYER_ASSIGNMENT (  '', '', ( #1802 ) ) ;
#2124 = EDGE_CURVE ( 'NONE', #361, #3066, #3322, .T. ) ;
#2125 = AXIS2_PLACEMENT_3D ( 'NONE', #1880, #2834, #3740 ) ;
#2126 =( NAMED_UNIT ( * ) PLANE_ANGLE_UNIT ( ) SI_UNIT ( $, .RADIAN. ) );
#2127 = ORIENTED_EDGE ( 'NONE', *, *, #523, .T. ) ;
#2128 = DIRECTION ( 'NONE',  ( 1.000000000000000000, -0.000000000000000000, 0.000000000000000000 ) ) ;
#2129 = VECTOR ( 'NONE', #31, 1000.000000000000000 ) ;
#2130 = SURFACE_SIDE_STYLE ('',( #1554 ) ) ;
#2131 = ORIENTED_EDGE ( 'NONE', *, *, #2116, .F. ) ;
#2132 = FACE_OUTER_BOUND ( 'NONE', #1417, .T. ) ;
#2133 = DIRECTION ( 'NONE',  ( 0.000000000000000000, 1.000000000000000000, 0.000000000000000000 ) ) ;
#2134 = CARTESIAN_POINT ( 'NONE',  ( 0.2999999999999999889, -1.110180165558726451, 0.1499999999999999944 ) ) ;
#2135 =( NAMED_UNIT ( * ) PLANE_ANGLE_UNIT ( ) SI_UNIT ( $, .RADIAN. ) );
#2136 = DIRECTION ( 'NONE',  ( -1.000000000000000000, 0.000000000000000000, 0.000000000000000000 ) ) ;
#2137 = VERTEX_POINT ( 'NONE', #465 ) ;
#2138 = FILL_AREA_STYLE_COLOUR ( '', #3835 ) ;
#2139 = COLOUR_RGB ( '',1.000000000000000000, 1.000000000000000000, 1.000000000000000000 ) ;
#2140 = PRESENTATION_STYLE_ASSIGNMENT (( #1461 ) ) ;
#2141 = PLANE ( 'NONE',  #1088 ) ;
#2142 = CIRCLE ( 'NONE', #3100, 1.050000000000000266 ) ;
#2143 = EDGE_CURVE ( 'NONE', #1459, #3354, #530, .T. ) ;
#2144 = SURFACE_STYLE_FILL_AREA ( #2167 ) ;
#2145 = ORIENTED_EDGE ( 'NONE', *, *, #2297, .T. ) ;
#2146 = EDGE_CURVE ( 'NONE', #2436, #2089, #3460, .T. ) ;
#2147 = COLOUR_RGB ( '',0.9686274509803921573, 0.8784313725490195957, 0.5999999999999999778 ) ;
#2148 = CIRCLE ( 'NONE', #1758, 0.2000000000000000944 ) ;
#2149 = ORIENTED_EDGE ( 'NONE', *, *, #3063, .T. ) ;
#2150 = CIRCLE ( 'NONE', #408, 0.3499999999999998668 ) ;
#2151 = PRESENTATION_STYLE_ASSIGNMENT (( #916 ) ) ;
#2152 = SURFACE_STYLE_USAGE ( .BOTH. , #369 ) ;
#2153 = DIRECTION ( 'NONE',  ( 1.000000000000000000, 0.000000000000000000, 0.000000000000000000 ) ) ;
#2154 = AXIS2_PLACEMENT_3D ( 'NONE', #1871, #3347, #3689 ) ;
#2155 = CARTESIAN_POINT ( 'NONE',  ( -0.2999999999999999889, 0.000000000000000000, 0.000000000000000000 ) ) ;
#2156 = DIRECTION ( 'NONE',  ( -0.000000000000000000, -0.000000000000000000, 1.000000000000000000 ) ) ;
#2157 = DIRECTION ( 'NONE',  ( -0.000000000000000000, -0.000000000000000000, 1.000000000000000000 ) ) ;
#2158 = DIRECTION ( 'NONE',  ( 0.000000000000000000, 0.000000000000000000, 1.000000000000000000 ) ) ;
#2159 = ORIENTED_EDGE ( 'NONE', *, *, #121, .T. ) ;
#2160 =( GEOMETRIC_REPRESENTATION_CONTEXT ( 3 ) GLOBAL_UNCERTAINTY_ASSIGNED_CONTEXT ( ( #771 ) ) GLOBAL_UNIT_ASSIGNED_CONTEXT ( ( #628, #911, #1868 ) ) REPRESENTATION_CONTEXT ( 'NONE', 'WORKASPACE' ) );
#2161 = STYLED_ITEM ( 'NONE', ( #2780 ), #3149 ) ;
#2162 = FILL_AREA_STYLE ('',( #3700 ) ) ;
#2163 = SURFACE_STYLE_FILL_AREA ( #3987 ) ;
#2164 =( NAMED_UNIT ( * ) SI_UNIT ( $, .STERADIAN. ) SOLID_ANGLE_UNIT ( ) );
#2165 = CARTESIAN_POINT ( 'NONE',  ( 0.000000000000000000, 0.000000000000000000, 0.2500000000000001110 ) ) ;
#2166 = UNCERTAINTY_MEASURE_WITH_UNIT (LENGTH_MEASURE( 1.000000000000000082E-05 ), #263, 'distance_accuracy_value', 'NONE');
#2167 = FILL_AREA_STYLE ('',( #2762 ) ) ;
#2168 = EDGE_CURVE ( 'NONE', #2029, #3229, #2987, .T. ) ;
#2169 = ORIENTED_EDGE ( 'NONE', *, *, #1243, .T. ) ;
#2170 =( LENGTH_UNIT ( ) NAMED_UNIT ( * ) SI_UNIT ( .MILLI., .METRE. ) );
#2171 = AXIS2_PLACEMENT_3D ( 'NONE', #1002, #124, #3753 ) ;
#2172 = CARTESIAN_POINT ( 'NONE',  ( 1.299999999999999822, 1.099999999999999645, 0.3499999999999999778 ) ) ;
#2173 = EDGE_CURVE ( 'NONE', #1869, #1173, #1798, .T. ) ;
#2174 = ORIENTED_EDGE ( 'NONE', *, *, #3617, .F. ) ;
#2175 = FILL_AREA_STYLE ('',( #352 ) ) ;
#2176 = CARTESIAN_POINT ( 'NONE',  ( 1.100000000000000311, -1.300000000000000266, 0.3499999999999999778 ) ) ;
#2177 = CIRCLE ( 'NONE', #424, 0.9316181806841051793 ) ;
#2178 = COLOUR_RGB ( '',0.9686274509803921573, 0.8784313725490195957, 0.5999999999999999778 ) ;
#2179 = VECTOR ( 'NONE', #401, 1000.000000000000000 ) ;
#2180 = SURFACE_STYLE_FILL_AREA ( #3756 ) ;
#2181 = DIRECTION ( 'NONE',  ( 0.000000000000000000, 0.000000000000000000, -1.000000000000000000 ) ) ;
#2182 = PRESENTATION_STYLE_ASSIGNMENT (( #3118 ) ) ;
#2183 = ORIENTED_EDGE ( 'NONE', *, *, #3308, .T. ) ;
#2184 = MECHANICAL_DESIGN_GEOMETRIC_PRESENTATION_REPRESENTATION (  '', ( #2878 ), #3385 ) ;
#2185 = MECHANICAL_DESIGN_GEOMETRIC_PRESENTATION_REPRESENTATION (  '', ( #1927 ), #3139 ) ;
#2186 = CARTESIAN_POINT ( 'NONE',  ( -0.3499999999999999778, 0.000000000000000000, 0.2500000000000000000 ) ) ;
#2187 = CARTESIAN_POINT ( 'NONE',  ( -1.100000000000000755, 0.9000000000000002442, 0.1499999999999999944 ) ) ;
#2188 = STYLED_ITEM ( 'NONE', ( #83 ), #3199 ) ;
#2189 = CIRCLE ( 'NONE', #1548, 0.2500000000000000000 ) ;
#2190 = SURFACE_SIDE_STYLE ('',( #627 ) ) ;
#2191 = STYLED_ITEM ( 'NONE', ( #878 ), #1751 ) ;
#2192 = CARTESIAN_POINT ( 'NONE',  ( 0.3000000000000000444, -1.550000000000000266, 0.1499999999999999944 ) ) ;
#2193 = ORIENTED_EDGE ( 'NONE', *, *, #1290, .T. ) ;
#2194 = DIRECTION ( 'NONE',  ( 0.000000000000000000, 1.000000000000000000, -6.377659838150024995E-17 ) ) ;
#2195 = FILL_AREA_STYLE_COLOUR ( '', #2355 ) ;
#2196 = COLOUR_RGB ( '',0.9686274509803921573, 0.8784313725490195957, 0.5999999999999999778 ) ;
#2197 = EDGE_CURVE ( 'NONE', #2268, #1199, #3529, .T. ) ;
#2198 = EDGE_LOOP ( 'NONE', ( #2492, #592, #3335, #3092 ) ) ;
#2199 = DIRECTION ( 'NONE',  ( 5.923131871842086234E-17, -0.4836604215979661836, -0.8752557321032965465 ) ) ;
#2200 = UNCERTAINTY_MEASURE_WITH_UNIT (LENGTH_MEASURE( 1.000000000000000082E-05 ), #1057, 'distance_accuracy_value', 'NONE');
#2201 = ADVANCED_FACE ( 'NONE', ( #2623 ), #822, .T. ) ;
#2202 = CARTESIAN_POINT ( 'NONE',  ( -0.09999999999999988065, 1.224646799147352036E-17, 0.2500000000000001110 ) ) ;
#2203 = VECTOR ( 'NONE', #3875, 1000.000000000000000 ) ;
#2204 = FACE_OUTER_BOUND ( 'NONE', #1660, .T. ) ;
#2205 = EDGE_CURVE ( 'NONE', #3960, #1594, #2944, .T. ) ;
#2206 = DIRECTION ( 'NONE',  ( 0.000000000000000000, -0.7471781849301587508, 0.6646237732465439807 ) ) ;
#2207 = CARTESIAN_POINT ( 'NONE',  ( -1.100000000000000755, 0.9000000000000002442, 0.1499999999999999944 ) ) ;
#2208 = UNCERTAINTY_MEASURE_WITH_UNIT (LENGTH_MEASURE( 1.000000000000000082E-05 ), #1693, 'distance_accuracy_value', 'NONE');
#2209 = DIRECTION ( 'NONE',  ( -1.000000000000000000, 0.000000000000000000, 0.000000000000000000 ) ) ;
#2210 = UNCERTAINTY_MEASURE_WITH_UNIT (LENGTH_MEASURE( 1.000000000000000082E-05 ), #2498, 'distance_accuracy_value', 'NONE');
#2211 = SURFACE_STYLE_USAGE ( .BOTH. , #60 ) ;
#2212 = VERTEX_POINT ( 'NONE', #2306 ) ;
#2213 = STYLED_ITEM ( 'NONE', ( #1884 ), #3640 ) ;
#2214 = AXIS2_PLACEMENT_3D ( 'NONE', #500, #3332, #2710 ) ;
#2215 = DIRECTION ( 'NONE',  ( -0.000000000000000000, 0.000000000000000000, 1.000000000000000000 ) ) ;
#2216 = ORIENTED_EDGE ( 'NONE', *, *, #2873, .F. ) ;
#2217 = DIRECTION ( 'NONE',  ( -1.000000000000000000, 0.000000000000000000, 0.000000000000000000 ) ) ;
#2218 = SURFACE_STYLE_USAGE ( .BOTH. , #2747 ) ;
#2219 =( GEOMETRIC_REPRESENTATION_CONTEXT ( 3 ) GLOBAL_UNCERTAINTY_ASSIGNED_CONTEXT ( ( #1288 ) ) GLOBAL_UNIT_ASSIGNED_CONTEXT ( ( #3009, #1491, #1187 ) ) REPRESENTATION_CONTEXT ( 'NONE', 'WORKASPACE' ) );
#2220 = FILL_AREA_STYLE ('',( #678 ) ) ;
#2221 =( NAMED_UNIT ( * ) PLANE_ANGLE_UNIT ( ) SI_UNIT ( $, .RADIAN. ) );
#2222 = ORIENTED_EDGE ( 'NONE', *, *, #2312, .T. ) ;
#2223 = PLANE ( 'NONE',  #177 ) ;
#2224 = ADVANCED_FACE ( 'NONE', ( #3891 ), #1139, .T. ) ;
#2225 = CARTESIAN_POINT ( 'NONE',  ( 0.000000000000000000, -1.947451579420137224E-16, 0.5990149732453686759 ) ) ;
#2226 = SURFACE_SIDE_STYLE ('',( #3159 ) ) ;
#2227 = CIRCLE ( 'NONE', #674, 0.2500000000000000000 ) ;
#2228 = VECTOR ( 'NONE', #2156, 1000.000000000000000 ) ;
#2229 = CARTESIAN_POINT ( 'NONE',  ( 0.000000000000000000, -1.550000000000000266, 0.2999999999999999889 ) ) ;
#2230 = ORIENTED_EDGE ( 'NONE', *, *, #3019, .F. ) ;
#2231 = EDGE_CURVE ( 'NONE', #753, #491, #3968, .T. ) ;
#2232 = CYLINDRICAL_SURFACE ( 'NONE', #1154, 0.5000000000000000000 ) ;
#2233 = PRESENTATION_LAYER_ASSIGNMENT (  '', '', ( #1134 ) ) ;
#2234 = DIRECTION ( 'NONE',  ( -0.000000000000000000, -3.688601711469485225E-17, -1.000000000000000000 ) ) ;
#2235 = ORIENTED_EDGE ( 'NONE', *, *, #3759, .F. ) ;
#2236 = DIRECTION ( 'NONE',  ( -0.000000000000000000, -0.000000000000000000, 1.000000000000000000 ) ) ;
#2237 = CARTESIAN_POINT ( 'NONE',  ( 0.3499999999999999778, 4.286263797015735979E-17, 0.2500000000000000000 ) ) ;
#2238 =( NAMED_UNIT ( * ) SI_UNIT ( $, .STERADIAN. ) SOLID_ANGLE_UNIT ( ) );
#2239 =( GEOMETRIC_REPRESENTATION_CONTEXT ( 3 ) GLOBAL_UNCERTAINTY_ASSIGNED_CONTEXT ( ( #2567 ) ) GLOBAL_UNIT_ASSIGNED_CONTEXT ( ( #1960, #752, #2562 ) ) REPRESENTATION_CONTEXT ( 'NONE', 'WORKASPACE' ) );
#2240 = DIRECTION ( 'NONE',  ( -0.000000000000000000, -0.000000000000000000, -1.000000000000000000 ) ) ;
#2241 = CARTESIAN_POINT ( 'NONE',  ( 0.3499999999999998668, 0.000000000000000000, 0.000000000000000000 ) ) ;
#2242 = DIRECTION ( 'NONE',  ( 0.000000000000000000, 0.7712062349991198884, -0.6365853776976677647 ) ) ;
#2243 = AXIS2_PLACEMENT_3D ( 'NONE', #1395, #2287, #1096 ) ;
#2244 = VERTEX_POINT ( 'NONE', #2451 ) ;
#2245 = FILL_AREA_STYLE_COLOUR ( '', #692 ) ;
#2246 = UNCERTAINTY_MEASURE_WITH_UNIT (LENGTH_MEASURE( 1.000000000000000082E-05 ), #2559, 'distance_accuracy_value', 'NONE');
#2247 = EDGE_CURVE ( 'NONE', #814, #836, #1527, .T. ) ;
#2248 = PRESENTATION_STYLE_ASSIGNMENT (( #2531 ) ) ;
#2249 = ORIENTED_EDGE ( 'NONE', *, *, #550, .F. ) ;
#2250 =( GEOMETRIC_REPRESENTATION_CONTEXT ( 3 ) GLOBAL_UNCERTAINTY_ASSIGNED_CONTEXT ( ( #2761 ) ) GLOBAL_UNIT_ASSIGNED_CONTEXT ( ( #477, #2653, #3939 ) ) REPRESENTATION_CONTEXT ( 'NONE', 'WORKASPACE' ) );
#2251 = CIRCLE ( 'NONE', #1355, 1.150000000000000133 ) ;
#2252 = EDGE_CURVE ( 'NONE', #456, #1847, #1183, .T. ) ;
#2253 = AXIS2_PLACEMENT_3D ( 'NONE', #2207, #2483, #3401 ) ;
#2254 = DIRECTION ( 'NONE',  ( 0.000000000000000000, 0.000000000000000000, -1.000000000000000000 ) ) ;
#2255 = CIRCLE ( 'NONE', #1549, 1.150000000000000133 ) ;
#2256 = PRESENTATION_STYLE_ASSIGNMENT (( #3251 ) ) ;
#2257 =( NAMED_UNIT ( * ) SI_UNIT ( $, .STERADIAN. ) SOLID_ANGLE_UNIT ( ) );
#2258 =( GEOMETRIC_REPRESENTATION_CONTEXT ( 3 ) GLOBAL_UNCERTAINTY_ASSIGNED_CONTEXT ( ( #794 ) ) GLOBAL_UNIT_ASSIGNED_CONTEXT ( ( #2422, #2438, #841 ) ) REPRESENTATION_CONTEXT ( 'NONE', 'WORKASPACE' ) );
#2259 = SURFACE_SIDE_STYLE ('',( #430 ) ) ;
#2260 = DIRECTION ( 'NONE',  ( -0.000000000000000000, -3.688601711469485225E-17, -1.000000000000000000 ) ) ;
#2261 = DIRECTION ( 'NONE',  ( -0.000000000000000000, -0.000000000000000000, -1.000000000000000000 ) ) ;
#2262 = PLANE ( 'NONE',  #386 ) ;
#2263 = CYLINDRICAL_SURFACE ( 'NONE', #332, 0.2499999999999999445 ) ;
#2264 = ORIENTED_EDGE ( 'NONE', *, *, #773, .F. ) ;
#2265 = CARTESIAN_POINT ( 'NONE',  ( 1.100000000000000755, 0.9000000000000002442, 0.000000000000000000 ) ) ;
#2266 = PRESENTATION_STYLE_ASSIGNMENT (( #503 ) ) ;
#2267 = EDGE_LOOP ( 'NONE', ( #3326, #3029, #1464, #16 ) ) ;
#2268 = VERTEX_POINT ( 'NONE', #1806 ) ;
#2269 = DIRECTION ( 'NONE',  ( 0.000000000000000000, -0.000000000000000000, -1.000000000000000000 ) ) ;
#2270 = EDGE_CURVE ( 'NONE', #753, #3238, #1504, .T. ) ;
#2271 = FACE_OUTER_BOUND ( 'NONE', #3581, .T. ) ;
#2272 = DIRECTION ( 'NONE',  ( 0.000000000000000000, 1.000000000000000000, -3.688601711469485225E-17 ) ) ;
#2273 = SURFACE_STYLE_FILL_AREA ( #3512 ) ;
#2274 = ADVANCED_FACE ( 'NONE', ( #555 ), #2141, .F. ) ;
#2275 = CIRCLE ( 'NONE', #3804, 1.050000000000000266 ) ;
#2276 = DIRECTION ( 'NONE',  ( 1.000000000000000000, -0.000000000000000000, -0.000000000000000000 ) ) ;
#2277 = VECTOR ( 'NONE', #1478, 1000.000000000000000 ) ;
#2278 = PRESENTATION_STYLE_ASSIGNMENT (( #2580 ) ) ;
#2279 = SURFACE_STYLE_USAGE ( .BOTH. , #2911 ) ;
#2280 = VECTOR ( 'NONE', #1079, 1000.000000000000000 ) ;
#2281 = CARTESIAN_POINT ( 'NONE',  ( 0.000000000000000000, -1.886796909386355383E-16, 0.7634530849698735189 ) ) ;
#2282 = MECHANICAL_DESIGN_GEOMETRIC_PRESENTATION_REPRESENTATION (  '', ( #3750 ), #1343 ) ;
#2283 = SURFACE_STYLE_FILL_AREA ( #2321 ) ;
#2284 = SURFACE_SIDE_STYLE ('',( #1434 ) ) ;
#2285 = VERTEX_POINT ( 'NONE', #607 ) ;
#2286 = STYLED_ITEM ( 'NONE', ( #3386 ), #1032 ) ;
#2287 = DIRECTION ( 'NONE',  ( 1.000000000000000000, 0.000000000000000000, 0.000000000000000000 ) ) ;
#2288 = AXIS2_PLACEMENT_3D ( 'NONE', #1143, #2072, #3614 ) ;
#2289 = FILL_AREA_STYLE ('',( #1052 ) ) ;
#2290 = ORIENTED_EDGE ( 'NONE', *, *, #3711, .T. ) ;
#2291 = FACE_OUTER_BOUND ( 'NONE', #1148, .T. ) ;
#2292 = CARTESIAN_POINT ( 'NONE',  ( 0.5000000000000000000, 6.123233995736766036E-17, 0.000000000000000000 ) ) ;
#2293 = COLOUR_RGB ( '',0.9686274509803921573, 0.8784313725490195957, 0.5999999999999999778 ) ;
#2294 = EDGE_CURVE ( 'NONE', #361, #3744, #3059, .T. ) ;
#2295 = SURFACE_STYLE_FILL_AREA ( #3533 ) ;
#2296 = CARTESIAN_POINT ( 'NONE',  ( 0.2999999999999999889, -1.110180165558726451, 0.1499999999999999944 ) ) ;
#2297 = EDGE_CURVE ( 'NONE', #3306, #3292, #3680, .T. ) ;
#2298 = DIRECTION ( 'NONE',  ( 0.000000000000000000, 0.000000000000000000, 1.000000000000000000 ) ) ;
#2299 = SURFACE_STYLE_FILL_AREA ( #2316 ) ;
#2300 = SURFACE_SIDE_STYLE ('',( #167 ) ) ;
#2301 = CYLINDRICAL_SURFACE ( 'NONE', #1849, 0.1999999999999999833 ) ;
#2302 = ORIENTED_EDGE ( 'NONE', *, *, #1903, .F. ) ;
#2303 = CARTESIAN_POINT ( 'NONE',  ( -0.5034595668679463509, 6.165601470649434348E-17, 0.1499999999999999667 ) ) ;
#2304 = DIRECTION ( 'NONE',  ( -0.000000000000000000, -1.000000000000000000, -0.000000000000000000 ) ) ;
#2305 = EDGE_LOOP ( 'NONE', ( #3274, #1894 ) ) ;
#2306 = CARTESIAN_POINT ( 'NONE',  ( 0.5000000000000000000, 6.123233995736766036E-17, 0.1499999999999999944 ) ) ;
#2307 = PLANE ( 'NONE',  #1295 ) ;
#2308 = VECTOR ( 'NONE', #2619, 1000.000000000000000 ) ;
#2309 = DIRECTION ( 'NONE',  ( -2.502005013428087080E-16, 1.000000000000000000, -0.000000000000000000 ) ) ;
#2310 = DIRECTION ( 'NONE',  ( 1.000000000000000000, 0.000000000000000000, 0.000000000000000000 ) ) ;
#2311 = FILL_AREA_STYLE_COLOUR ( '', #253 ) ;
#2312 = EDGE_CURVE ( 'NONE', #3125, #1945, #3080, .T. ) ;
#2313 = AXIS2_PLACEMENT_3D ( 'NONE', #2896, #3884, #2617 ) ;
#2314 = PRESENTATION_LAYER_ASSIGNMENT (  '', '', ( #3724 ) ) ;
#2315 = FILL_AREA_STYLE ('',( #1935 ) ) ;
#2316 = FILL_AREA_STYLE ('',( #1026 ) ) ;
#2317 = FILL_AREA_STYLE ('',( #3796 ) ) ;
#2318 = EDGE_CURVE ( 'NONE', #152, #2618, #240, .T. ) ;
#2319 = AXIS2_PLACEMENT_3D ( 'NONE', #1428, #3620, #541 ) ;
#2320 =( NAMED_UNIT ( * ) SI_UNIT ( $, .STERADIAN. ) SOLID_ANGLE_UNIT ( ) );
#2321 = FILL_AREA_STYLE ('',( #711 ) ) ;
#2322 = DIRECTION ( 'NONE',  ( 0.000000000000000000, 0.000000000000000000, -1.000000000000000000 ) ) ;
#2323 = VERTEX_POINT ( 'NONE', #338 ) ;
#2324 = SURFACE_STYLE_FILL_AREA ( #2600 ) ;
#2325 = LINE ( 'NONE', #2899, #2842 ) ;
#2326 = ORIENTED_EDGE ( 'NONE', *, *, #1803, .T. ) ;
#2327 = DIRECTION ( 'NONE',  ( -0.000000000000000000, -3.688601711469485225E-17, -1.000000000000000000 ) ) ;
#2328 =( NAMED_UNIT ( * ) PLANE_ANGLE_UNIT ( ) SI_UNIT ( $, .RADIAN. ) );
#2329 = VECTOR ( 'NONE', #728, 1000.000000000000000 ) ;
#2330 = CARTESIAN_POINT ( 'NONE',  ( -1.100000000000000089, 1.099999999999999645, 0.000000000000000000 ) ) ;
#2331 = ORIENTED_EDGE ( 'NONE', *, *, #2983, .F. ) ;
#2332 = UNCERTAINTY_MEASURE_WITH_UNIT (LENGTH_MEASURE( 1.000000000000000082E-05 ), #270, 'distance_accuracy_value', 'NONE');
#2333 = CARTESIAN_POINT ( 'NONE',  ( 1.100000000000000755, 0.9000000000000002442, 0.1499999999999999944 ) ) ;
#2334 =( NAMED_UNIT ( * ) PLANE_ANGLE_UNIT ( ) SI_UNIT ( $, .RADIAN. ) );
#2335 = AXIS2_PLACEMENT_3D ( 'NONE', #3284, #1137, #1781 ) ;
#2336 = DIRECTION ( 'NONE',  ( 0.000000000000000000, 1.000000000000000000, -0.000000000000000000 ) ) ;
#2337 = MECHANICAL_DESIGN_GEOMETRIC_PRESENTATION_REPRESENTATION (  '', ( #3558 ), #1766 ) ;
#2338 = EDGE_CURVE ( 'NONE', #152, #2089, #2566, .T. ) ;
#2339 = SURFACE_STYLE_USAGE ( .BOTH. , #1415 ) ;
#2340 = CARTESIAN_POINT ( 'NONE',  ( 1.100000000000000755, -0.8999999999999999112, 0.000000000000000000 ) ) ;
#2341 = VERTEX_POINT ( 'NONE', #2187 ) ;
#2342 = STYLED_ITEM ( 'NONE', ( #1382 ), #703 ) ;
#2343 = PLANE ( 'NONE',  #1826 ) ;
#2344 = EDGE_CURVE ( 'NONE', #3666, #1961, #1911, .T. ) ;
#2345 =( GEOMETRIC_REPRESENTATION_CONTEXT ( 3 ) GLOBAL_UNCERTAINTY_ASSIGNED_CONTEXT ( ( #910 ) ) GLOBAL_UNIT_ASSIGNED_CONTEXT ( ( #811, #2685, #2075 ) ) REPRESENTATION_CONTEXT ( 'NONE', 'WORKASPACE' ) );
#2346 = ORIENTED_EDGE ( 'NONE', *, *, #2797, .F. ) ;
#2347 = DIRECTION ( 'NONE',  ( -0.000000000000000000, -3.688601711469485225E-17, -1.000000000000000000 ) ) ;
#2348 = FILL_AREA_STYLE ('',( #1140 ) ) ;
#2349 = CARTESIAN_POINT ( 'NONE',  ( 0.2999999999999999889, 1.549999999999999822, 0.1499999999999999944 ) ) ;
#2350 = MECHANICAL_DESIGN_GEOMETRIC_PRESENTATION_REPRESENTATION (  '', ( #341 ), #3886 ) ;
#2351 = SURFACE_SIDE_STYLE ('',( #469 ) ) ;
#2352 = ORIENTED_EDGE ( 'NONE', *, *, #880, .T. ) ;
#2353 = CIRCLE ( 'NONE', #608, 0.9468452210677923420 ) ;
#2354 = CARTESIAN_POINT ( 'NONE',  ( 0.000000000000000000, 0.000000000000000000, 0.2500000000000001110 ) ) ;
#2355 = COLOUR_RGB ( '',1.000000000000000000, 1.000000000000000000, 1.000000000000000000 ) ;
#2356 = PRESENTATION_LAYER_ASSIGNMENT (  '', '', ( #1000 ) ) ;
#2357 = ORIENTED_EDGE ( 'NONE', *, *, #681, .T. ) ;
#2358 = ORIENTED_EDGE ( 'NONE', *, *, #243, .F. ) ;
#2359 = FACE_BOUND ( 'NONE', #3988, .T. ) ;
#2360 = CARTESIAN_POINT ( 'NONE',  ( 0.000000000000000000, -1.800000000000000266, 0.1499999999999999944 ) ) ;
#2361 = UNCERTAINTY_MEASURE_WITH_UNIT (LENGTH_MEASURE( 1.000000000000000082E-05 ), #2609, 'distance_accuracy_value', 'NONE');
#2362 = UNCERTAINTY_MEASURE_WITH_UNIT (LENGTH_MEASURE( 1.000000000000000082E-05 ), #1695, 'distance_accuracy_value', 'NONE');
#2363 = DIRECTION ( 'NONE',  ( -0.000000000000000000, -3.688601711469485225E-17, -1.000000000000000000 ) ) ;
#2364 = ORIENTED_EDGE ( 'NONE', *, *, #2466, .T. ) ;
#2365 = EDGE_CURVE ( 'NONE', #3327, #3946, #56, .T. ) ;
#2366 = MECHANICAL_DESIGN_GEOMETRIC_PRESENTATION_REPRESENTATION (  '', ( #2737 ), #2239 ) ;
#2367 = DIRECTION ( 'NONE',  ( -0.000000000000000000, -3.688601711469485225E-17, -1.000000000000000000 ) ) ;
#2368 = ORIENTED_EDGE ( 'NONE', *, *, #3513, .F. ) ;
#2369 = VECTOR ( 'NONE', #2487, 1000.000000000000000 ) ;
#2370 = EDGE_CURVE ( 'NONE', #2499, #1173, #3726, .T. ) ;
#2371 =( NAMED_UNIT ( * ) SI_UNIT ( $, .STERADIAN. ) SOLID_ANGLE_UNIT ( ) );
#2372 = DIRECTION ( 'NONE',  ( -0.000000000000000000, -0.000000000000000000, -1.000000000000000000 ) ) ;
#2373 = FILL_AREA_STYLE ('',( #1144 ) ) ;
#2374 = CARTESIAN_POINT ( 'NONE',  ( 1.299999999999999822, 1.299999999999999822, 0.000000000000000000 ) ) ;
#2375 = EDGE_CURVE ( 'NONE', #3035, #2669, #3484, .T. ) ;
#2376 = VECTOR ( 'NONE', #3645, 1000.000000000000000 ) ;
#2377 = ORIENTED_EDGE ( 'NONE', *, *, #2921, .T. ) ;
#2378 = ORIENTED_EDGE ( 'NONE', *, *, #2252, .F. ) ;
#2379 = DIRECTION ( 'NONE',  ( 1.000000000000000000, 0.000000000000000000, 0.000000000000000000 ) ) ;
#2380 = AXIS2_PLACEMENT_3D ( 'NONE', #228, #2726, #3619 ) ;
#2381 = AXIS2_PLACEMENT_3D ( 'NONE', #3201, #734, #2602 ) ;
#2382 =( GEOMETRIC_REPRESENTATION_CONTEXT ( 3 ) GLOBAL_UNCERTAINTY_ASSIGNED_CONTEXT ( ( #340 ) ) GLOBAL_UNIT_ASSIGNED_CONTEXT ( ( #1638, #360, #947 ) ) REPRESENTATION_CONTEXT ( 'NONE', 'WORKASPACE' ) );
#2383 = PRESENTATION_STYLE_ASSIGNMENT (( #2062 ) ) ;
#2384 = SURFACE_STYLE_USAGE ( .BOTH. , #1799 ) ;
#2385 = ORIENTED_EDGE ( 'NONE', *, *, #2318, .F. ) ;
#2386 = DIRECTION ( 'NONE',  ( -0.000000000000000000, -0.000000000000000000, 1.000000000000000000 ) ) ;
#2387 = CARTESIAN_POINT ( 'NONE',  ( 0.000000000000000000, 0.000000000000000000, 0.1499999999999999944 ) ) ;
#2388 = AXIS2_PLACEMENT_3D ( 'NONE', #3439, #2801, #1536 ) ;
#2389 = ORIENTED_EDGE ( 'NONE', *, *, #2375, .F. ) ;
#2390 = CARTESIAN_POINT ( 'NONE',  ( 1.100000000000000755, 0.9000000000000002442, 0.1499999999999999944 ) ) ;
#2391 = PLANE ( 'NONE',  #148 ) ;
#2392 = EDGE_CURVE ( 'NONE', #2796, #486, #2251, .T. ) ;
#2393 = ORIENTED_EDGE ( 'NONE', *, *, #2143, .F. ) ;
#2394 = PRESENTATION_STYLE_ASSIGNMENT (( #832 ) ) ;
#2395 = SURFACE_STYLE_FILL_AREA ( #517 ) ;
#2396 = ORIENTED_EDGE ( 'NONE', *, *, #306, .F. ) ;
#2397 = AXIS2_PLACEMENT_3D ( 'NONE', #3516, #3815, #416 ) ;
#2398 = ADVANCED_FACE ( 'NONE', ( #3099 ), #2232, .F. ) ;
#2399 = ORIENTED_EDGE ( 'NONE', *, *, #3937, .F. ) ;
#2400 = SURFACE_SIDE_STYLE ('',( #2690 ) ) ;
#2401 = CARTESIAN_POINT ( 'NONE',  ( 1.100000000000000755, -0.8999999999999999112, 0.1499999999999999944 ) ) ;
#2402 = SURFACE_SIDE_STYLE ('',( #3963 ) ) ;
#2403 = DIRECTION ( 'NONE',  ( 1.000000000000000000, -0.000000000000000000, -0.000000000000000000 ) ) ;
#2404 = ORIENTED_EDGE ( 'NONE', *, *, #1220, .T. ) ;
#2405 = SURFACE_STYLE_FILL_AREA ( #3606 ) ;
#2406 = DIRECTION ( 'NONE',  ( 1.000000000000000000, 0.000000000000000000, 0.000000000000000000 ) ) ;
#2407 = SURFACE_STYLE_USAGE ( .BOTH. , #2428 ) ;
#2408 = FILL_AREA_STYLE ('',( #1503 ) ) ;
#2409 = AXIS2_PLACEMENT_3D ( 'NONE', #2770, #1838, #658 ) ;
#2410 = PRESENTATION_LAYER_ASSIGNMENT (  '', '', ( #1953 ) ) ;
#2411 = CARTESIAN_POINT ( 'NONE',  ( 0.2999999999999998224, 3.697657839361050806E-17, 0.2999999999999999889 ) ) ;
#2412 = AXIS2_PLACEMENT_3D ( 'NONE', #1540, #2754, #3982 ) ;
#2413 =( GEOMETRIC_REPRESENTATION_CONTEXT ( 3 ) GLOBAL_UNCERTAINTY_ASSIGNED_CONTEXT ( ( #3113 ) ) GLOBAL_UNIT_ASSIGNED_CONTEXT ( ( #3246, #1373, #398 ) ) REPRESENTATION_CONTEXT ( 'NONE', 'WORKASPACE' ) );
#2414 = VERTEX_POINT ( 'NONE', #3429 ) ;
#2415 =( NAMED_UNIT ( * ) SI_UNIT ( $, .STERADIAN. ) SOLID_ANGLE_UNIT ( ) );
#2416 = ADVANCED_FACE ( 'NONE', ( #3181 ), #2054, .T. ) ;
#2417 = PRESENTATION_LAYER_ASSIGNMENT (  '', '', ( #1334 ) ) ;
#2418 = PRESENTATION_LAYER_ASSIGNMENT (  '', '', ( #1443 ) ) ;
#2419 =( LENGTH_UNIT ( ) NAMED_UNIT ( * ) SI_UNIT ( .MILLI., .METRE. ) );
#2420 = EDGE_LOOP ( 'NONE', ( #2779, #3809, #1608, #575 ) ) ;
#2421 = CARTESIAN_POINT ( 'NONE',  ( 1.100000000000000311, -1.300000000000000266, 0.000000000000000000 ) ) ;
#2422 =( LENGTH_UNIT ( ) NAMED_UNIT ( * ) SI_UNIT ( .MILLI., .METRE. ) );
#2423 = CARTESIAN_POINT ( 'NONE',  ( 1.100000000000000755, 0.9000000000000002442, 0.1499999999999999944 ) ) ;
#2424 =( GEOMETRIC_REPRESENTATION_CONTEXT ( 3 ) GLOBAL_UNCERTAINTY_ASSIGNED_CONTEXT ( ( #2529 ) ) GLOBAL_UNIT_ASSIGNED_CONTEXT ( ( #2662, #2714, #569 ) ) REPRESENTATION_CONTEXT ( 'NONE', 'WORKASPACE' ) );
#2425 = SURFACE_STYLE_FILL_AREA ( #1198 ) ;
#2426 = VERTEX_POINT ( 'NONE', #2303 ) ;
#2427 = DIRECTION ( 'NONE',  ( -0.000000000000000000, -3.688601711469485225E-17, -1.000000000000000000 ) ) ;
#2428 = SURFACE_SIDE_STYLE ('',( #2163 ) ) ;
#2429 = ORIENTED_EDGE ( 'NONE', *, *, #1007, .F. ) ;
#2430 = CARTESIAN_POINT ( 'NONE',  ( 0.000000000000000000, 0.8499999999999998668, 0.3499999999999998668 ) ) ;
#2431 = SURFACE_STYLE_USAGE ( .BOTH. , #3611 ) ;
#2432 = CYLINDRICAL_SURFACE ( 'NONE', #3114, 0.5000000000000000000 ) ;
#2433 = ORIENTED_EDGE ( 'NONE', *, *, #957, .F. ) ;
#2434 = CLOSED_SHELL ( 'NONE', ( #183, #703, #3192, #1383, #3269, #1850 ) ) ;
#2435 = CIRCLE ( 'NONE', #3263, 1.000000000000000222 ) ;
#2436 = VERTEX_POINT ( 'NONE', #457 ) ;
#2437 = PRESENTATION_STYLE_ASSIGNMENT (( #1474 ) ) ;
#2438 =( NAMED_UNIT ( * ) PLANE_ANGLE_UNIT ( ) SI_UNIT ( $, .RADIAN. ) );
#2439 = EDGE_CURVE ( 'NONE', #2499, #1852, #2563, .T. ) ;
#2440 = CYLINDRICAL_SURFACE ( 'NONE', #3733, 0.09999999999999993616 ) ;
#2441 = FILL_AREA_STYLE ('',( #3924 ) ) ;
#2442 = VECTOR ( 'NONE', #1661, 1000.000000000000000 ) ;
#2443 = DIRECTION ( 'NONE',  ( -8.340016711426958986E-17, 1.000000000000000000, 0.000000000000000000 ) ) ;
#2444 = ORIENTED_EDGE ( 'NONE', *, *, #2881, .T. ) ;
#2445 = EDGE_CURVE ( 'NONE', #2137, #3785, #754, .T. ) ;
#2446 = FACE_OUTER_BOUND ( 'NONE', #534, .T. ) ;
#2447 = DIRECTION ( 'NONE',  ( 1.000000000000000000, -1.224646799147353207E-16, 0.000000000000000000 ) ) ;
#2448 =( NAMED_UNIT ( * ) PLANE_ANGLE_UNIT ( ) SI_UNIT ( $, .RADIAN. ) );
#2449 = ADVANCED_FACE ( 'NONE', ( #2004 ), #3198, .F. ) ;
#2450 = AXIS2_PLACEMENT_3D ( 'NONE', #1066, #3832, #2019 ) ;
#2451 = CARTESIAN_POINT ( 'NONE',  ( -1.300000000000000044, -0.7999999999999988232, 0.1499999999999999944 ) ) ;
#2452 = UNCERTAINTY_MEASURE_WITH_UNIT (LENGTH_MEASURE( 1.000000000000000082E-05 ), #3757, 'distance_accuracy_value', 'NONE');
#2453 = ORIENTED_EDGE ( 'NONE', *, *, #2173, .F. ) ;
#2454 = LINE ( 'NONE', #191, #2856 ) ;
#2455 = ORIENTED_EDGE ( 'NONE', *, *, #3654, .T. ) ;
#2456 = SURFACE_STYLE_FILL_AREA ( #1230 ) ;
#2457 = CARTESIAN_POINT ( 'NONE',  ( -0.2999999999999998779, 0.4000000000000000777, 0.1499999999999999944 ) ) ;
#2458 = CARTESIAN_POINT ( 'NONE',  ( -1.300000000000000266, 0.9000000000000002442, 0.000000000000000000 ) ) ;
#2459 = CARTESIAN_POINT ( 'NONE',  ( 0.000000000000000000, 0.000000000000000000, 0.000000000000000000 ) ) ;
#2460 =( LENGTH_UNIT ( ) NAMED_UNIT ( * ) SI_UNIT ( .MILLI., .METRE. ) );
#2461 = VERTEX_POINT ( 'NONE', #153 ) ;
#2462 = DIRECTION ( 'NONE',  ( -0.000000000000000000, -0.000000000000000000, 1.000000000000000000 ) ) ;
#2463 = EDGE_CURVE ( 'NONE', #1724, #2461, #1048, .T. ) ;
#2464 = LINE ( 'NONE', #1859, #852 ) ;
#2465 = COLOUR_RGB ( '',0.9686274509803921573, 0.8784313725490195957, 0.5999999999999999778 ) ;
#2466 = EDGE_CURVE ( 'NONE', #1961, #585, #1740, .T. ) ;
#2467 = COLOUR_RGB ( '',0.9686274509803921573, 0.8784313725490195957, 0.5999999999999999778 ) ;
#2468 = MECHANICAL_DESIGN_GEOMETRIC_PRESENTATION_REPRESENTATION (  '', ( #3232 ), #1511 ) ;
#2469 =( LENGTH_UNIT ( ) NAMED_UNIT ( * ) SI_UNIT ( .MILLI., .METRE. ) );
#2470 = ORIENTED_EDGE ( 'NONE', *, *, #720, .T. ) ;
#2471 = PRESENTATION_STYLE_ASSIGNMENT (( #321 ) ) ;
#2472 = CIRCLE ( 'NONE', #1831, 0.3499999999999999778 ) ;
#2473 = ORIENTED_EDGE ( 'NONE', *, *, #284, .F. ) ;
#2474 = CARTESIAN_POINT ( 'NONE',  ( 1.224646799147353207E-16, 0.9999999999999997780, 0.7634530849698735189 ) ) ;
#2475 =( LENGTH_UNIT ( ) NAMED_UNIT ( * ) SI_UNIT ( .MILLI., .METRE. ) );
#2476 = DIRECTION ( 'NONE',  ( 1.000000000000000000, -2.710505431213766015E-16, 0.000000000000000000 ) ) ;
#2477 = STYLED_ITEM ( 'NONE', ( #350 ), #1064 ) ;
#2478 = COLOUR_RGB ( '',1.000000000000000000, 1.000000000000000000, 1.000000000000000000 ) ;
#2479 = FILL_AREA_STYLE_COLOUR ( '', #2139 ) ;
#2480 = ORIENTED_EDGE ( 'NONE', *, *, #3686, .T. ) ;
#2481 = COLOUR_RGB ( '',0.9686274509803921573, 0.8784313725490195957, 0.5999999999999999778 ) ;
#2482 = DIRECTION ( 'NONE',  ( -0.000000000000000000, -0.000000000000000000, -1.000000000000000000 ) ) ;
#2483 = DIRECTION ( 'NONE',  ( 0.000000000000000000, -1.000000000000000000, 0.000000000000000000 ) ) ;
#2484 = MECHANICAL_DESIGN_GEOMETRIC_PRESENTATION_REPRESENTATION (  '', ( #3825 ), #3823 ) ;
#2485 = CARTESIAN_POINT ( 'NONE',  ( -0.5000000000000000000, 0.000000000000000000, 0.1499999999999999944 ) ) ;
#2486 = EDGE_CURVE ( 'NONE', #174, #912, #3506, .T. ) ;
#2487 = DIRECTION ( 'NONE',  ( 1.000000000000000000, -2.710505431213766015E-16, 0.000000000000000000 ) ) ;
#2488 = UNCERTAINTY_MEASURE_WITH_UNIT (LENGTH_MEASURE( 1.000000000000000082E-05 ), #2033, 'distance_accuracy_value', 'NONE');
#2489 =( NAMED_UNIT ( * ) PLANE_ANGLE_UNIT ( ) SI_UNIT ( $, .RADIAN. ) );
#2490 = EDGE_LOOP ( 'NONE', ( #135, #1047, #261, #2078, #1216 ) ) ;
#2491 = LINE ( 'NONE', #2744, #1058 ) ;
#2492 = ORIENTED_EDGE ( 'NONE', *, *, #13, .T. ) ;
#2493 = LINE ( 'NONE', #1833, #571 ) ;
#2494 = DIRECTION ( 'NONE',  ( 0.000000000000000000, -0.000000000000000000, -1.000000000000000000 ) ) ;
#2495 = ADVANCED_FACE ( 'NONE', ( #2939, #3859 ), #3239, .T. ) ;
#2496 = CARTESIAN_POINT ( 'NONE',  ( -0.2999999999999998779, 0.4000000000000000777, 0.1499999999999999944 ) ) ;
#2497 = FILL_AREA_STYLE ('',( #2479 ) ) ;
#2498 =( LENGTH_UNIT ( ) NAMED_UNIT ( * ) SI_UNIT ( .MILLI., .METRE. ) );
#2499 = VERTEX_POINT ( 'NONE', #1218 ) ;
#2500 = SURFACE_SIDE_STYLE ('',( #1321 ) ) ;
#2501 = CIRCLE ( 'NONE', #3588, 0.3499999999999998668 ) ;
#2502 = PRESENTATION_LAYER_ASSIGNMENT (  '', '', ( #2812 ) ) ;
#2503 = PRESENTATION_STYLE_ASSIGNMENT (( #1261 ) ) ;
#2504 = CARTESIAN_POINT ( 'NONE',  ( 1.100000000000000755, -0.8999999999999999112, 0.000000000000000000 ) ) ;
#2505 = LINE ( 'NONE', #3787, #1097 ) ;
#2506 = VECTOR ( 'NONE', #2240, 1000.000000000000000 ) ;
#2507 = FILL_AREA_STYLE ('',( #997 ) ) ;
#2508 = ORIENTED_EDGE ( 'NONE', *, *, #963, .T. ) ;
#2509 =( LENGTH_UNIT ( ) NAMED_UNIT ( * ) SI_UNIT ( .MILLI., .METRE. ) );
#2510 = AXIS2_PLACEMENT_3D ( 'NONE', #520, #2379, #2654 ) ;
#2511 = ADVANCED_FACE ( 'NONE', ( #2446 ), #3986, .T. ) ;
#2512 = CARTESIAN_POINT ( 'NONE',  ( -0.2999999999999999334, -1.550000000000000266, 0.1499999999999999944 ) ) ;
#2513 = ORIENTED_EDGE ( 'NONE', *, *, #1011, .F. ) ;
#2514 = CARTESIAN_POINT ( 'NONE',  ( -1.300000000000000044, -1.300000000000000266, 0.3499999999999999778 ) ) ;
#2515 = LINE ( 'NONE', #598, #1873 ) ;
#2516 = AXIS2_PLACEMENT_3D ( 'NONE', #2225, #1906, #695 ) ;
#2517 = SURFACE_STYLE_FILL_AREA ( #2802 ) ;
#2518 = UNCERTAINTY_MEASURE_WITH_UNIT (LENGTH_MEASURE( 1.000000000000000082E-05 ), #2786, 'distance_accuracy_value', 'NONE');
#2519 = EDGE_CURVE ( 'NONE', #3125, #504, #1501, .T. ) ;
#2520 =( LENGTH_UNIT ( ) NAMED_UNIT ( * ) SI_UNIT ( .MILLI., .METRE. ) );
#2521 = DIRECTION ( 'NONE',  ( 0.000000000000000000, 0.000000000000000000, -1.000000000000000000 ) ) ;
#2522 = MECHANICAL_DESIGN_GEOMETRIC_PRESENTATION_REPRESENTATION (  '', ( #839 ), #449 ) ;
#2523 = CARTESIAN_POINT ( 'NONE',  ( -1.500000000000000000, 0.9000000000000002442, 0.1499999999999999944 ) ) ;
#2524 = CARTESIAN_POINT ( 'NONE',  ( 0.2999999999999999889, -1.550000000000000266, 0.1499999999999999944 ) ) ;
#2525 = DIRECTION ( 'NONE',  ( -0.000000000000000000, -3.688601711469485225E-17, -1.000000000000000000 ) ) ;
#2526 =( NAMED_UNIT ( * ) PLANE_ANGLE_UNIT ( ) SI_UNIT ( $, .RADIAN. ) );
#2527 = EDGE_LOOP ( 'NONE', ( #351, #1872, #3408, #2705 ) ) ;
#2528 = PRESENTATION_STYLE_ASSIGNMENT (( #34 ) ) ;
#2529 = UNCERTAINTY_MEASURE_WITH_UNIT (LENGTH_MEASURE( 1.000000000000000082E-05 ), #2662, 'distance_accuracy_value', 'NONE');
#2530 =( GEOMETRIC_REPRESENTATION_CONTEXT ( 3 ) GLOBAL_UNCERTAINTY_ASSIGNED_CONTEXT ( ( #3165 ) ) GLOBAL_UNIT_ASSIGNED_CONTEXT ( ( #2520, #2221, #942 ) ) REPRESENTATION_CONTEXT ( 'NONE', 'WORKASPACE' ) );
#2531 = SURFACE_STYLE_USAGE ( .BOTH. , #2190 ) ;
#2532 = ORIENTED_EDGE ( 'NONE', *, *, #523, .F. ) ;
#2533 =( GEOMETRIC_REPRESENTATION_CONTEXT ( 3 ) GLOBAL_UNCERTAINTY_ASSIGNED_CONTEXT ( ( #98 ) ) GLOBAL_UNIT_ASSIGNED_CONTEXT ( ( #826, #2677, #2984 ) ) REPRESENTATION_CONTEXT ( 'NONE', 'WORKASPACE' ) );
#2534 = STYLED_ITEM ( 'NONE', ( #266 ), #3855 ) ;
#2535 =( NAMED_UNIT ( * ) SI_UNIT ( $, .STERADIAN. ) SOLID_ANGLE_UNIT ( ) );
#2536 = AXIS2_PLACEMENT_3D ( 'NONE', #1279, #2521, #2649 ) ;
#2537 = AXIS2_PLACEMENT_3D ( 'NONE', #984, #327, #9 ) ;
#2538 = CARTESIAN_POINT ( 'NONE',  ( 1.100000000000000755, -0.8999999999999999112, 0.1499999999999999944 ) ) ;
#2539 = STYLED_ITEM ( 'NONE', ( #182 ), #3075 ) ;
#2540 = EDGE_CURVE ( 'NONE', #1199, #2706, #949, .T. ) ;
#2541 = PRESENTATION_LAYER_ASSIGNMENT (  '', '', ( #3948 ) ) ;
#2542 = DIRECTION ( 'NONE',  ( -0.000000000000000000, -3.688601711469485225E-17, -1.000000000000000000 ) ) ;
#2543 =( NAMED_UNIT ( * ) PLANE_ANGLE_UNIT ( ) SI_UNIT ( $, .RADIAN. ) );
#2544 = EDGE_CURVE ( 'NONE', #514, #1100, #2501, .T. ) ;
#2545 = AXIS2_PLACEMENT_3D ( 'NONE', #302, #914, #3710 ) ;
#2546 = DIRECTION ( 'NONE',  ( -1.000000000000000000, -0.000000000000000000, -0.000000000000000000 ) ) ;
#2547 = CIRCLE ( 'NONE', #3241, 1.050000000000000044 ) ;
#2548 = EDGE_LOOP ( 'NONE', ( #2302, #2107, #1008, #2235 ) ) ;
#2549 =( NAMED_UNIT ( * ) PLANE_ANGLE_UNIT ( ) SI_UNIT ( $, .RADIAN. ) );
#2550 = VECTOR ( 'NONE', #952, 1000.000000000000000 ) ;
#2551 = ORIENTED_EDGE ( 'NONE', *, *, #1977, .F. ) ;
#2552 = SURFACE_STYLE_USAGE ( .BOTH. , #1625 ) ;
#2553 = DIRECTION ( 'NONE',  ( -0.000000000000000000, -3.688601711469485225E-17, -1.000000000000000000 ) ) ;
#2554 = DIRECTION ( 'NONE',  ( 0.000000000000000000, 0.000000000000000000, -1.000000000000000000 ) ) ;
#2555 = SHAPE_DEFINITION_REPRESENTATION ( #2924, #1528 ) ;
#2556 = SURFACE_STYLE_USAGE ( .BOTH. , #1716 ) ;
#2557 = FILL_AREA_STYLE ('',( #1635 ) ) ;
#2558 = MECHANICAL_DESIGN_GEOMETRIC_PRESENTATION_REPRESENTATION (  '', ( #1009 ), #1909 ) ;
#2559 =( LENGTH_UNIT ( ) NAMED_UNIT ( * ) SI_UNIT ( .MILLI., .METRE. ) );
#2560 = EDGE_CURVE ( 'NONE', #1333, #3926, #1403, .T. ) ;
#2561 = VECTOR ( 'NONE', #1085, 1000.000000000000000 ) ;
#2562 =( NAMED_UNIT ( * ) SI_UNIT ( $, .STERADIAN. ) SOLID_ANGLE_UNIT ( ) );
#2563 = CIRCLE ( 'NONE', #819, 0.04999999999999980849 ) ;
#2564 = DIRECTION ( 'NONE',  ( -0.000000000000000000, -3.688601711469485225E-17, -1.000000000000000000 ) ) ;
#2565 = ORIENTED_EDGE ( 'NONE', *, *, #2445, .T. ) ;
#2566 = LINE ( 'NONE', #684, #2179 ) ;
#2567 = UNCERTAINTY_MEASURE_WITH_UNIT (LENGTH_MEASURE( 1.000000000000000082E-05 ), #1960, 'distance_accuracy_value', 'NONE');
#2568 = STYLED_ITEM ( 'NONE', ( #2903 ), #2201 ) ;
#2569 = CARTESIAN_POINT ( 'NONE',  ( -0.2500000000000000000, 3.061616997868383018E-17, 0.9499999999999998446 ) ) ;
#2570 = EDGE_CURVE ( 'NONE', #3035, #629, #2733, .T. ) ;
#2571 = DIRECTION ( 'NONE',  ( -0.000000000000000000, -0.000000000000000000, 1.000000000000000000 ) ) ;
#2572 = VERTEX_POINT ( 'NONE', #3643 ) ;
#2573 = DIRECTION ( 'NONE',  ( 0.000000000000000000, 0.000000000000000000, 1.000000000000000000 ) ) ;
#2574 = COLOUR_RGB ( '',1.000000000000000000, 1.000000000000000000, 1.000000000000000000 ) ;
#2575 = CYLINDRICAL_SURFACE ( 'NONE', #25, 0.5034595668679463509 ) ;
#2576 = DIRECTION ( 'NONE',  ( 0.000000000000000000, 1.000000000000000000, -3.688601711469485225E-17 ) ) ;
#2577 = STYLED_ITEM ( 'NONE', ( #1794 ), #1974 ) ;
#2578 = FACE_OUTER_BOUND ( 'NONE', #2606, .T. ) ;
#2579 = PRESENTATION_LAYER_ASSIGNMENT (  '', '', ( #2067 ) ) ;
#2580 = SURFACE_STYLE_USAGE ( .BOTH. , #1409 ) ;
#2581 = CARTESIAN_POINT ( 'NONE',  ( 0.2500000000000000000, 3.061616997868383018E-17, 0.3499999999999999778 ) ) ;
#2582 = PLANE ( 'NONE',  #301 ) ;
#2583 = ORIENTED_EDGE ( 'NONE', *, *, #720, .F. ) ;
#2584 = EDGE_CURVE ( 'NONE', #1459, #1259, #2435, .T. ) ;
#2585 = CARTESIAN_POINT ( 'NONE',  ( 0.000000000000000000, -0.1000000000000000056, 0.9499999999999998446 ) ) ;
#2586 = EDGE_LOOP ( 'NONE', ( #3399, #2513, #3904, #2222 ) ) ;
#2587 = LINE ( 'NONE', #1946, #539 ) ;
#2588 = SURFACE_SIDE_STYLE ('',( #390 ) ) ;
#2589 = EDGE_CURVE ( 'NONE', #873, #3575, #2086, .T. ) ;
#2590 = DIRECTION ( 'NONE',  ( 0.7071067811865463515, -0.7071067811865487940, -0.000000000000000000 ) ) ;
#2591 =( LENGTH_UNIT ( ) NAMED_UNIT ( * ) SI_UNIT ( .MILLI., .METRE. ) );
#2592 = VECTOR ( 'NONE', #2304, 1000.000000000000000 ) ;
#2593 =( LENGTH_UNIT ( ) NAMED_UNIT ( * ) SI_UNIT ( .MILLI., .METRE. ) );
#2594 = PRESENTATION_LAYER_ASSIGNMENT (  '', '', ( #3807 ) ) ;
#2595 = PLANE ( 'NONE',  #2380 ) ;
#2596 = VECTOR ( 'NONE', #564, 1000.000000000000000 ) ;
#2597 = SURFACE_STYLE_FILL_AREA ( #2044 ) ;
#2598 = ORIENTED_EDGE ( 'NONE', *, *, #3093, .T. ) ;
#2599 =( GEOMETRIC_REPRESENTATION_CONTEXT ( 3 ) GLOBAL_UNCERTAINTY_ASSIGNED_CONTEXT ( ( #1717 ) ) GLOBAL_UNIT_ASSIGNED_CONTEXT ( ( #705, #85, #3133 ) ) REPRESENTATION_CONTEXT ( 'NONE', 'WORKASPACE' ) );
#2600 = FILL_AREA_STYLE ('',( #3801 ) ) ;
#2601 = AXIS2_PLACEMENT_3D ( 'NONE', #2970, #201, #2667 ) ;
#2602 = DIRECTION ( 'NONE',  ( 0.000000000000000000, 1.000000000000000000, -3.688601711469485225E-17 ) ) ;
#2603 = PRESENTATION_LAYER_ASSIGNMENT (  '', '', ( #347 ) ) ;
#2604 = SURFACE_SIDE_STYLE ('',( #2068 ) ) ;
#2605 = EDGE_CURVE ( 'NONE', #1724, #652, #1477, .T. ) ;
#2606 = EDGE_LOOP ( 'NONE', ( #1828, #2331, #2951, #3615 ) ) ;
#2607 = CARTESIAN_POINT ( 'NONE',  ( 0.000000000000000000, 0.000000000000000000, 0.9499999999999998446 ) ) ;
#2608 = CARTESIAN_POINT ( 'NONE',  ( 0.000000000000000000, -2.168404344971008868E-16, 1.200000000000000178 ) ) ;
#2609 =( LENGTH_UNIT ( ) NAMED_UNIT ( * ) SI_UNIT ( .MILLI., .METRE. ) );
#2610 = ADVANCED_FACE ( 'NONE', ( #3375 ), #1801, .F. ) ;
#2611 = DIRECTION ( 'NONE',  ( -0.000000000000000000, -1.000000000000000000, -0.000000000000000000 ) ) ;
#2612 = EDGE_CURVE ( 'NONE', #634, #2689, #2835, .T. ) ;
#2613 = UNCERTAINTY_MEASURE_WITH_UNIT (LENGTH_MEASURE( 1.000000000000000082E-05 ), #1759, 'distance_accuracy_value', 'NONE');
#2614 = CARTESIAN_POINT ( 'NONE',  ( 0.000000000000000000, -1.742810346863235915E-16, 0.2999999999999999889 ) ) ;
#2615 = PLANE ( 'NONE',  #3343 ) ;
#2616 = CARTESIAN_POINT ( 'NONE',  ( 1.100000000000000755, 0.9000000000000002442, 0.1499999999999999944 ) ) ;
#2617 = DIRECTION ( 'NONE',  ( 1.000000000000000000, 0.000000000000000000, 0.000000000000000000 ) ) ;
#2618 = VERTEX_POINT ( 'NONE', #2524 ) ;
#2619 = DIRECTION ( 'NONE',  ( -0.000000000000000000, -0.000000000000000000, 1.000000000000000000 ) ) ;
#2620 = PRESENTATION_LAYER_ASSIGNMENT (  '', '', ( #3065 ) ) ;
#2621 = CARTESIAN_POINT ( 'NONE',  ( -1.500000000000000000, 0.9000000000000002442, 0.1499999999999999944 ) ) ;
#2622 = ORIENTED_EDGE ( 'NONE', *, *, #1583, .T. ) ;
#2623 = FACE_OUTER_BOUND ( 'NONE', #1940, .T. ) ;
#2624 = DIRECTION ( 'NONE',  ( 1.000000000000000000, 0.000000000000000000, -0.000000000000000000 ) ) ;
#2625 = EDGE_LOOP ( 'NONE', ( #1095, #2404 ) ) ;
#2626 = PLANE ( 'NONE',  #3812 ) ;
#2627 = SURFACE_STYLE_FILL_AREA ( #161 ) ;
#2628 = AXIS2_PLACEMENT_3D ( 'NONE', #15, #1309, #2773 ) ;
#2629 = EDGE_CURVE ( 'NONE', #2461, #3229, #3779, .T. ) ;
#2630 = ORIENTED_EDGE ( 'NONE', *, *, #1948, .T. ) ;
#2631 = AXIS2_PLACEMENT_3D ( 'NONE', #1541, #3353, #2443 ) ;
#2632 =( LENGTH_UNIT ( ) NAMED_UNIT ( * ) SI_UNIT ( .MILLI., .METRE. ) );
#2633 =( LENGTH_UNIT ( ) NAMED_UNIT ( * ) SI_UNIT ( .MILLI., .METRE. ) );
#2634 = UNCERTAINTY_MEASURE_WITH_UNIT (LENGTH_MEASURE( 1.000000000000000082E-05 ), #2936, 'distance_accuracy_value', 'NONE');
#2635 = ADVANCED_FACE ( 'NONE', ( #71 ), #3664, .T. ) ;
#2636 = UNCERTAINTY_MEASURE_WITH_UNIT (LENGTH_MEASURE( 1.000000000000000082E-05 ), #1780, 'distance_accuracy_value', 'NONE');
#2637 =( GEOMETRIC_REPRESENTATION_CONTEXT ( 3 ) GLOBAL_UNCERTAINTY_ASSIGNED_CONTEXT ( ( #1408 ) ) GLOBAL_UNIT_ASSIGNED_CONTEXT ( ( #2872, #91, #478 ) ) REPRESENTATION_CONTEXT ( 'NONE', 'WORKASPACE' ) );
#2638 = CARTESIAN_POINT ( 'NONE',  ( 0.000000000000000000, 0.000000000000000000, 1.050000000000000044 ) ) ;
#2639 =( NAMED_UNIT ( * ) SI_UNIT ( $, .STERADIAN. ) SOLID_ANGLE_UNIT ( ) );
#2640 = FILL_AREA_STYLE ('',( #1046 ) ) ;
#2641 = VERTEX_POINT ( 'NONE', #1937 ) ;
#2642 = CARTESIAN_POINT ( 'NONE',  ( 1.299999999999999822, 1.099999999999999645, 0.3499999999999999778 ) ) ;
#2643 = PRESENTATION_LAYER_ASSIGNMENT (  '', '', ( #762 ) ) ;
#2644 = FACE_OUTER_BOUND ( 'NONE', #494, .T. ) ;
#2645 = COLOUR_RGB ( '',0.9686274509803921573, 0.8784313725490195957, 0.5999999999999999778 ) ;
#2646 = AXIS2_PLACEMENT_3D ( 'NONE', #326, #3736, #2153 ) ;
#2647 = EDGE_LOOP ( 'NONE', ( #2630, #3698, #1771, #463 ) ) ;
#2648 = DIRECTION ( 'NONE',  ( -0.000000000000000000, 0.000000000000000000, 1.000000000000000000 ) ) ;
#2649 = DIRECTION ( 'NONE',  ( -1.000000000000000000, 0.000000000000000000, 0.000000000000000000 ) ) ;
#2650 = EDGE_LOOP ( 'NONE', ( #346, #1029, #3356, #621 ) ) ;
#2651 = DIRECTION ( 'NONE',  ( -0.000000000000000000, -0.000000000000000000, 1.000000000000000000 ) ) ;
#2652 = VERTEX_POINT ( 'NONE', #2241 ) ;
#2653 =( NAMED_UNIT ( * ) PLANE_ANGLE_UNIT ( ) SI_UNIT ( $, .RADIAN. ) );
#2654 = DIRECTION ( 'NONE',  ( 0.000000000000000000, -1.000000000000000000, 0.000000000000000000 ) ) ;
#2655 =( GEOMETRIC_REPRESENTATION_CONTEXT ( 3 ) GLOBAL_UNCERTAINTY_ASSIGNED_CONTEXT ( ( #1963 ) ) GLOBAL_UNIT_ASSIGNED_CONTEXT ( ( #3762, #1618, #3425 ) ) REPRESENTATION_CONTEXT ( 'NONE', 'WORKASPACE' ) );
#2656 = VECTOR ( 'NONE', #2554, 1000.000000000000000 ) ;
#2657 = CARTESIAN_POINT ( 'NONE',  ( -0.8000000000000003775, -1.300000000000000266, 0.000000000000000000 ) ) ;
#2658 = ORIENTED_EDGE ( 'NONE', *, *, #2928, .F. ) ;
#2659 = ADVANCED_FACE ( 'NONE', ( #3479, #93 ), #2262, .F. ) ;
#2660 = CARTESIAN_POINT ( 'NONE',  ( -1.100000000000000755, 0.9000000000000002442, 0.000000000000000000 ) ) ;
#2661 = COLOUR_RGB ( '',1.000000000000000000, 1.000000000000000000, 1.000000000000000000 ) ;
#2662 =( LENGTH_UNIT ( ) NAMED_UNIT ( * ) SI_UNIT ( .MILLI., .METRE. ) );
#2663 = ORIENTED_EDGE ( 'NONE', *, *, #367, .T. ) ;
#2664 = DIRECTION ( 'NONE',  ( 0.000000000000000000, 3.688601711469485225E-17, 1.000000000000000000 ) ) ;
#2665 = PRESENTATION_STYLE_ASSIGNMENT (( #1442 ) ) ;
#2666 = VECTOR ( 'NONE', #2276, 1000.000000000000000 ) ;
#2667 = DIRECTION ( 'NONE',  ( 1.000000000000000000, 0.000000000000000000, 0.000000000000000000 ) ) ;
#2668 =( NAMED_UNIT ( * ) PLANE_ANGLE_UNIT ( ) SI_UNIT ( $, .RADIAN. ) );
#2669 = VERTEX_POINT ( 'NONE', #710 ) ;
#2670 = VERTEX_POINT ( 'NONE', #1067 ) ;
#2671 = SURFACE_SIDE_STYLE ('',( #1452 ) ) ;
#2672 = SURFACE_SIDE_STYLE ('',( #2081 ) ) ;
#2673 = LINE ( 'NONE', #233, #3918 ) ;
#2674 = ORIENTED_EDGE ( 'NONE', *, *, #133, .F. ) ;
#2675 = CARTESIAN_POINT ( 'NONE',  ( 0.000000000000000000, -1.742810346863235915E-16, 1.153808492753267689 ) ) ;
#2676 = EDGE_CURVE ( 'NONE', #2689, #2930, #2040, .T. ) ;
#2677 =( NAMED_UNIT ( * ) PLANE_ANGLE_UNIT ( ) SI_UNIT ( $, .RADIAN. ) );
#2678 = LINE ( 'NONE', #3316, #281 ) ;
#2679 = EDGE_LOOP ( 'NONE', ( #3708, #1298, #2993, #2897 ) ) ;
#2680 = AXIS2_PLACEMENT_3D ( 'NONE', #1590, #3145, #2209 ) ;
#2681 = SURFACE_STYLE_USAGE ( .BOTH. , #531 ) ;
#2682 = EDGE_CURVE ( 'NONE', #3086, #1407, #452, .T. ) ;
#2683 = CARTESIAN_POINT ( 'NONE',  ( 1.500000000000000000, 0.9000000000000002442, 0.000000000000000000 ) ) ;
#2684 = ORIENTED_EDGE ( 'NONE', *, *, #2983, .T. ) ;
#2685 =( NAMED_UNIT ( * ) PLANE_ANGLE_UNIT ( ) SI_UNIT ( $, .RADIAN. ) );
#2686 = DIRECTION ( 'NONE',  ( 0.000000000000000000, 0.000000000000000000, -1.000000000000000000 ) ) ;
#2687 = COLOUR_RGB ( '',0.9686274509803921573, 0.8784313725490195957, 0.5999999999999999778 ) ;
#2688 = VECTOR ( 'NONE', #3377, 1000.000000000000000 ) ;
#2689 = VERTEX_POINT ( 'NONE', #434 ) ;
#2690 = SURFACE_STYLE_FILL_AREA ( #209 ) ;
#2691 = COLOUR_RGB ( '',0.9686274509803921573, 0.8784313725490195957, 0.5999999999999999778 ) ;
#2692 = SURFACE_STYLE_USAGE ( .BOTH. , #2672 ) ;
#2693 = CARTESIAN_POINT ( 'NONE',  ( 0.000000000000000000, -1.968271954121953514E-16, 0.5425698042343681804 ) ) ;
#2694 = AXIS2_PLACEMENT_3D ( 'NONE', #1236, #329, #3457 ) ;
#2695 = SURFACE_STYLE_USAGE ( .BOTH. , #547 ) ;
#2696 = ORIENTED_EDGE ( 'NONE', *, *, #114, .F. ) ;
#2697 = DIRECTION ( 'NONE',  ( 0.000000000000000000, -0.000000000000000000, -1.000000000000000000 ) ) ;
#2698 = AXIS2_PLACEMENT_3D ( 'NONE', #3307, #2708, #2133 ) ;
#2699 = DIRECTION ( 'NONE',  ( 0.000000000000000000, -1.000000000000000000, 0.000000000000000000 ) ) ;
#2700 = DIRECTION ( 'NONE',  ( -0.000000000000000000, 0.000000000000000000, -1.000000000000000000 ) ) ;
#2701 = DIRECTION ( 'NONE',  ( 1.000000000000000000, 0.000000000000000000, 0.000000000000000000 ) ) ;
#2702 = ADVANCED_FACE ( 'NONE', ( #1956 ), #479, .T. ) ;
#2703 = CARTESIAN_POINT ( 'NONE',  ( 0.000000000000000000, -1.707329131037323184E-16, 1.250000000000000000 ) ) ;
#2704 = CARTESIAN_POINT ( 'NONE',  ( 0.2999999999999999889, 0.4000000000000000222, 0.1499999999999999944 ) ) ;
#2705 = ORIENTED_EDGE ( 'NONE', *, *, #1142, .F. ) ;
#2706 = VERTEX_POINT ( 'NONE', #2874 ) ;
#2707 =( NAMED_UNIT ( * ) PLANE_ANGLE_UNIT ( ) SI_UNIT ( $, .RADIAN. ) );
#2708 = DIRECTION ( 'NONE',  ( -0.000000000000000000, -3.688601711469485225E-17, -1.000000000000000000 ) ) ;
#2709 =( LENGTH_UNIT ( ) NAMED_UNIT ( * ) SI_UNIT ( .MILLI., .METRE. ) );
#2710 = DIRECTION ( 'NONE',  ( 0.000000000000000000, 1.000000000000000000, -3.688601711469485225E-17 ) ) ;
#2711 = CARTESIAN_POINT ( 'NONE',  ( -0.2999999999999999889, 0.4043161330825918998, 0.000000000000000000 ) ) ;
#2712 = VERTEX_POINT ( 'NONE', #1691 ) ;
#2713 = DIRECTION ( 'NONE',  ( -0.000000000000000000, -0.000000000000000000, 1.000000000000000000 ) ) ;
#2714 =( NAMED_UNIT ( * ) PLANE_ANGLE_UNIT ( ) SI_UNIT ( $, .RADIAN. ) );
#2715 = ORIENTED_EDGE ( 'NONE', *, *, #589, .T. ) ;
#2716 =( GEOMETRIC_REPRESENTATION_CONTEXT ( 3 ) GLOBAL_UNCERTAINTY_ASSIGNED_CONTEXT ( ( #2488 ) ) GLOBAL_UNIT_ASSIGNED_CONTEXT ( ( #2033, #576, #1772 ) ) REPRESENTATION_CONTEXT ( 'NONE', 'WORKASPACE' ) );
#2717 = CIRCLE ( 'NONE', #84, 0.04999999999999985706 ) ;
#2718 = VECTOR ( 'NONE', #418, 1000.000000000000000 ) ;
#2719 = SURFACE_STYLE_FILL_AREA ( #2738 ) ;
#2720 = ORIENTED_EDGE ( 'NONE', *, *, #3644, .F. ) ;
#2721 = STYLED_ITEM ( 'NONE', ( #633 ), #909 ) ;
#2722 = SURFACE_SIDE_STYLE ('',( #259 ) ) ;
#2723 = ADVANCED_FACE ( 'NONE', ( #110 ), #2615, .F. ) ;
#2724 = COLOUR_RGB ( '',0.9686274509803921573, 0.8784313725490195957, 0.5999999999999999778 ) ;
#2725 = ORIENTED_EDGE ( 'NONE', *, *, #2605, .F. ) ;
#2726 = DIRECTION ( 'NONE',  ( 0.000000000000000000, 0.000000000000000000, 1.000000000000000000 ) ) ;
#2727 = FILL_AREA_STYLE_COLOUR ( '', #1675 ) ;
#2728 = AXIS2_PLACEMENT_3D ( 'NONE', #3147, #2571, #3407 ) ;
#2729 = EDGE_CURVE ( 'NONE', #491, #2641, #3563, .T. ) ;
#2730 = SURFACE_STYLE_USAGE ( .BOTH. , #2997 ) ;
#2731 = PRESENTATION_STYLE_ASSIGNMENT (( #1213 ) ) ;
#2732 = ORIENTED_EDGE ( 'NONE', *, *, #1318, .F. ) ;
#2733 = LINE ( 'NONE', #603, #626 ) ;
#2734 = LINE ( 'NONE', #3338, #11 ) ;
#2735 = ORIENTED_EDGE ( 'NONE', *, *, #2050, .F. ) ;
#2736 =( LENGTH_UNIT ( ) NAMED_UNIT ( * ) SI_UNIT ( .MILLI., .METRE. ) );
#2737 = STYLED_ITEM ( 'NONE', ( #775 ), #3275 ) ;
#2738 = FILL_AREA_STYLE ('',( #3042 ) ) ;
#2739 = ORIENTED_EDGE ( 'NONE', *, *, #334, .T. ) ;
#2740 =( NAMED_UNIT ( * ) SI_UNIT ( $, .STERADIAN. ) SOLID_ANGLE_UNIT ( ) );
#2741 = VECTOR ( 'NONE', #2807, 1000.000000000000000 ) ;
#2742 = ORIENTED_EDGE ( 'NONE', *, *, #2959, .T. ) ;
#2743 = STYLED_ITEM ( 'NONE', ( #1116 ), #2495 ) ;
#2744 = CARTESIAN_POINT ( 'NONE',  ( 1.500000000000000000, 0.9000000000000002442, 0.1499999999999999944 ) ) ;
#2745 = ORIENTED_EDGE ( 'NONE', *, *, #3121, .T. ) ;
#2746 = FACE_OUTER_BOUND ( 'NONE', #3769, .T. ) ;
#2747 = SURFACE_SIDE_STYLE ('',( #1596 ) ) ;
#2748 = CARTESIAN_POINT ( 'NONE',  ( 1.100000000000000755, 0.9000000000000002442, 0.1499999999999999944 ) ) ;
#2749 = EDGE_CURVE ( 'NONE', #3926, #1890, #447, .T. ) ;
#2750 = VECTOR ( 'NONE', #445, 1000.000000000000000 ) ;
#2751 = PRESENTATION_STYLE_ASSIGNMENT (( #1232 ) ) ;
#2752 = VECTOR ( 'NONE', #3790, 1000.000000000000000 ) ;
#2753 = PRESENTATION_LAYER_ASSIGNMENT (  '', '', ( #747 ) ) ;
#2754 = DIRECTION ( 'NONE',  ( 0.000000000000000000, -1.000000000000000000, 0.000000000000000000 ) ) ;
#2755 = CARTESIAN_POINT ( 'NONE',  ( 0.000000000000000000, 1.050000000000000044, 0.1499999999999998557 ) ) ;
#2756 = VERTEX_POINT ( 'NONE', #2401 ) ;
#2757 = ADVANCED_FACE ( 'NONE', ( #3295 ), #1476, .T. ) ;
#2758 = DIRECTION ( 'NONE',  ( -0.000000000000000000, 0.000000000000000000, -1.000000000000000000 ) ) ;
#2759 =( LENGTH_UNIT ( ) NAMED_UNIT ( * ) SI_UNIT ( .MILLI., .METRE. ) );
#2760 = COLOUR_RGB ( '',0.9686274509803921573, 0.8784313725490195957, 0.5999999999999999778 ) ;
#2761 = UNCERTAINTY_MEASURE_WITH_UNIT (LENGTH_MEASURE( 1.000000000000000082E-05 ), #477, 'distance_accuracy_value', 'NONE');
#2762 = FILL_AREA_STYLE_COLOUR ( '', #2860 ) ;
#2763 = ORIENTED_EDGE ( 'NONE', *, *, #1346, .T. ) ;
#2764 = CARTESIAN_POINT ( 'NONE',  ( 1.224646799147353269E-17, 0.1000000000000000056, 0.9499999999999998446 ) ) ;
#2765 = ORIENTED_EDGE ( 'NONE', *, *, #1952, .F. ) ;
#2766 = VERTEX_POINT ( 'NONE', #2061 ) ;
#2767 = SURFACE_STYLE_FILL_AREA ( #2175 ) ;
#2768 = DIRECTION ( 'NONE',  ( -0.000000000000000000, -0.000000000000000000, 1.000000000000000000 ) ) ;
#2769 = DIRECTION ( 'NONE',  ( 0.000000000000000000, 0.000000000000000000, -1.000000000000000000 ) ) ;
#2770 = CARTESIAN_POINT ( 'NONE',  ( 0.000000000000000000, -2.168404344971008868E-16, 0.000000000000000000 ) ) ;
#2771 = EDGE_CURVE ( 'NONE', #504, #2902, #3941, .T. ) ;
#2772 = ORIENTED_EDGE ( 'NONE', *, *, #1952, .T. ) ;
#2773 = DIRECTION ( 'NONE',  ( 0.000000000000000000, 1.000000000000000000, -5.162867488026211121E-17 ) ) ;
#2774 = AXIS2_PLACEMENT_3D ( 'NONE', #1363, #1098, #1034 ) ;
#2775 = CARTESIAN_POINT ( 'NONE',  ( -0.2500000000000000000, 0.000000000000000000, 0.3499999999999999778 ) ) ;
#2776 = CIRCLE ( 'NONE', #1710, 0.8500000000000000888 ) ;
#2777 = CIRCLE ( 'NONE', #2845, 1.000000000000000222 ) ;
#2778 = FILL_AREA_STYLE ('',( #421 ) ) ;
#2779 = ORIENTED_EDGE ( 'NONE', *, *, #97, .T. ) ;
#2780 = PRESENTATION_STYLE_ASSIGNMENT (( #1552 ) ) ;
#2781 = COLOUR_RGB ( '',0.9686274509803921573, 0.8784313725490195957, 0.5999999999999999778 ) ;
#2782 = DIRECTION ( 'NONE',  ( -0.000000000000000000, -3.688601711469485225E-17, -1.000000000000000000 ) ) ;
#2783 = VERTEX_POINT ( 'NONE', #3639 ) ;
#2784 = DIRECTION ( 'NONE',  ( -0.000000000000000000, -0.000000000000000000, 1.000000000000000000 ) ) ;
#2785 = PRESENTATION_STYLE_ASSIGNMENT (( #2218 ) ) ;
#2786 =( LENGTH_UNIT ( ) NAMED_UNIT ( * ) SI_UNIT ( .MILLI., .METRE. ) );
#2787 =( LENGTH_UNIT ( ) NAMED_UNIT ( * ) SI_UNIT ( .MILLI., .METRE. ) );
#2788 = SURFACE_SIDE_STYLE ('',( #3373 ) ) ;
#2789 =( NAMED_UNIT ( * ) PLANE_ANGLE_UNIT ( ) SI_UNIT ( $, .RADIAN. ) );
#2790 = PRESENTATION_LAYER_ASSIGNMENT (  '', '', ( #3694 ) ) ;
#2791 = DIRECTION ( 'NONE',  ( 0.000000000000000000, 1.000000000000000000, -3.688601711469485225E-17 ) ) ;
#2792 = UNCERTAINTY_MEASURE_WITH_UNIT (LENGTH_MEASURE( 1.000000000000000082E-05 ), #3427, 'distance_accuracy_value', 'NONE');
#2793 = ADVANCED_FACE ( 'NONE', ( #1776 ), #2440, .F. ) ;
#2794 = UNCERTAINTY_MEASURE_WITH_UNIT (LENGTH_MEASURE( 1.000000000000000082E-05 ), #2591, 'distance_accuracy_value', 'NONE');
#2795 = SURFACE_STYLE_USAGE ( .BOTH. , #3704 ) ;
#2796 = VERTEX_POINT ( 'NONE', #2134 ) ;
#2797 = EDGE_CURVE ( 'NONE', #2902, #3960, #1152, .T. ) ;
#2798 = FACE_OUTER_BOUND ( 'NONE', #1494, .T. ) ;
#2799 = ORIENTED_EDGE ( 'NONE', *, *, #3917, .T. ) ;
#2800 = CARTESIAN_POINT ( 'NONE',  ( 0.2999999999999999889, 0.000000000000000000, 0.000000000000000000 ) ) ;
#2801 = DIRECTION ( 'NONE',  ( -0.000000000000000000, -3.688601711469485225E-17, -1.000000000000000000 ) ) ;
#2802 = FILL_AREA_STYLE ('',( #1453 ) ) ;
#2803 = CLOSED_SHELL ( 'NONE', ( #2398, #1264, #35, #417, #3499, #1632, #1272, #3215, #1436, #3889, #1197, #831, #3075, #2610, #3494, #411, #2495, #1682, #853, #1513, #3275, #749, #1926, #563, #2274, #1167, #1914, #1400 ) ) ;
#2804 = PRESENTATION_LAYER_ASSIGNMENT (  '', '', ( #2878 ) ) ;
#2805 = CARTESIAN_POINT ( 'NONE',  ( 1.100000000000000311, -1.100000000000000089, 0.3499999999999999778 ) ) ;
#2806 = DIRECTION ( 'NONE',  ( 1.000000000000000000, 0.000000000000000000, 0.000000000000000000 ) ) ;
#2807 = DIRECTION ( 'NONE',  ( 1.000000000000000000, 0.000000000000000000, 0.000000000000000000 ) ) ;
#2808 = CARTESIAN_POINT ( 'NONE',  ( 1.224646799147353207E-16, -1.000000000000000222, 3.688601711469485225E-17 ) ) ;
#2809 = CARTESIAN_POINT ( 'NONE',  ( -0.2999999999999999334, 1.299999999999999822, 0.3499999999999999778 ) ) ;
#2810 = PRESENTATION_LAYER_ASSIGNMENT (  '', '', ( #1797 ) ) ;
#2811 = PRESENTATION_LAYER_ASSIGNMENT (  '', '', ( #2188 ) ) ;
#2812 = STYLED_ITEM ( 'NONE', ( #2437 ), #189 ) ;
#2813 = DIRECTION ( 'NONE',  ( 1.000000000000000000, 0.000000000000000000, -0.000000000000000000 ) ) ;
#2814 = VECTOR ( 'NONE', #18, 1000.000000000000000 ) ;
#2815 = ORIENTED_EDGE ( 'NONE', *, *, #2959, .F. ) ;
#2816 = CARTESIAN_POINT ( 'NONE',  ( 1.040949779275250263E-16, -0.8500000000000003109, 3.135311454749062502E-17 ) ) ;
#2817 =( GEOMETRIC_REPRESENTATION_CONTEXT ( 3 ) GLOBAL_UNCERTAINTY_ASSIGNED_CONTEXT ( ( #656 ) ) GLOBAL_UNIT_ASSIGNED_CONTEXT ( ( #511, #1141, #2051 ) ) REPRESENTATION_CONTEXT ( 'NONE', 'WORKASPACE' ) );
#2818 = CIRCLE ( 'NONE', #1737, 1.000000000000000000 ) ;
#2819 = FILL_AREA_STYLE_COLOUR ( '', #945 ) ;
#2820 = DIRECTION ( 'NONE',  ( 2.710505431213766015E-16, 1.000000000000000000, -0.000000000000000000 ) ) ;
#2821 = EDGE_CURVE ( 'NONE', #296, #3972, #3979, .T. ) ;
#2822 = ORIENTED_EDGE ( 'NONE', *, *, #334, .F. ) ;
#2823 = SURFACE_STYLE_USAGE ( .BOTH. , #389 ) ;
#2824 = STYLED_ITEM ( 'NONE', ( #1410 ), #1926 ) ;
#2825 = CARTESIAN_POINT ( 'NONE',  ( 0.000000000000000000, -1.742810346863235915E-16, 0.1499999999999999944 ) ) ;
#2826 = PLANE ( 'NONE',  #1671 ) ;
#2827 = SURFACE_STYLE_FILL_AREA ( #3088 ) ;
#2828 = CARTESIAN_POINT ( 'NONE',  ( -1.100000000000000755, 0.9000000000000002442, 0.1499999999999999944 ) ) ;
#2829 = UNCERTAINTY_MEASURE_WITH_UNIT (LENGTH_MEASURE( 1.000000000000000082E-05 ), #3026, 'distance_accuracy_value', 'NONE');
#2830 = DIRECTION ( 'NONE',  ( 1.000000000000000000, 0.000000000000000000, 0.000000000000000000 ) ) ;
#2831 =( GEOMETRIC_REPRESENTATION_CONTEXT ( 3 ) GLOBAL_UNCERTAINTY_ASSIGNED_CONTEXT ( ( #1111 ) ) GLOBAL_UNIT_ASSIGNED_CONTEXT ( ( #3854, #770, #2934 ) ) REPRESENTATION_CONTEXT ( 'NONE', 'WORKASPACE' ) );
#2832 = SURFACE_STYLE_USAGE ( .BOTH. , #2259 ) ;
#2833 = SURFACE_STYLE_FILL_AREA ( #2408 ) ;
#2834 = DIRECTION ( 'NONE',  ( -1.000000000000000000, -0.000000000000000000, -0.000000000000000000 ) ) ;
#2835 = LINE ( 'NONE', #2809, #1104 ) ;
#2836 = SURFACE_STYLE_FILL_AREA ( #2162 ) ;
#2837 = ORIENTED_EDGE ( 'NONE', *, *, #2146, .T. ) ;
#2838 = CIRCLE ( 'NONE', #208, 0.2499999999999998890 ) ;
#2839 = UNCERTAINTY_MEASURE_WITH_UNIT (LENGTH_MEASURE( 1.000000000000000082E-05 ), #32, 'distance_accuracy_value', 'NONE');
#2840 = PRESENTATION_STYLE_ASSIGNMENT (( #2795 ) ) ;
#2841 = ORIENTED_EDGE ( 'NONE', *, *, #3446, .F. ) ;
#2842 = VECTOR ( 'NONE', #1438, 1000.000000000000000 ) ;
#2843 = FILL_AREA_STYLE_COLOUR ( '', #3912 ) ;
#2844 = ADVANCED_FACE ( 'NONE', ( #1754 ), #3411, .T. ) ;
#2845 = AXIS2_PLACEMENT_3D ( 'NONE', #2693, #2363, #3623 ) ;
#2846 = SURFACE_STYLE_USAGE ( .BOTH. , #3413 ) ;
#2847 = FILL_AREA_STYLE ('',( #141 ) ) ;
#2848 = AXIS2_PLACEMENT_3D ( 'NONE', #3271, #870, #2989 ) ;
#2849 = DIRECTION ( 'NONE',  ( -0.000000000000000000, -0.000000000000000000, -1.000000000000000000 ) ) ;
#2850 = PRESENTATION_LAYER_ASSIGNMENT (  '', '', ( #3232 ) ) ;
#2851 = ADVANCED_FACE ( 'NONE', ( #211 ), #3669, .T. ) ;
#2853 = COLOUR_RGB ( '',0.9686274509803921573, 0.8784313725490195957, 0.5999999999999999778 ) ;
#2852 = CARTESIAN_POINT ( 'NONE',  ( 0.000000000000000000, 0.000000000000000000, 0.000000000000000000 ) ) ;
#2854 = LINE ( 'NONE', #450, #818 ) ;
#2855 =( LENGTH_UNIT ( ) NAMED_UNIT ( * ) SI_UNIT ( .MILLI., .METRE. ) );
#2856 = VECTOR ( 'NONE', #2782, 1000.000000000000000 ) ;
#2857 = EDGE_CURVE ( 'NONE', #3568, #1724, #1854, .T. ) ;
#2858 = UNCERTAINTY_MEASURE_WITH_UNIT (LENGTH_MEASURE( 1.000000000000000082E-05 ), #394, 'distance_accuracy_value', 'NONE');
#2859 = DIRECTION ( 'NONE',  ( 0.000000000000000000, 1.000000000000000000, -5.421010862427520937E-17 ) ) ;
#2860 = COLOUR_RGB ( '',1.000000000000000000, 1.000000000000000000, 1.000000000000000000 ) ;
#2861 = CARTESIAN_POINT ( 'NONE',  ( 0.000000000000000000, 0.000000000000000000, 0.000000000000000000 ) ) ;
#2862 = SURFACE_STYLE_USAGE ( .BOTH. , #1327 ) ;
#2863 = ORIENTED_EDGE ( 'NONE', *, *, #981, .F. ) ;
#2864 =( GEOMETRIC_REPRESENTATION_CONTEXT ( 3 ) GLOBAL_UNCERTAINTY_ASSIGNED_CONTEXT ( ( #3127 ) ) GLOBAL_UNIT_ASSIGNED_CONTEXT ( ( #2942, #2885, #3842 ) ) REPRESENTATION_CONTEXT ( 'NONE', 'WORKASPACE' ) );
#2865 = CARTESIAN_POINT ( 'NONE',  ( -0.2499999999999998890, 3.673940397442058266E-17, 0.2500000000000001110 ) ) ;
#2866 = ORIENTED_EDGE ( 'NONE', *, *, #2056, .F. ) ;
#2867 = ORIENTED_EDGE ( 'NONE', *, *, #2584, .F. ) ;
#2868 = CARTESIAN_POINT ( 'NONE',  ( 0.000000000000000000, -0.9468452210677925640, 1.250000000000000000 ) ) ;
#2869 = DIRECTION ( 'NONE',  ( 1.000000000000000000, 0.000000000000000000, 0.000000000000000000 ) ) ;
#2870 = CARTESIAN_POINT ( 'NONE',  ( 0.2999999999999999889, 1.549999999999999822, 0.1499999999999999944 ) ) ;
#2871 =( NAMED_UNIT ( * ) SI_UNIT ( $, .STERADIAN. ) SOLID_ANGLE_UNIT ( ) );
#2872 =( LENGTH_UNIT ( ) NAMED_UNIT ( * ) SI_UNIT ( .MILLI., .METRE. ) );
#2873 = EDGE_CURVE ( 'NONE', #2756, #3125, #3389, .T. ) ;
#2874 = CARTESIAN_POINT ( 'NONE',  ( 1.224646799147353207E-16, -1.000000000000000222, 1.153808492753267689 ) ) ;
#2875 = LINE ( 'NONE', #454, #599 ) ;
#2876 = PRESENTATION_LAYER_ASSIGNMENT (  '', '', ( #3586 ) ) ;
#2877 = DIRECTION ( 'NONE',  ( -0.000000000000000000, 0.000000000000000000, -1.000000000000000000 ) ) ;
#2878 = STYLED_ITEM ( 'NONE', ( #2528 ), #2416 ) ;
#2879 = SPHERICAL_SURFACE ( 'NONE', #506, 0.2500000000000000000 ) ;
#2880 = ORIENTED_EDGE ( 'NONE', *, *, #2977, .F. ) ;
#2881 = EDGE_CURVE ( 'NONE', #1726, #5, #2006, .T. ) ;
#2882 = SURFACE_STYLE_FILL_AREA ( #971 ) ;
#2883 = AXIS2_PLACEMENT_3D ( 'NONE', #3319, #3005, #570 ) ;
#2884 = DIRECTION ( 'NONE',  ( 0.000000000000000000, 1.000000000000000000, -2.581433744013105252E-17 ) ) ;
#2885 =( NAMED_UNIT ( * ) PLANE_ANGLE_UNIT ( ) SI_UNIT ( $, .RADIAN. ) );
#2886 = EDGE_LOOP ( 'NONE', ( #894, #3452, #2385, #1665, #1328, #537 ) ) ;
#2887 =( GEOMETRIC_REPRESENTATION_CONTEXT ( 3 ) GLOBAL_UNCERTAINTY_ASSIGNED_CONTEXT ( ( #2200 ) ) GLOBAL_UNIT_ASSIGNED_CONTEXT ( ( #1057, #2328, #3554 ) ) REPRESENTATION_CONTEXT ( 'NONE', 'WORKASPACE' ) );
#2888 = PRESENTATION_LAYER_ASSIGNMENT (  '', '', ( #2824 ) ) ;
#2889 = FILL_AREA_STYLE_COLOUR ( '', #2661 ) ;
#2890 = DIRECTION ( 'NONE',  ( 0.000000000000000000, 1.000000000000000000, 0.000000000000000000 ) ) ;
#2891 = CARTESIAN_POINT ( 'NONE',  ( 1.500000000000000000, 0.9000000000000002442, 0.1499999999999999944 ) ) ;
#2892 = MECHANICAL_DESIGN_GEOMETRIC_PRESENTATION_REPRESENTATION (  '', ( #3856 ), #3213 ) ;
#2893 = EDGE_CURVE ( 'NONE', #2341, #3537, #1898, .T. ) ;
#2894 =( NAMED_UNIT ( * ) PLANE_ANGLE_UNIT ( ) SI_UNIT ( $, .RADIAN. ) );
#2895 = LINE ( 'NONE', #2265, #2718 ) ;
#2896 = CARTESIAN_POINT ( 'NONE',  ( 0.000000000000000000, 0.000000000000000000, 0.1499999999999999667 ) ) ;
#2897 = ORIENTED_EDGE ( 'NONE', *, *, #1456, .T. ) ;
#2898 =( NAMED_UNIT ( * ) SI_UNIT ( $, .STERADIAN. ) SOLID_ANGLE_UNIT ( ) );
#2899 = CARTESIAN_POINT ( 'NONE',  ( -1.500000000000000000, 0.9000000000000002442, 0.000000000000000000 ) ) ;
#2900 = PRESENTATION_LAYER_ASSIGNMENT (  '', '', ( #651 ) ) ;
#2901 = SURFACE_SIDE_STYLE ('',( #1889 ) ) ;
#2902 = VERTEX_POINT ( 'NONE', #3112 ) ;
#2903 = PRESENTATION_STYLE_ASSIGNMENT (( #1398 ) ) ;
#2904 = CARTESIAN_POINT ( 'NONE',  ( 0.000000000000000000, -1.947451579420137224E-16, 0.5990149732453686759 ) ) ;
#2905 = PRESENTATION_STYLE_ASSIGNMENT (( #3226 ) ) ;
#2906 = SURFACE_STYLE_FILL_AREA ( #472 ) ;
#2907 = MECHANICAL_DESIGN_GEOMETRIC_PRESENTATION_REPRESENTATION (  '', ( #260 ), #2533 ) ;
#2908 = TOROIDAL_SURFACE ( 'NONE', #264, 1.050000000000000044, 0.2000000000000000666 ) ;
#2909 = FILL_AREA_STYLE_COLOUR ( '', #372 ) ;
#2910 = DIRECTION ( 'NONE',  ( -0.000000000000000000, 0.000000000000000000, 1.000000000000000000 ) ) ;
#2911 = SURFACE_SIDE_STYLE ('',( #188 ) ) ;
#2912 = LINE ( 'NONE', #750, #2277 ) ;
#2913 = LINE ( 'NONE', #1069, #992 ) ;
#2914 = ORIENTED_EDGE ( 'NONE', *, *, #3004, .F. ) ;
#2915 = AXIS2_PLACEMENT_3D ( 'NONE', #2961, #3367, #613 ) ;
#2916 = FACE_OUTER_BOUND ( 'NONE', #959, .T. ) ;
#2917 =( LENGTH_UNIT ( ) NAMED_UNIT ( * ) SI_UNIT ( .MILLI., .METRE. ) );
#2918 = VERTEX_POINT ( 'NONE', #354 ) ;
#2919 = DIRECTION ( 'NONE',  ( -1.224646799147353207E-16, 1.000000000000000000, 0.000000000000000000 ) ) ;
#2920 = DIRECTION ( 'NONE',  ( -0.000000000000000000, -0.000000000000000000, 1.000000000000000000 ) ) ;
#2921 = EDGE_CURVE ( 'NONE', #2930, #2064, #29, .T. ) ;
#2922 = AXIS2_PLACEMENT_3D ( 'NONE', #3507, #2047, #1723 ) ;
#2923 = FILL_AREA_STYLE ('',( #2011 ) ) ;
#2924 = PRODUCT_DEFINITION_SHAPE ( 'NONE', 'NONE',  #512 ) ;
#2925 = PRESENTATION_LAYER_ASSIGNMENT (  '', '', ( #2100 ) ) ;
#2926 = ORIENTED_EDGE ( 'NONE', *, *, #2676, .F. ) ;
#2927 =( NAMED_UNIT ( * ) SI_UNIT ( $, .STERADIAN. ) SOLID_ANGLE_UNIT ( ) );
#2928 = EDGE_CURVE ( 'NONE', #3354, #2110, #1563, .T. ) ;
#2929 = PLANE ( 'NONE',  #1955 ) ;
#2930 = VERTEX_POINT ( 'NONE', #2496 ) ;
#2931 = ORIENTED_EDGE ( 'NONE', *, *, #63, .T. ) ;
#2932 = UNCERTAINTY_MEASURE_WITH_UNIT (LENGTH_MEASURE( 1.000000000000000082E-05 ), #1005, 'distance_accuracy_value', 'NONE');
#2933 = DIRECTION ( 'NONE',  ( 0.000000000000000000, 0.000000000000000000, 1.000000000000000000 ) ) ;
#2934 =( NAMED_UNIT ( * ) SI_UNIT ( $, .STERADIAN. ) SOLID_ANGLE_UNIT ( ) );
#2935 = DIRECTION ( 'NONE',  ( -0.000000000000000000, 1.000000000000000000, -0.000000000000000000 ) ) ;
#2936 =( LENGTH_UNIT ( ) NAMED_UNIT ( * ) SI_UNIT ( .MILLI., .METRE. ) );
#2937 = DIRECTION ( 'NONE',  ( -1.000000000000000000, 2.710505431213766015E-16, 0.000000000000000000 ) ) ;
#2938 = ORIENTED_EDGE ( 'NONE', *, *, #2103, .F. ) ;
#2939 = FACE_BOUND ( 'NONE', #1366, .T. ) ;
#2940 = LINE ( 'NONE', #120, #2592 ) ;
#2941 = AXIS2_PLACEMENT_3D ( 'NONE', #2982, #3314, #3906 ) ;
#2942 =( LENGTH_UNIT ( ) NAMED_UNIT ( * ) SI_UNIT ( .MILLI., .METRE. ) );
#2943 = ORIENTED_EDGE ( 'NONE', *, *, #3705, .F. ) ;
#2944 = LINE ( 'NONE', #1073, #3012 ) ;
#2945 = VECTOR ( 'NONE', #1315, 1000.000000000000000 ) ;
#2946 = ORIENTED_EDGE ( 'NONE', *, *, #1136, .T. ) ;
#2947 = CARTESIAN_POINT ( 'NONE',  ( 1.150000000000000133, -1.742810346863235915E-16, 0.1499999999999999944 ) ) ;
#2948 = LINE ( 'NONE', #181, #471 ) ;
#2949 = CARTESIAN_POINT ( 'NONE',  ( 0.000000000000000000, 0.000000000000000000, 0.9499999999999998446 ) ) ;
#2950 = ADVANCED_FACE ( 'NONE', ( #143 ), #1062, .T. ) ;
#2951 = ORIENTED_EDGE ( 'NONE', *, *, #2168, .F. ) ;
#2952 = ORIENTED_EDGE ( 'NONE', *, *, #3622, .F. ) ;
#2953 = MECHANICAL_DESIGN_GEOMETRIC_PRESENTATION_REPRESENTATION (  '', ( #3786 ), #3273 ) ;
#2954 = FILL_AREA_STYLE ('',( #857 ) ) ;
#2955 = DIRECTION ( 'NONE',  ( -0.000000000000000000, 0.000000000000000000, -1.000000000000000000 ) ) ;
#2956 = CARTESIAN_POINT ( 'NONE',  ( 1.100000000000000755, -0.8999999999999999112, 0.1499999999999999944 ) ) ;
#2957 = UNCERTAINTY_MEASURE_WITH_UNIT (LENGTH_MEASURE( 1.000000000000000082E-05 ), #159, 'distance_accuracy_value', 'NONE');
#2958 = UNCERTAINTY_MEASURE_WITH_UNIT (LENGTH_MEASURE( 1.000000000000000082E-05 ), #1311, 'distance_accuracy_value', 'NONE');
#2959 = EDGE_CURVE ( 'NONE', #1423, #296, #1255, .T. ) ;
#2960 =( LENGTH_UNIT ( ) NAMED_UNIT ( * ) SI_UNIT ( .MILLI., .METRE. ) );
#2961 = CARTESIAN_POINT ( 'NONE',  ( 0.000000000000000000, -2.168404344971008868E-16, 0.000000000000000000 ) ) ;
#2962 = DIRECTION ( 'NONE',  ( 2.710505431213766015E-16, 1.000000000000000000, -0.000000000000000000 ) ) ;
#2963 = ORIENTED_EDGE ( 'NONE', *, *, #3659, .F. ) ;
#2964 =( NAMED_UNIT ( * ) PLANE_ANGLE_UNIT ( ) SI_UNIT ( $, .RADIAN. ) );
#2965 = SURFACE_STYLE_USAGE ( .BOTH. , #460 ) ;
#2966 =( GEOMETRIC_REPRESENTATION_CONTEXT ( 3 ) GLOBAL_UNCERTAINTY_ASSIGNED_CONTEXT ( ( #2518 ) ) GLOBAL_UNIT_ASSIGNED_CONTEXT ( ( #2786, #3135, #962 ) ) REPRESENTATION_CONTEXT ( 'NONE', 'WORKASPACE' ) );
#2967 = ORIENTED_EDGE ( 'NONE', *, *, #2270, .T. ) ;
#2968 = DIRECTION ( 'NONE',  ( 0.000000000000000000, -1.000000000000000000, 0.000000000000000000 ) ) ;
#2969 = PLANE ( 'NONE',  #473 ) ;
#2970 = CARTESIAN_POINT ( 'NONE',  ( 1.099999999999999645, 1.099999999999999645, 0.3499999999999999778 ) ) ;
#2971 = ORIENTED_EDGE ( 'NONE', *, *, #2857, .F. ) ;
#2972 = PRESENTATION_LAYER_ASSIGNMENT (  '', '', ( #1822 ) ) ;
#2973 = ORIENTED_EDGE ( 'NONE', *, *, #698, .F. ) ;
#2974 = ORIENTED_EDGE ( 'NONE', *, *, #3590, .T. ) ;
#2975 = FACE_OUTER_BOUND ( 'NONE', #3914, .T. ) ;
#2976 = SURFACE_SIDE_STYLE ('',( #230 ) ) ;
#2977 = EDGE_CURVE ( 'NONE', #2796, #1847, #3187, .T. ) ;
#2978 = SURFACE_STYLE_FILL_AREA ( #2441 ) ;
#2979 = CIRCLE ( 'NONE', #78, 1.000000000000000222 ) ;
#2980 = FILL_AREA_STYLE_COLOUR ( '', #2760 ) ;
#2981 = ORIENTED_EDGE ( 'NONE', *, *, #936, .T. ) ;
#2982 = CARTESIAN_POINT ( 'NONE',  ( 0.000000000000000000, 0.000000000000000000, 0.3499999999999999778 ) ) ;
#2983 = EDGE_CURVE ( 'NONE', #3229, #3437, #3831, .T. ) ;
#2984 =( NAMED_UNIT ( * ) SI_UNIT ( $, .STERADIAN. ) SOLID_ANGLE_UNIT ( ) );
#2985 =( GEOMETRIC_REPRESENTATION_CONTEXT ( 3 ) GLOBAL_UNCERTAINTY_ASSIGNED_CONTEXT ( ( #3877 ) ) GLOBAL_UNIT_ASSIGNED_CONTEXT ( ( #2509, #3106, #1968 ) ) REPRESENTATION_CONTEXT ( 'NONE', 'WORKASPACE' ) );
#2986 = ORIENTED_EDGE ( 'NONE', *, *, #2749, .F. ) ;
#2987 = LINE ( 'NONE', #1166, #2750 ) ;
#2988 = PRESENTATION_LAYER_ASSIGNMENT (  '', '', ( #2477 ) ) ;
#2989 = DIRECTION ( 'NONE',  ( 0.000000000000000000, 1.000000000000000000, -3.688601711469485225E-17 ) ) ;
#2990 = LINE ( 'NONE', #1387, #2280 ) ;
#2991 = LINE ( 'NONE', #3935, #269 ) ;
#2992 = VERTEX_POINT ( 'NONE', #790 ) ;
#2993 = ORIENTED_EDGE ( 'NONE', *, *, #3188, .T. ) ;
#2994 = DIRECTION ( 'NONE',  ( 0.000000000000000000, -1.000000000000000000, 0.000000000000000000 ) ) ;
#2995 = CARTESIAN_POINT ( 'NONE',  ( 1.285879139104720732E-16, -1.050000000000000044, 0.3499999999999999778 ) ) ;
#2996 = CARTESIAN_POINT ( 'NONE',  ( -1.100000000000000089, 1.299999999999999822, 0.3499999999999999778 ) ) ;
#2997 = SURFACE_SIDE_STYLE ('',( #2978 ) ) ;
#2998 = EDGE_CURVE ( 'NONE', #2212, #3327, #3492, .T. ) ;
#2999 =( NAMED_UNIT ( * ) SI_UNIT ( $, .STERADIAN. ) SOLID_ANGLE_UNIT ( ) );
#3000 =( NAMED_UNIT ( * ) PLANE_ANGLE_UNIT ( ) SI_UNIT ( $, .RADIAN. ) );
#3001 = ORIENTED_EDGE ( 'NONE', *, *, #2344, .T. ) ;
#3002 = DIRECTION ( 'NONE',  ( -0.000000000000000000, 1.000000000000000000, -0.000000000000000000 ) ) ;
#3003 = CARTESIAN_POINT ( 'NONE',  ( 1.300000000000000266, -1.100000000000000089, 0.000000000000000000 ) ) ;
#3004 = EDGE_CURVE ( 'NONE', #3568, #1602, #1080, .T. ) ;
#3005 = DIRECTION ( 'NONE',  ( -0.000000000000000000, 0.000000000000000000, -1.000000000000000000 ) ) ;
#3006 = MECHANICAL_DESIGN_GEOMETRIC_PRESENTATION_REPRESENTATION (  '', ( #3193 ), #3458 ) ;
#3007 = CARTESIAN_POINT ( 'NONE',  ( 1.224646799147353207E-16, 0.9999999999999997780, 0.7634530849698735189 ) ) ;
#3009 =( LENGTH_UNIT ( ) NAMED_UNIT ( * ) SI_UNIT ( .MILLI., .METRE. ) );
#3008 = MECHANICAL_DESIGN_GEOMETRIC_PRESENTATION_REPRESENTATION (  '', ( #1352 ), #3709 ) ;
#3010 = SURFACE_SIDE_STYLE ('',( #2395 ) ) ;
#3011 = CONICAL_SURFACE ( 'NONE', #2118, 0.9468452210677923420, 0.5048320198941952386 ) ;
#3012 = VECTOR ( 'NONE', #761, 1000.000000000000000 ) ;
#3013 = EDGE_LOOP ( 'NONE', ( #863, #2073, #1702, #1586 ) ) ;
#3014 =( GEOMETRIC_REPRESENTATION_CONTEXT ( 3 ) GLOBAL_UNCERTAINTY_ASSIGNED_CONTEXT ( ( #2792 ) ) GLOBAL_UNIT_ASSIGNED_CONTEXT ( ( #3427, #2526, #3464 ) ) REPRESENTATION_CONTEXT ( 'NONE', 'WORKASPACE' ) );
#3015 =( GEOMETRIC_REPRESENTATION_CONTEXT ( 3 ) GLOBAL_UNCERTAINTY_ASSIGNED_CONTEXT ( ( #2332 ) ) GLOBAL_UNIT_ASSIGNED_CONTEXT ( ( #270, #1215, #3584 ) ) REPRESENTATION_CONTEXT ( 'NONE', 'WORKASPACE' ) );
#3016 = FACE_OUTER_BOUND ( 'NONE', #81, .T. ) ;
#3017 = EDGE_LOOP ( 'NONE', ( #3505, #1435, #2121, #2174 ) ) ;
#3018 = AXIS2_PLACEMENT_3D ( 'NONE', #2080, #42, #3977 ) ;
#3019 = EDGE_CURVE ( 'NONE', #3788, #3292, #3747, .T. ) ;
#3020 =( LENGTH_UNIT ( ) NAMED_UNIT ( * ) SI_UNIT ( .MILLI., .METRE. ) );
#3021 = CARTESIAN_POINT ( 'NONE',  ( 1.299999999999999822, 0.9000000000000002442, 0.3499999999999999778 ) ) ;
#3022 = DIRECTION ( 'NONE',  ( -0.000000000000000000, 0.000000000000000000, -1.000000000000000000 ) ) ;
#3023 = EDGE_CURVE ( 'NONE', #2137, #1423, #2034, .T. ) ;
#3024 = CARTESIAN_POINT ( 'NONE',  ( 0.000000000000000000, 0.000000000000000000, 0.2500000000000000000 ) ) ;
#3025 = ORIENTED_EDGE ( 'NONE', *, *, #981, .T. ) ;
#3026 =( LENGTH_UNIT ( ) NAMED_UNIT ( * ) SI_UNIT ( .MILLI., .METRE. ) );
#3027 = ORIENTED_EDGE ( 'NONE', *, *, #2544, .T. ) ;
#3028 =( NAMED_UNIT ( * ) SI_UNIT ( $, .STERADIAN. ) SOLID_ANGLE_UNIT ( ) );
#3029 = ORIENTED_EDGE ( 'NONE', *, *, #2682, .T. ) ;
#3030 = LINE ( 'NONE', #1175, #3276 ) ;
#3031 = DIRECTION ( 'NONE',  ( -1.000000000000000000, 1.224646799147353700E-16, 0.000000000000000000 ) ) ;
#3032 = SURFACE_STYLE_USAGE ( .BOTH. , #842 ) ;
#3033 = FACE_OUTER_BOUND ( 'NONE', #767, .T. ) ;
#3034 = STYLED_ITEM ( 'NONE', ( #2503 ), #3613 ) ;
#3035 = VERTEX_POINT ( 'NONE', #1712 ) ;
#3036 =( NAMED_UNIT ( * ) SI_UNIT ( $, .STERADIAN. ) SOLID_ANGLE_UNIT ( ) );
#3037 = AXIS2_PLACEMENT_3D ( 'NONE', #3258, #3797, #3214 ) ;
#3038 = SURFACE_SIDE_STYLE ('',( #1545 ) ) ;
#3039 = CYLINDRICAL_SURFACE ( 'NONE', #438, 0.8500000000000000888 ) ;
#3040 = ORIENTED_EDGE ( 'NONE', *, *, #2116, .T. ) ;
#3041 = CIRCLE ( 'NONE', #1329, 0.09999999999999999167 ) ;
#3042 = FILL_AREA_STYLE_COLOUR ( '', #549 ) ;
#3043 = ADVANCED_FACE ( 'NONE', ( #2578 ), #2929, .T. ) ;
#3044 = VERTEX_POINT ( 'NONE', #594 ) ;
#3045 = DIRECTION ( 'NONE',  ( 1.000000000000000000, 0.000000000000000000, 0.000000000000000000 ) ) ;
#3046 = CIRCLE ( 'NONE', #2154, 0.2500000000000000000 ) ;
#3047 = CYLINDRICAL_SURFACE ( 'NONE', #505, 0.5034595668679463509 ) ;
#3048 = AXIS2_PLACEMENT_3D ( 'NONE', #3894, #3268, #513 ) ;
#3049 =( LENGTH_UNIT ( ) NAMED_UNIT ( * ) SI_UNIT ( .MILLI., .METRE. ) );
#3050 = EDGE_CURVE ( 'NONE', #3437, #171, #2991, .T. ) ;
#3051 = ORIENTED_EDGE ( 'NONE', *, *, #2050, .T. ) ;
#3052 = FILL_AREA_STYLE_COLOUR ( '', #3913 ) ;
#3053 = CIRCLE ( 'NONE', #481, 0.09999999999999999167 ) ;
#3054 = DIRECTION ( 'NONE',  ( 0.000000000000000000, -0.000000000000000000, -1.000000000000000000 ) ) ;
#3055 = ORIENTED_EDGE ( 'NONE', *, *, #610, .T. ) ;
#3056 = DIRECTION ( 'NONE',  ( 0.000000000000000000, 0.000000000000000000, -1.000000000000000000 ) ) ;
#3057 = DIRECTION ( 'NONE',  ( -0.000000000000000000, -3.688601711469485225E-17, -1.000000000000000000 ) ) ;
#3058 = CARTESIAN_POINT ( 'NONE',  ( 1.099999999999999645, 1.099999999999999645, 0.3499999999999999778 ) ) ;
#3059 = LINE ( 'NONE', #297, #169 ) ;
#3060 = DIRECTION ( 'NONE',  ( -0.000000000000000000, -3.688601711469485225E-17, -1.000000000000000000 ) ) ;
#3061 = ORIENTED_EDGE ( 'NONE', *, *, #859, .F. ) ;
#3062 =( NAMED_UNIT ( * ) PLANE_ANGLE_UNIT ( ) SI_UNIT ( $, .RADIAN. ) );
#3063 = EDGE_CURVE ( 'NONE', #1333, #1708, #1790, .T. ) ;
#3064 = VECTOR ( 'NONE', #3176, 1000.000000000000000 ) ;
#3065 = STYLED_ITEM ( 'NONE', ( #3355 ), #2511 ) ;
#3066 = VERTEX_POINT ( 'NONE', #1492 ) ;
#3067 = LINE ( 'NONE', #3110, #2945 ) ;
#3068 = FILL_AREA_STYLE_COLOUR ( '', #2196 ) ;
#3069 = CARTESIAN_POINT ( 'NONE',  ( 0.000000000000000000, -2.039303285069577064E-16, 0.3499999999999999223 ) ) ;
#3070 = LINE ( 'NONE', #46, #3865 ) ;
#3071 = CIRCLE ( 'NONE', #3593, 0.09999999999999999167 ) ;
#3072 = PRESENTATION_STYLE_ASSIGNMENT (( #2384 ) ) ;
#3073 = CARTESIAN_POINT ( 'NONE',  ( -0.2999999999999999889, 0.4000000000000000222, 0.1499999999999999944 ) ) ;
#3074 = ORIENTED_EDGE ( 'NONE', *, *, #243, .T. ) ;
#3075 = ADVANCED_FACE ( 'NONE', ( #3896 ), #1470, .F. ) ;
#3076 = STYLED_ITEM ( 'NONE', ( #3626 ), #1699 ) ;
#3077 = CARTESIAN_POINT ( 'NONE',  ( -1.100000000000000755, 0.9000000000000002442, 0.1499999999999999944 ) ) ;
#3078 = DIRECTION ( 'NONE',  ( 8.340016711426957754E-17, -1.000000000000000000, 0.000000000000000000 ) ) ;
#3079 = ORIENTED_EDGE ( 'NONE', *, *, #2570, .F. ) ;
#3080 = LINE ( 'NONE', #316, #687 ) ;
#3081 = DIRECTION ( 'NONE',  ( -0.000000000000000000, -3.688601711469485225E-17, -1.000000000000000000 ) ) ;
#3082 = ORIENTED_EDGE ( 'NONE', *, *, #2294, .T. ) ;
#3083 = CYLINDRICAL_SURFACE ( 'NONE', #1003, 0.5034595668679463509 ) ;
#3084 = PRESENTATION_LAYER_ASSIGNMENT (  '', '', ( #1106 ) ) ;
#3085 = SURFACE_SIDE_STYLE ('',( #1813 ) ) ;
#3086 = VERTEX_POINT ( 'NONE', #558 ) ;
#3087 = CARTESIAN_POINT ( 'NONE',  ( -1.100000000000000089, 1.299999999999999822, 0.000000000000000000 ) ) ;
#3088 = FILL_AREA_STYLE ('',( #3068 ) ) ;
#3089 = CARTESIAN_POINT ( 'NONE',  ( 1.100000000000000755, 0.9000000000000002442, 0.000000000000000000 ) ) ;
#3090 = SURFACE_STYLE_FILL_AREA ( #967 ) ;
#3091 = CARTESIAN_POINT ( 'NONE',  ( 1.100000000000000755, -0.8999999999999999112, 0.1499999999999999944 ) ) ;
#3092 = ORIENTED_EDGE ( 'NONE', *, *, #2729, .T. ) ;
#3093 = EDGE_CURVE ( 'NONE', #3972, #2137, #922, .T. ) ;
#3094 = CARTESIAN_POINT ( 'NONE',  ( 0.2999999999999999889, 1.549999999999999822, 0.000000000000000000 ) ) ;
#3095 =( NAMED_UNIT ( * ) SI_UNIT ( $, .STERADIAN. ) SOLID_ANGLE_UNIT ( ) );
#3096 = FACE_OUTER_BOUND ( 'NONE', #1083, .T. ) ;
#3097 = ORIENTED_EDGE ( 'NONE', *, *, #1115, .F. ) ;
#3098 = EDGE_CURVE ( 'NONE', #3926, #1333, #1636, .T. ) ;
#3099 = FACE_OUTER_BOUND ( 'NONE', #202, .T. ) ;
#3100 = AXIS2_PLACEMENT_3D ( 'NONE', #134, #2046, #2884 ) ;
#3101 = CIRCLE ( 'NONE', #1377, 0.09999999999999999167 ) ;
#3102 = MECHANICAL_DESIGN_GEOMETRIC_PRESENTATION_REPRESENTATION (  '', ( #2539 ), #1899 ) ;
#3103 = SURFACE_STYLE_FILL_AREA ( #2507 ) ;
#3104 = ORIENTED_EDGE ( 'NONE', *, *, #3860, .T. ) ;
#3105 = CARTESIAN_POINT ( 'NONE',  ( -0.3499999999999998668, 4.286263797015734746E-17, 0.1499999999999999667 ) ) ;
#3106 =( NAMED_UNIT ( * ) PLANE_ANGLE_UNIT ( ) SI_UNIT ( $, .RADIAN. ) );
#3107 = SURFACE_STYLE_FILL_AREA ( #1531 ) ;
#3108 = DIRECTION ( 'NONE',  ( -1.000000000000000000, 0.000000000000000000, 0.000000000000000000 ) ) ;
#3109 = EDGE_LOOP ( 'NONE', ( #1190, #1730, #1551, #889 ) ) ;
#3110 = CARTESIAN_POINT ( 'NONE',  ( -1.100000000000000755, -0.8999999999999999112, 0.000000000000000000 ) ) ;
#3111 = LINE ( 'NONE', #1316, #1030 ) ;
#3112 = CARTESIAN_POINT ( 'NONE',  ( 1.100000000000000755, 0.9000000000000002442, 0.1499999999999999944 ) ) ;
#3113 = UNCERTAINTY_MEASURE_WITH_UNIT (LENGTH_MEASURE( 1.000000000000000082E-05 ), #3246, 'distance_accuracy_value', 'NONE');
#3114 = AXIS2_PLACEMENT_3D ( 'NONE', #1205, #3931, #279 ) ;
#3115 = SPHERICAL_SURFACE ( 'NONE', #2537, 0.2500000000000000000 ) ;
#3116 = CARTESIAN_POINT ( 'NONE',  ( -1.199999999999999289, -0.8999999999999998002, 0.000000000000000000 ) ) ;
#3117 = LINE ( 'NONE', #3021, #3262 ) ;
#3118 = SURFACE_STYLE_USAGE ( .BOTH. , #2500 ) ;
#3119 = CIRCLE ( 'NONE', #2728, 0.09999999999999999167 ) ;
#3120 =( NAMED_UNIT ( * ) PLANE_ANGLE_UNIT ( ) SI_UNIT ( $, .RADIAN. ) );
#3121 = EDGE_CURVE ( 'NONE', #3575, #2712, #1449, .T. ) ;
#3122 = LINE ( 'NONE', #1308, #3936 ) ;
#3123 = MANIFOLD_SOLID_BREP ( '切除-拉伸3', #3381 ) ;
#3124 = SURFACE_STYLE_FILL_AREA ( #682 ) ;
#3125 = VERTEX_POINT ( 'NONE', #1226 ) ;
#3126 = CARTESIAN_POINT ( 'NONE',  ( 0.000000000000000000, 0.000000000000000000, 0.1499999999999999944 ) ) ;
#3127 = UNCERTAINTY_MEASURE_WITH_UNIT (LENGTH_MEASURE( 1.000000000000000082E-05 ), #2942, 'distance_accuracy_value', 'NONE');
#3128 = DIRECTION ( 'NONE',  ( 9.444552471741535930E-17, -0.7712062349991198884, -0.6365853776976677647 ) ) ;
#3129 =( LENGTH_UNIT ( ) NAMED_UNIT ( * ) SI_UNIT ( .MILLI., .METRE. ) );
#3130 = ORIENTED_EDGE ( 'NONE', *, *, #1089, .F. ) ;
#3131 =( NAMED_UNIT ( * ) PLANE_ANGLE_UNIT ( ) SI_UNIT ( $, .RADIAN. ) );
#3132 = MANIFOLD_SOLID_BREP ( '相交1[1]', #2803 ) ;
#3133 =( NAMED_UNIT ( * ) SI_UNIT ( $, .STERADIAN. ) SOLID_ANGLE_UNIT ( ) );
#3134 =( NAMED_UNIT ( * ) PLANE_ANGLE_UNIT ( ) SI_UNIT ( $, .RADIAN. ) );
#3135 =( NAMED_UNIT ( * ) PLANE_ANGLE_UNIT ( ) SI_UNIT ( $, .RADIAN. ) );
#3136 = AXIS2_PLACEMENT_3D ( 'NONE', #3336, #272, #3628 ) ;
#3137 = DIRECTION ( 'NONE',  ( 1.000000000000000000, 0.000000000000000000, 0.000000000000000000 ) ) ;
#3138 = CARTESIAN_POINT ( 'NONE',  ( -1.300000000000000044, -1.300000000000000266, 0.000000000000000000 ) ) ;
#3139 =( GEOMETRIC_REPRESENTATION_CONTEXT ( 3 ) GLOBAL_UNCERTAINTY_ASSIGNED_CONTEXT ( ( #476 ) ) GLOBAL_UNIT_ASSIGNED_CONTEXT ( ( #2736, #2126, #255 ) ) REPRESENTATION_CONTEXT ( 'NONE', 'WORKASPACE' ) );
#3140 = COLOUR_RGB ( '',0.9686274509803921573, 0.8784313725490195957, 0.5999999999999999778 ) ;
#3141 = AXIS2_PLACEMENT_3D ( 'NONE', #1575, #2784, #616 ) ;
#3142 = CARTESIAN_POINT ( 'NONE',  ( 0.000000000000000000, -1.742810346863235915E-16, 1.153808492753267689 ) ) ;
#3143 = ORIENTED_EDGE ( 'NONE', *, *, #2231, .F. ) ;
#3144 = DIRECTION ( 'NONE',  ( -0.000000000000000000, 0.000000000000000000, 1.000000000000000000 ) ) ;
#3145 = DIRECTION ( 'NONE',  ( 0.000000000000000000, 0.000000000000000000, -1.000000000000000000 ) ) ;
#3146 = COLOUR_RGB ( '',0.9686274509803921573, 0.8784313725490195957, 0.5999999999999999778 ) ;
#3147 = CARTESIAN_POINT ( 'NONE',  ( 0.000000000000000000, 0.000000000000000000, 0.9499999999999998446 ) ) ;
#3148 = ORIENTED_EDGE ( 'NONE', *, *, #2977, .T. ) ;
#3149 = ADVANCED_FACE ( 'NONE', ( #204 ), #3083, .T. ) ;
#3150 = DIRECTION ( 'NONE',  ( -0.000000000000000000, -3.688601711469485225E-17, -1.000000000000000000 ) ) ;
#3151 = AXIS2_PLACEMENT_3D ( 'NONE', #250, #2097, #2955 ) ;
#3152 = DIRECTION ( 'NONE',  ( -0.000000000000000000, -0.000000000000000000, 1.000000000000000000 ) ) ;
#3153 = PLANE ( 'NONE',  #927 ) ;
#3154 = ADVANCED_FACE ( 'NONE', ( #1848 ), #3047, .T. ) ;
#3155 = STYLED_ITEM ( 'NONE', ( #1322 ), #2635 ) ;
#3156 = APPLICATION_PROTOCOL_DEFINITION ( 'draft international standard', 'automotive_design', 1998, #429 ) ;
#3157 = FILL_AREA_STYLE_COLOUR ( '', #3146 ) ;
#3158 = SURFACE_STYLE_FILL_AREA ( #2557 ) ;
#3159 = SURFACE_STYLE_FILL_AREA ( #3445 ) ;
#3160 = PRESENTATION_LAYER_ASSIGNMENT (  '', '', ( #3155 ) ) ;
#3161 = FILL_AREA_STYLE_COLOUR ( '', #1486 ) ;
#3162 = EDGE_LOOP ( 'NONE', ( #3858, #2326, #2368, #475 ) ) ;
#3163 = FILL_AREA_STYLE ('',( #362 ) ) ;
#3164 =( GEOMETRIC_REPRESENTATION_CONTEXT ( 3 ) GLOBAL_UNCERTAINTY_ASSIGNED_CONTEXT ( ( #2858 ) ) GLOBAL_UNIT_ASSIGNED_CONTEXT ( ( #394, #3209, #2257 ) ) REPRESENTATION_CONTEXT ( 'NONE', 'WORKASPACE' ) );
#3165 = UNCERTAINTY_MEASURE_WITH_UNIT (LENGTH_MEASURE( 1.000000000000000082E-05 ), #2520, 'distance_accuracy_value', 'NONE');
#3166 = PRESENTATION_STYLE_ASSIGNMENT (( #700 ) ) ;
#3167 = CARTESIAN_POINT ( 'NONE',  ( -0.3499999999999998668, 4.286263797015734746E-17, 0.2500000000000000000 ) ) ;
#3168 = ORIENTED_EDGE ( 'NONE', *, *, #2560, .F. ) ;
#3169 = CIRCLE ( 'NONE', #1437, 0.2000000000000000944 ) ;
#3170 = COLOUR_RGB ( '',0.9686274509803921573, 0.8784313725490195957, 0.5999999999999999778 ) ;
#3171 = EDGE_CURVE ( 'NONE', #2323, #3972, #158, .T. ) ;
#3172 =( LENGTH_UNIT ( ) NAMED_UNIT ( * ) SI_UNIT ( .MILLI., .METRE. ) );
#3173 = MECHANICAL_DESIGN_GEOMETRIC_PRESENTATION_REPRESENTATION (  '', ( #3561 ), #2530 ) ;
#3174 = ADVANCED_FACE ( 'NONE', ( #1074 ), #1930, .T. ) ;
#3175 = PRESENTATION_LAYER_ASSIGNMENT (  '', '', ( #925 ) ) ;
#3176 = DIRECTION ( 'NONE',  ( -0.000000000000000000, 1.000000000000000000, -0.000000000000000000 ) ) ;
#3177 = MECHANICAL_DESIGN_GEOMETRIC_PRESENTATION_REPRESENTATION (  '', ( #3438 ), #1964 ) ;
#3178 = DIRECTION ( 'NONE',  ( -0.000000000000000000, -0.000000000000000000, 1.000000000000000000 ) ) ;
#3179 = CIRCLE ( 'NONE', #798, 0.09999999999999999167 ) ;
#3180 = ORIENTED_EDGE ( 'NONE', *, *, #2881, .F. ) ;
#3181 = FACE_OUTER_BOUND ( 'NONE', #2647, .T. ) ;
#3182 =( GEOMETRIC_REPRESENTATION_CONTEXT ( 3 ) GLOBAL_UNCERTAINTY_ASSIGNED_CONTEXT ( ( #373 ) ) GLOBAL_UNIT_ASSIGNED_CONTEXT ( ( #24, #3062, #300 ) ) REPRESENTATION_CONTEXT ( 'NONE', 'WORKASPACE' ) );
#3183 = FILL_AREA_STYLE ('',( #757 ) ) ;
#3184 = CARTESIAN_POINT ( 'NONE',  ( 0.2500000000000000000, 3.673940397442058882E-17, 0.2500000000000000000 ) ) ;
#3185 = VERTEX_POINT ( 'NONE', #2292 ) ;
#3186 = SURFACE_STYLE_USAGE ( .BOTH. , #738 ) ;
#3187 = LINE ( 'NONE', #2296, #3870 ) ;
#3188 = EDGE_CURVE ( 'NONE', #2341, #1810, #1705, .T. ) ;
#3189 = CARTESIAN_POINT ( 'NONE',  ( 1.300000000000000266, -1.100000000000000089, 0.3499999999999999778 ) ) ;
#3190 = CARTESIAN_POINT ( 'NONE',  ( -0.2999999999999999334, -1.550000000000000266, 0.1499999999999999944 ) ) ;
#3191 = DIRECTION ( 'NONE',  ( 0.000000000000000000, -1.000000000000000000, 3.688601711469485225E-17 ) ) ;
#3192 = ADVANCED_FACE ( 'NONE', ( #3205 ), #2307, .F. ) ;
#3193 = STYLED_ITEM ( 'NONE', ( #2278 ), #160 ) ;
#3194 = CARTESIAN_POINT ( 'NONE',  ( 3.061616997868383018E-17, 0.2500000000000000000, 0.9499999999999998446 ) ) ;
#3195 = FACE_OUTER_BOUND ( 'NONE', #2527, .T. ) ;
#3196 = MECHANICAL_DESIGN_GEOMETRIC_PRESENTATION_REPRESENTATION (  '', ( #2743 ), #3646 ) ;
#3197 = ORIENTED_EDGE ( 'NONE', *, *, #1456, .F. ) ;
#3198 = SPHERICAL_SURFACE ( 'NONE', #2243, 0.1000000000000000194 ) ;
#3199 = ADVANCED_FACE ( 'NONE', ( #2271 ), #3490, .T. ) ;
#3200 = MECHANICAL_DESIGN_GEOMETRIC_PRESENTATION_REPRESENTATION (  '', ( #436 ), #1655 ) ;
#3201 = CARTESIAN_POINT ( 'NONE',  ( 0.000000000000000000, -2.168404344971008868E-16, 0.3499999999999999223 ) ) ;
#3202 = ORIENTED_EDGE ( 'NONE', *, *, #1604, .T. ) ;
#3203 = DIRECTION ( 'NONE',  ( 1.000000000000000000, 0.000000000000000000, 0.000000000000000000 ) ) ;
#3204 = SURFACE_STYLE_FILL_AREA ( #1987 ) ;
#3205 = FACE_OUTER_BOUND ( 'NONE', #382, .T. ) ;
#3206 = FACE_OUTER_BOUND ( 'NONE', #440, .T. ) ;
#3207 = SURFACE_SIDE_STYLE ('',( #741 ) ) ;
#3208 = CARTESIAN_POINT ( 'NONE',  ( -1.300000000000000266, 1.099999999999999645, 0.3499999999999999778 ) ) ;
#3209 =( NAMED_UNIT ( * ) PLANE_ANGLE_UNIT ( ) SI_UNIT ( $, .RADIAN. ) );
#3210 = SURFACE_SIDE_STYLE ('',( #1065 ) ) ;
#3211 = CARTESIAN_POINT ( 'NONE',  ( 1.285879139104720978E-16, -1.050000000000000488, 0.1499999999999999667 ) ) ;
#3212 = CARTESIAN_POINT ( 'NONE',  ( -0.2999999999999999889, 2.199999999999999289, 0.1499999999999999944 ) ) ;
#3213 =( GEOMETRIC_REPRESENTATION_CONTEXT ( 3 ) GLOBAL_UNCERTAINTY_ASSIGNED_CONTEXT ( ( #499 ) ) GLOBAL_UNIT_ASSIGNED_CONTEXT ( ( #1918, #980, #8 ) ) REPRESENTATION_CONTEXT ( 'NONE', 'WORKASPACE' ) );
#3214 = DIRECTION ( 'NONE',  ( 0.000000000000000000, 1.000000000000000000, -6.377659838150024995E-17 ) ) ;
#3215 = ADVANCED_FACE ( 'NONE', ( #806 ), #2969, .T. ) ;
#3216 = SURFACE_STYLE_FILL_AREA ( #3567 ) ;
#3217 = EDGE_LOOP ( 'NONE', ( #3340, #1685, #559, #1105 ) ) ;
#3218 =( NAMED_UNIT ( * ) SI_UNIT ( $, .STERADIAN. ) SOLID_ANGLE_UNIT ( ) );
#3219 = EDGE_CURVE ( 'NONE', #1135, #3960, #2895, .T. ) ;
#3220 = DIRECTION ( 'NONE',  ( 0.000000000000000000, -1.000000000000000000, 0.000000000000000000 ) ) ;
#3221 = ORIENTED_EDGE ( 'NONE', *, *, #2197, .T. ) ;
#3222 = SURFACE_SIDE_STYLE ('',( #2009 ) ) ;
#3223 = DIRECTION ( 'NONE',  ( -0.7071067811865463515, 0.7071067811865487940, -0.000000000000000000 ) ) ;
#3224 = CARTESIAN_POINT ( 'NONE',  ( 1.100000000000000755, 0.9000000000000002442, 0.1499999999999999944 ) ) ;
#3225 = COLOUR_RGB ( '',0.9686274509803921573, 0.8784313725490195957, 0.5999999999999999778 ) ;
#3226 = SURFACE_STYLE_USAGE ( .BOTH. , #809 ) ;
#3227 = DIRECTION ( 'NONE',  ( -0.000000000000000000, -0.000000000000000000, 1.000000000000000000 ) ) ;
#3228 = CIRCLE ( 'NONE', #3037, 0.8500000000000000888 ) ;
#3229 = VERTEX_POINT ( 'NONE', #1978 ) ;
#3230 =( GEOMETRIC_REPRESENTATION_CONTEXT ( 3 ) GLOBAL_UNCERTAINTY_ASSIGNED_CONTEXT ( ( #2210 ) ) GLOBAL_UNIT_ASSIGNED_CONTEXT ( ( #2498, #1817, #921 ) ) REPRESENTATION_CONTEXT ( 'NONE', 'WORKASPACE' ) );
#3231 = FACE_OUTER_BOUND ( 'NONE', #3013, .T. ) ;
#3232 = STYLED_ITEM ( 'NONE', ( #2256 ), #3043 ) ;
#3233 = FILL_AREA_STYLE ('',( #769 ) ) ;
#3234 =( LENGTH_UNIT ( ) NAMED_UNIT ( * ) SI_UNIT ( .MILLI., .METRE. ) );
#3235 = UNCERTAINTY_MEASURE_WITH_UNIT (LENGTH_MEASURE( 1.000000000000000082E-05 ), #3049, 'distance_accuracy_value', 'NONE');
#3236 =( NAMED_UNIT ( * ) SI_UNIT ( $, .STERADIAN. ) SOLID_ANGLE_UNIT ( ) );
#3237 = SURFACE_STYLE_USAGE ( .BOTH. , #455 ) ;
#3238 = VERTEX_POINT ( 'NONE', #2000 ) ;
#3239 = PLANE ( 'NONE',  #2941 ) ;
#3240 = EDGE_CURVE ( 'NONE', #793, #3465, #2913, .T. ) ;
#3241 = AXIS2_PLACEMENT_3D ( 'NONE', #3320, #3060, #1529 ) ;
#3242 =( NAMED_UNIT ( * ) PLANE_ANGLE_UNIT ( ) SI_UNIT ( $, .RADIAN. ) );
#3243 = ORIENTED_EDGE ( 'NONE', *, *, #1877, .F. ) ;
#3244 = DIRECTION ( 'NONE',  ( 1.000000000000000000, -1.224646799147353207E-16, 0.000000000000000000 ) ) ;
#3245 =( GEOMETRIC_REPRESENTATION_CONTEXT ( 3 ) GLOBAL_UNCERTAINTY_ASSIGNED_CONTEXT ( ( #1887 ) ) GLOBAL_UNIT_ASSIGNED_CONTEXT ( ( #2917, #1365, #1701 ) ) REPRESENTATION_CONTEXT ( 'NONE', 'WORKASPACE' ) );
#3246 =( LENGTH_UNIT ( ) NAMED_UNIT ( * ) SI_UNIT ( .MILLI., .METRE. ) );
#3247 = PRESENTATION_LAYER_ASSIGNMENT (  '', '', ( #1455 ) ) ;
#3248 = PLANE ( 'NONE',  #3048 ) ;
#3249 = ORIENTED_EDGE ( 'NONE', *, *, #1589, .F. ) ;
#3250 = SURFACE_SIDE_STYLE ('',( #850 ) ) ;
#3251 = SURFACE_STYLE_USAGE ( .BOTH. , #3849 ) ;
#3252 = ORIENTED_EDGE ( 'NONE', *, *, #2439, .F. ) ;
#3253 = ORIENTED_EDGE ( 'NONE', *, *, #2749, .T. ) ;
#3254 = UNCERTAINTY_MEASURE_WITH_UNIT (LENGTH_MEASURE( 1.000000000000000082E-05 ), #3714, 'distance_accuracy_value', 'NONE');
#3255 = DIRECTION ( 'NONE',  ( 0.000000000000000000, -3.688601711469485225E-17, -1.000000000000000000 ) ) ;
#3256 = SURFACE_SIDE_STYLE ('',( #2299 ) ) ;
#3257 = DIRECTION ( 'NONE',  ( 0.000000000000000000, -1.000000000000000000, 0.000000000000000000 ) ) ;
#3258 = CARTESIAN_POINT ( 'NONE',  ( 0.000000000000000000, -2.039303285069577064E-16, 0.3499999999999999223 ) ) ;
#3259 = CARTESIAN_POINT ( 'NONE',  ( 0.000000000000000000, -0.5034595668679463509, 0.000000000000000000 ) ) ;
#3260 =( NAMED_UNIT ( * ) SI_UNIT ( $, .STERADIAN. ) SOLID_ANGLE_UNIT ( ) );
#3261 = ORIENTED_EDGE ( 'NONE', *, *, #289, .T. ) ;
#3262 = VECTOR ( 'NONE', #1599, 1000.000000000000000 ) ;
#3263 = AXIS2_PLACEMENT_3D ( 'NONE', #1180, #1843, #1484 ) ;
#3264 = PRESENTATION_STYLE_ASSIGNMENT (( #803 ) ) ;
#3265 = ORIENTED_EDGE ( 'NONE', *, *, #2584, .T. ) ;
#3266 = DIRECTION ( 'NONE',  ( 0.000000000000000000, 1.000000000000000000, 0.000000000000000000 ) ) ;
#3267 = AXIS2_PLACEMENT_3D ( 'NONE', #41, #1276, #960 ) ;
#3268 = DIRECTION ( 'NONE',  ( -1.000000000000000000, 0.000000000000000000, 0.000000000000000000 ) ) ;
#3269 = ADVANCED_FACE ( 'NONE', ( #3195 ), #115, .F. ) ;
#3270 = EDGE_LOOP ( 'NONE', ( #3975, #3599, #1310, #1591 ) ) ;
#3271 = CARTESIAN_POINT ( 'NONE',  ( 0.000000000000000000, -2.168404344971008868E-16, 0.3499999999999999223 ) ) ;
#3272 = DIRECTION ( 'NONE',  ( -0.000000000000000000, 0.000000000000000000, 1.000000000000000000 ) ) ;
#3273 =( GEOMETRIC_REPRESENTATION_CONTEXT ( 3 ) GLOBAL_UNCERTAINTY_ASSIGNED_CONTEXT ( ( #1084 ) ) GLOBAL_UNIT_ASSIGNED_CONTEXT ( ( #2460, #1560, #943 ) ) REPRESENTATION_CONTEXT ( 'NONE', 'WORKASPACE' ) );
#3274 = ORIENTED_EDGE ( 'NONE', *, *, #3541, .F. ) ;
#3275 = ADVANCED_FACE ( 'NONE', ( #1093 ), #2301, .T. ) ;
#3276 = VECTOR ( 'NONE', #875, 1000.000000000000000 ) ;
#3277 = DIRECTION ( 'NONE',  ( 1.000000000000000000, 0.000000000000000000, 0.000000000000000000 ) ) ;
#3278 = UNCERTAINTY_MEASURE_WITH_UNIT (LENGTH_MEASURE( 1.000000000000000082E-05 ), #51, 'distance_accuracy_value', 'NONE');
#3279 = PRESENTATION_LAYER_ASSIGNMENT (  '', '', ( #3921 ) ) ;
#3280 = LINE ( 'NONE', #1454, #3433 ) ;
#3281 = DIRECTION ( 'NONE',  ( 1.000000000000000000, 0.000000000000000000, 0.000000000000000000 ) ) ;
#3282 = EDGE_LOOP ( 'NONE', ( #732, #3428, #2815, #1186 ) ) ;
#3283 =( NAMED_UNIT ( * ) PLANE_ANGLE_UNIT ( ) SI_UNIT ( $, .RADIAN. ) );
#3284 = CARTESIAN_POINT ( 'NONE',  ( 0.000000000000000000, 0.000000000000000000, 0.1499999999999999667 ) ) ;
#3285 = VECTOR ( 'NONE', #919, 1000.000000000000000 ) ;
#3286 = EDGE_LOOP ( 'NONE', ( #1275, #1530, #1473, #3803 ) ) ;
#3287 = FILL_AREA_STYLE ('',( #2070 ) ) ;
#3288 =( NAMED_UNIT ( * ) SI_UNIT ( $, .STERADIAN. ) SOLID_ANGLE_UNIT ( ) );
#3289 = ORIENTED_EDGE ( 'NONE', *, *, #3711, .F. ) ;
#3290 = SURFACE_SIDE_STYLE ('',( #810 ) ) ;
#3291 = EDGE_CURVE ( 'NONE', #652, #2426, #1367, .T. ) ;
#3292 = VERTEX_POINT ( 'NONE', #2569 ) ;
#3293 = ORIENTED_EDGE ( 'NONE', *, *, #2312, .F. ) ;
#3294 = SPHERICAL_SURFACE ( 'NONE', #2510, 0.1000000000000000194 ) ;
#3295 = FACE_OUTER_BOUND ( 'NONE', #3954, .T. ) ;
#3296 = DIRECTION ( 'NONE',  ( 0.000000000000000000, 1.000000000000000000, -0.000000000000000000 ) ) ;
#3297 =( GEOMETRIC_REPRESENTATION_CONTEXT ( 3 ) GLOBAL_UNCERTAINTY_ASSIGNED_CONTEXT ( ( #1033 ) ) GLOBAL_UNIT_ASSIGNED_CONTEXT ( ( #2960, #2099, #3880 ) ) REPRESENTATION_CONTEXT ( 'NONE', 'WORKASPACE' ) );
#3298 = ORIENTED_EDGE ( 'NONE', *, *, #2998, .F. ) ;
#3299 = FILL_AREA_STYLE_COLOUR ( '', #3521 ) ;
#3300 = DIRECTION ( 'NONE',  ( 0.000000000000000000, -1.000000000000000000, 0.000000000000000000 ) ) ;
#3301 = LINE ( 'NONE', #553, #1672 ) ;
#3302 = ORIENTED_EDGE ( 'NONE', *, *, #2003, .T. ) ;
#3303 = CARTESIAN_POINT ( 'NONE',  ( -1.300000000000000266, 1.299999999999999822, 0.000000000000000000 ) ) ;
#3304 =( GEOMETRIC_REPRESENTATION_CONTEXT ( 3 ) GLOBAL_UNCERTAINTY_ASSIGNED_CONTEXT ( ( #3404 ) ) GLOBAL_UNIT_ASSIGNED_CONTEXT ( ( #2469, #3635, #932 ) ) REPRESENTATION_CONTEXT ( 'NONE', 'WORKASPACE' ) );
#3305 = DIRECTION ( 'NONE',  ( 0.000000000000000000, -1.000000000000000000, 0.000000000000000000 ) ) ;
#3306 = VERTEX_POINT ( 'NONE', #2865 ) ;
#3307 = CARTESIAN_POINT ( 'NONE',  ( 0.000000000000000000, -1.707329131037323184E-16, 1.250000000000000000 ) ) ;
#3308 = EDGE_CURVE ( 'NONE', #1886, #1259, #1312, .T. ) ;
#3309 = FILL_AREA_STYLE_COLOUR ( '', #2645 ) ;
#3310 = DIRECTION ( 'NONE',  ( 1.000000000000000000, -0.000000000000000000, -0.000000000000000000 ) ) ;
#3311 = FILL_AREA_STYLE ('',( #861 ) ) ;
#3312 = ORIENTED_EDGE ( 'NONE', *, *, #2463, .T. ) ;
#3313 = EDGE_CURVE ( 'NONE', #3465, #585, #2505, .T. ) ;
#3314 = DIRECTION ( 'NONE',  ( -0.000000000000000000, 0.000000000000000000, 1.000000000000000000 ) ) ;
#3315 = CARTESIAN_POINT ( 'NONE',  ( -0.2999999999999999889, 0.4043161330825918998, 0.1499999999999999667 ) ) ;
#3316 = CARTESIAN_POINT ( 'NONE',  ( 0.2999999999999999334, 1.299999999999999822, 0.3499999999999999778 ) ) ;
#3317 =( LENGTH_UNIT ( ) NAMED_UNIT ( * ) SI_UNIT ( .MILLI., .METRE. ) );
#3318 = EDGE_CURVE ( 'NONE', #3306, #2918, #3723, .T. ) ;
#3319 = CARTESIAN_POINT ( 'NONE',  ( 0.000000000000000000, 0.000000000000000000, 0.000000000000000000 ) ) ;
#3320 = CARTESIAN_POINT ( 'NONE',  ( 0.000000000000000000, -2.057746293626924324E-16, 0.3000000000000000999 ) ) ;
#3321 = ORIENTED_EDGE ( 'NONE', *, *, #2375, .T. ) ;
#3322 = CIRCLE ( 'NONE', #1480, 0.9316181806841050683 ) ;
#3323 = DIRECTION ( 'NONE',  ( -0.000000000000000000, -0.000000000000000000, 1.000000000000000000 ) ) ;
#3324 = MECHANICAL_DESIGN_GEOMETRIC_PRESENTATION_REPRESENTATION (  '', ( #1160 ), #2887 ) ;
#3325 =( GEOMETRIC_REPRESENTATION_CONTEXT ( 3 ) GLOBAL_UNCERTAINTY_ASSIGNED_CONTEXT ( ( #2166 ) ) GLOBAL_UNIT_ASSIGNED_CONTEXT ( ( #263, #2707, #3600 ) ) REPRESENTATION_CONTEXT ( 'NONE', 'WORKASPACE' ) );
#3326 = ORIENTED_EDGE ( 'NONE', *, *, #1627, .F. ) ;
#3327 = VERTEX_POINT ( 'NONE', #99 ) ;
#3328 = FACE_OUTER_BOUND ( 'NONE', #3470, .T. ) ;
#3329 = PRESENTATION_LAYER_ASSIGNMENT (  '', '', ( #113 ) ) ;
#3330 =( NAMED_UNIT ( * ) PLANE_ANGLE_UNIT ( ) SI_UNIT ( $, .RADIAN. ) );
#3331 = CARTESIAN_POINT ( 'NONE',  ( 0.000000000000000000, 0.000000000000000000, 0.1499999999999999944 ) ) ;
#3332 = DIRECTION ( 'NONE',  ( -0.000000000000000000, -3.688601711469485225E-17, -1.000000000000000000 ) ) ;
#3333 = CIRCLE ( 'NONE', #379, 0.9316181806841050683 ) ;
#3334 = VECTOR ( 'NONE', #2542, 1000.000000000000000 ) ;
#3335 = ORIENTED_EDGE ( 'NONE', *, *, #755, .F. ) ;
#3336 = CARTESIAN_POINT ( 'NONE',  ( 0.000000000000000000, -2.168404344971008868E-16, 0.000000000000000000 ) ) ;
#3337 = EDGE_CURVE ( 'NONE', #3066, #361, #3333, .T. ) ;
#3338 = CARTESIAN_POINT ( 'NONE',  ( 1.100000000000000755, 0.9000000000000002442, 0.000000000000000000 ) ) ;
#3339 = DIRECTION ( 'NONE',  ( 0.000000000000000000, -1.000000000000000000, 0.000000000000000000 ) ) ;
#3340 = ORIENTED_EDGE ( 'NONE', *, *, #743, .F. ) ;
#3341 = STYLED_ITEM ( 'NONE', ( #3761 ), #2659 ) ;
#3342 = ADVANCED_FACE ( 'NONE', ( #1347 ), #1147, .T. ) ;
#3343 = AXIS2_PLACEMENT_3D ( 'NONE', #796, #2336, #1108 ) ;
#3344 = ORIENTED_EDGE ( 'NONE', *, *, #1662, .F. ) ;
#3345 =( LENGTH_UNIT ( ) NAMED_UNIT ( * ) SI_UNIT ( .MILLI., .METRE. ) );
#3346 = MECHANICAL_DESIGN_GEOMETRIC_PRESENTATION_REPRESENTATION (  '', ( #3341 ), #1617 ) ;
#3347 = DIRECTION ( 'NONE',  ( -0.000000000000000000, -0.000000000000000000, 1.000000000000000000 ) ) ;
#3348 = ORIENTED_EDGE ( 'NONE', *, *, #2098, .T. ) ;
#3349 = FACE_OUTER_BOUND ( 'NONE', #3546, .T. ) ;
#3350 = FILL_AREA_STYLE_COLOUR ( '', #1683 ) ;
#3351 = DIRECTION ( 'NONE',  ( -0.000000000000000000, -0.000000000000000000, -1.000000000000000000 ) ) ;
#3352 = SURFACE_STYLE_FILL_AREA ( #3718 ) ;
#3353 = DIRECTION ( 'NONE',  ( 1.000000000000000000, 8.340016711426958986E-17, -0.000000000000000000 ) ) ;
#3354 = VERTEX_POINT ( 'NONE', #647 ) ;
#3355 = PRESENTATION_STYLE_ASSIGNMENT (( #215 ) ) ;
#3356 = ORIENTED_EDGE ( 'NONE', *, *, #3382, .T. ) ;
#3357 = FILL_AREA_STYLE ('',( #1824 ) ) ;
#3358 = AXIS2_PLACEMENT_3D ( 'NONE', #2057, #835, #1127 ) ;
#3359 = EDGE_CURVE ( 'NONE', #1624, #2712, #342, .T. ) ;
#3360 = STYLED_ITEM ( 'NONE', ( #1014 ), #749 ) ;
#3361 = CARTESIAN_POINT ( 'NONE',  ( 1.100000000000000755, 0.9000000000000002442, 0.1499999999999999944 ) ) ;
#3362 = EDGE_LOOP ( 'NONE', ( #101, #2193, #801, #2880 ) ) ;
#3363 = EDGE_CURVE ( 'NONE', #2618, #2796, #1943, .T. ) ;
#3364 = CIRCLE ( 'NONE', #409, 1.150000000000000133 ) ;
#3365 = STYLED_ITEM ( 'NONE', ( #1992 ), #459 ) ;
#3366 = PRESENTATION_LAYER_ASSIGNMENT (  '', '', ( #3633 ) ) ;
#3367 = DIRECTION ( 'NONE',  ( -0.000000000000000000, -3.688601711469485225E-17, -1.000000000000000000 ) ) ;
#3368 = ORIENTED_EDGE ( 'NONE', *, *, #311, .F. ) ;
#3369 =( NAMED_UNIT ( * ) SI_UNIT ( $, .STERADIAN. ) SOLID_ANGLE_UNIT ( ) );
#3370 = DIRECTION ( 'NONE',  ( -0.000000000000000000, -0.000000000000000000, 1.000000000000000000 ) ) ;
#3371 = EDGE_CURVE ( 'NONE', #3744, #1886, #2177, .T. ) ;
#3372 = SURFACE_STYLE_FILL_AREA ( #2497 ) ;
#3373 = SURFACE_STYLE_FILL_AREA ( #985 ) ;
#3374 = ORIENTED_EDGE ( 'NONE', *, *, #3571, .T. ) ;
#3375 = FACE_OUTER_BOUND ( 'NONE', #828, .T. ) ;
#3376 = VERTEX_POINT ( 'NONE', #3702 ) ;
#3377 = DIRECTION ( 'NONE',  ( -1.000000000000000000, -0.000000000000000000, -0.000000000000000000 ) ) ;
#3378 = CARTESIAN_POINT ( 'NONE',  ( 0.000000000000000000, -1.909233357364748665E-16, 0.7026266533477543152 ) ) ;
#3379 = CARTESIAN_POINT ( 'NONE',  ( -0.2999999999999999334, -1.550000000000000266, 0.2999999999999999889 ) ) ;
#3380 = ORIENTED_EDGE ( 'NONE', *, *, #3382, .F. ) ;
#3381 = CLOSED_SHELL ( 'NONE', ( #1611, #2950, #2416, #1053, #1462, #2511, #2635, #160, #2031, #3737, #614, #3174, #2659, #189, #459, #3855, #1489, #3391, #488, #2851, #3342, #909, #2201, #3640, #256, #2757, #1997, #2077, #2702 ) ) ;
#3382 = EDGE_CURVE ( 'NONE', #3946, #2064, #1982, .T. ) ;
#3383 = STYLED_ITEM ( 'NONE', ( #3632 ), #35 ) ;
#3384 = VERTEX_POINT ( 'NONE', #318 ) ;
#3385 =( GEOMETRIC_REPRESENTATION_CONTEXT ( 3 ) GLOBAL_UNCERTAINTY_ASSIGNED_CONTEXT ( ( #3878 ) ) GLOBAL_UNIT_ASSIGNED_CONTEXT ( ( #1641, #668, #383 ) ) REPRESENTATION_CONTEXT ( 'NONE', 'WORKASPACE' ) );
#3386 = PRESENTATION_STYLE_ASSIGNMENT (( #3882 ) ) ;
#3387 = VERTEX_POINT ( 'NONE', #2775 ) ;
#3388 = CARTESIAN_POINT ( 'NONE',  ( -0.3499999999999999778, 0.000000000000000000, 0.1500000000000000222 ) ) ;
#3389 = LINE ( 'NONE', #2538, #1495 ) ;
#3390 = VECTOR ( 'NONE', #2347, 1000.000000000000000 ) ;
#3391 = ADVANCED_FACE ( 'NONE', ( #1287 ), #1090, .T. ) ;
#3392 =( NAMED_UNIT ( * ) SI_UNIT ( $, .STERADIAN. ) SOLID_ANGLE_UNIT ( ) );
#3393 = DIRECTION ( 'NONE',  ( -1.000000000000000000, 0.000000000000000000, 0.000000000000000000 ) ) ;
#3394 =( GEOMETRIC_REPRESENTATION_CONTEXT ( 3 ) GLOBAL_UNCERTAINTY_ASSIGNED_CONTEXT ( ( #343 ) ) GLOBAL_UNIT_ASSIGNED_CONTEXT ( ( #1251, #978, #3369 ) ) REPRESENTATION_CONTEXT ( 'NONE', 'WORKASPACE' ) );
#3395 = PRESENTATION_LAYER_ASSIGNMENT (  '', '', ( #1414 ) ) ;
#3396 = VECTOR ( 'NONE', #2701, 1000.000000000000000 ) ;
#3397 =( NAMED_UNIT ( * ) SI_UNIT ( $, .STERADIAN. ) SOLID_ANGLE_UNIT ( ) );
#3398 = DIRECTION ( 'NONE',  ( 0.000000000000000000, 0.000000000000000000, 1.000000000000000000 ) ) ;
#3399 = ORIENTED_EDGE ( 'NONE', *, *, #1142, .T. ) ;
#3400 = CARTESIAN_POINT ( 'NONE',  ( 0.000000000000000000, -2.168404344971008868E-16, 0.000000000000000000 ) ) ;
#3401 = DIRECTION ( 'NONE',  ( 0.000000000000000000, -0.000000000000000000, -1.000000000000000000 ) ) ;
#3402 =( GEOMETRIC_REPRESENTATION_CONTEXT ( 3 ) GLOBAL_UNCERTAINTY_ASSIGNED_CONTEXT ( ( #1731 ) ) GLOBAL_UNIT_ASSIGNED_CONTEXT ( ( #1475, #1210, #3922 ) ) REPRESENTATION_CONTEXT ( 'NONE', 'WORKASPACE' ) );
#3403 = CARTESIAN_POINT ( 'NONE',  ( 0.000000000000000000, -1.707329131037323184E-16, 1.250000000000000000 ) ) ;
#3404 = UNCERTAINTY_MEASURE_WITH_UNIT (LENGTH_MEASURE( 1.000000000000000082E-05 ), #2469, 'distance_accuracy_value', 'NONE');
#3405 = CARTESIAN_POINT ( 'NONE',  ( -0.5034595668679463509, 6.165601470649434348E-17, 1.050000000000000044 ) ) ;
#3406 = UNCERTAINTY_MEASURE_WITH_UNIT (LENGTH_MEASURE( 1.000000000000000082E-05 ), #3915, 'distance_accuracy_value', 'NONE');
#3407 = DIRECTION ( 'NONE',  ( 1.000000000000000000, 0.000000000000000000, 0.000000000000000000 ) ) ;
#3408 = ORIENTED_EDGE ( 'NONE', *, *, #3219, .F. ) ;
#3409 = FACE_OUTER_BOUND ( 'NONE', #1680, .T. ) ;
#3410 = MECHANICAL_DESIGN_GEOMETRIC_PRESENTATION_REPRESENTATION (  '', ( #651 ), #2831 ) ;
#3411 = TOROIDAL_SURFACE ( 'NONE', #2646, 0.3499999999999998668, 0.2500000000000000000 ) ;
#3412 = ORIENTED_EDGE ( 'NONE', *, *, #68, .F. ) ;
#3413 = SURFACE_SIDE_STYLE ('',( #1040 ) ) ;
#3414 = EDGE_LOOP ( 'NONE', ( #2986, #1397, #3642, #1450 ) ) ;
#3415 = CARTESIAN_POINT ( 'NONE',  ( 0.000000000000000000, 0.000000000000000000, 0.2500000000000000000 ) ) ;
#3416 = CARTESIAN_POINT ( 'NONE',  ( 0.2999999999999999889, 0.4000000000000000222, 0.000000000000000000 ) ) ;
#3417 = CARTESIAN_POINT ( 'NONE',  ( 0.000000000000000000, -2.168404344971008868E-16, 0.000000000000000000 ) ) ;
#3418 = EDGE_CURVE ( 'NONE', #2670, #3437, #982, .T. ) ;
#3419 = SURFACE_STYLE_USAGE ( .BOTH. , #619 ) ;
#3420 =( NAMED_UNIT ( * ) PLANE_ANGLE_UNIT ( ) SI_UNIT ( $, .RADIAN. ) );
#3421 = CARTESIAN_POINT ( 'NONE',  ( 1.300000000000000266, -0.9000000000000000222, 0.3499999999999999778 ) ) ;
#3422 = LINE ( 'NONE', #1936, #2506 ) ;
#3423 = CARTESIAN_POINT ( 'NONE',  ( -0.8000000000000003775, -1.300000000000000266, 0.3499999999999999778 ) ) ;
#3424 = ADVANCED_FACE ( 'NONE', ( #2916, #3824 ), #1051, .F. ) ;
#3425 =( NAMED_UNIT ( * ) SI_UNIT ( $, .STERADIAN. ) SOLID_ANGLE_UNIT ( ) );
#3426 = CIRCLE ( 'NONE', #3672, 0.2500000000000000000 ) ;
#3427 =( LENGTH_UNIT ( ) NAMED_UNIT ( * ) SI_UNIT ( .MILLI., .METRE. ) );
#3428 = ORIENTED_EDGE ( 'NONE', *, *, #2821, .F. ) ;
#3429 = CARTESIAN_POINT ( 'NONE',  ( -1.500000000000000000, -0.8999999999999999112, 0.000000000000000000 ) ) ;
#3430 = AXIS2_PLACEMENT_3D ( 'NONE', #3742, #2813, #2758 ) ;
#3431 = DIRECTION ( 'NONE',  ( -0.000000000000000000, -0.000000000000000000, 1.000000000000000000 ) ) ;
#3432 = MECHANICAL_DESIGN_GEOMETRIC_PRESENTATION_REPRESENTATION (  '', ( #3807 ), #3230 ) ;
#3433 = VECTOR ( 'NONE', #251, 1000.000000000000000 ) ;
#3434 = VECTOR ( 'NONE', #2611, 1000.000000000000000 ) ;
#3435 = ORIENTED_EDGE ( 'NONE', *, *, #2570, .T. ) ;
#3436 = FILL_AREA_STYLE_COLOUR ( '', #1195 ) ;
#3437 = VERTEX_POINT ( 'NONE', #173 ) ;
#3438 = STYLED_ITEM ( 'NONE', ( #3455 ), #1053 ) ;
#3439 = CARTESIAN_POINT ( 'NONE',  ( 0.000000000000000000, -2.168404344971008868E-16, 0.3499999999999999223 ) ) ;
#3440 = UNCERTAINTY_MEASURE_WITH_UNIT (LENGTH_MEASURE( 1.000000000000000082E-05 ), #102, 'distance_accuracy_value', 'NONE');
#3441 = STYLED_ITEM ( 'NONE', ( #387 ), #1342 ) ;
#3442 =( GEOMETRIC_REPRESENTATION_CONTEXT ( 3 ) GLOBAL_UNCERTAINTY_ASSIGNED_CONTEXT ( ( #671 ) ) GLOBAL_UNIT_ASSIGNED_CONTEXT ( ( #1518, #3420, #3392 ) ) REPRESENTATION_CONTEXT ( 'NONE', 'WORKASPACE' ) );
#3443 = SURFACE_SIDE_STYLE ('',( #358 ) ) ;
#3444 =( GEOMETRIC_REPRESENTATION_CONTEXT ( 3 ) GLOBAL_UNCERTAINTY_ASSIGNED_CONTEXT ( ( #1278 ) ) GLOBAL_UNIT_ASSIGNED_CONTEXT ( ( #1246, #3131, #937 ) ) REPRESENTATION_CONTEXT ( 'NONE', 'WORKASPACE' ) );
#3445 = FILL_AREA_STYLE ('',( #359 ) ) ;
#3446 = EDGE_CURVE ( 'NONE', #3376, #2414, #2325, .T. ) ;
#3447 = FILL_AREA_STYLE_COLOUR ( '', #1021 ) ;
#3448 = VERTEX_POINT ( 'NONE', #2585 ) ;
#3449 = DIRECTION ( 'NONE',  ( -0.000000000000000000, -0.000000000000000000, 1.000000000000000000 ) ) ;
#3450 = EDGE_CURVE ( 'NONE', #2323, #814, #779, .T. ) ;
#3451 = SURFACE_STYLE_FILL_AREA ( #1268 ) ;
#3452 = ORIENTED_EDGE ( 'NONE', *, *, #3363, .F. ) ;
#3453 = CARTESIAN_POINT ( 'NONE',  ( 0.000000000000000000, 1.049999999999999822, 0.3499999999999998668 ) ) ;
#3454 = SURFACE_STYLE_FILL_AREA ( #3732 ) ;
#3455 = PRESENTATION_STYLE_ASSIGNMENT (( #2846 ) ) ;
#3456 = EDGE_LOOP ( 'NONE', ( #3074, #1639, #1225, #2389, #1520 ) ) ;
#3457 = DIRECTION ( 'NONE',  ( 0.000000000000000000, 0.000000000000000000, -1.000000000000000000 ) ) ;
#3458 =( GEOMETRIC_REPRESENTATION_CONTEXT ( 3 ) GLOBAL_UNCERTAINTY_ASSIGNED_CONTEXT ( ( #1845 ) ) GLOBAL_UNIT_ASSIGNED_CONTEXT ( ( #2632, #90, #2871 ) ) REPRESENTATION_CONTEXT ( 'NONE', 'WORKASPACE' ) );
#3459 = FILL_AREA_STYLE_COLOUR ( '', #3549 ) ;
#3460 = CIRCLE ( 'NONE', #3649, 1.150000000000000133 ) ;
#3461 = CIRCLE ( 'NONE', #3592, 0.2500000000000000000 ) ;
#3462 = LINE ( 'NONE', #643, #663 ) ;
#3463 = STYLED_ITEM ( 'NONE', ( #1330 ), #2398 ) ;
#3464 =( NAMED_UNIT ( * ) SI_UNIT ( $, .STERADIAN. ) SOLID_ANGLE_UNIT ( ) );
#3465 = VERTEX_POINT ( 'NONE', #2660 ) ;
#3466 = MECHANICAL_DESIGN_GEOMETRIC_PRESENTATION_REPRESENTATION (  '', ( #113 ), #3719 ) ;
#3467 = EDGE_CURVE ( 'NONE', #1726, #1869, #2142, .T. ) ;
#3468 = CARTESIAN_POINT ( 'NONE',  ( 0.000000000000000000, -1.947451579420137224E-16, 0.5990149732453686759 ) ) ;
#3469 = MECHANICAL_DESIGN_GEOMETRIC_PRESENTATION_REPRESENTATION (  '', ( #2191 ), #3015 ) ;
#3470 = EDGE_LOOP ( 'NONE', ( #1778, #206, #3221, #3249 ) ) ;
#3471 = CARTESIAN_POINT ( 'NONE',  ( -1.100000000000000755, 0.9000000000000002442, 0.1499999999999999944 ) ) ;
#3472 = EDGE_CURVE ( 'NONE', #2029, #171, #2940, .T. ) ;
#3473 = SURFACE_STYLE_FILL_AREA ( #3774 ) ;
#3474 =( NAMED_UNIT ( * ) PLANE_ANGLE_UNIT ( ) SI_UNIT ( $, .RADIAN. ) );
#3475 = PRODUCT_CONTEXT ( 'NONE', #72, 'mechanical' ) ;
#3476 = PRESENTATION_LAYER_ASSIGNMENT (  '', '', ( #3856 ) ) ;
#3477 = DIRECTION ( 'NONE',  ( 0.000000000000000000, 0.000000000000000000, -1.000000000000000000 ) ) ;
#3478 = DIRECTION ( 'NONE',  ( 0.000000000000000000, 1.000000000000000000, 0.000000000000000000 ) ) ;
#3479 = FACE_BOUND ( 'NONE', #1451, .T. ) ;
#3480 = DIRECTION ( 'NONE',  ( -0.000000000000000000, -0.000000000000000000, 1.000000000000000000 ) ) ;
#3481 =( NAMED_UNIT ( * ) PLANE_ANGLE_UNIT ( ) SI_UNIT ( $, .RADIAN. ) );
#3482 = FILL_AREA_STYLE_COLOUR ( '', #1092 ) ;
#3483 = VERTEX_POINT ( 'NONE', #1419 ) ;
#3484 = LINE ( 'NONE', #1031, #1223 ) ;
#3485 =( GEOMETRIC_REPRESENTATION_CONTEXT ( 3 ) GLOBAL_UNCERTAINTY_ASSIGNED_CONTEXT ( ( #1656 ) ) GLOBAL_UNIT_ASSIGNED_CONTEXT ( ( #2787, #1256, #30 ) ) REPRESENTATION_CONTEXT ( 'NONE', 'WORKASPACE' ) );
#3486 = UNCERTAINTY_MEASURE_WITH_UNIT (LENGTH_MEASURE( 1.000000000000000082E-05 ), #294, 'distance_accuracy_value', 'NONE');
#3487 = SURFACE_SIDE_STYLE ('',( #1741 ) ) ;
#3488 = CARTESIAN_POINT ( 'NONE',  ( 1.100000000000000755, -0.8999999999999999112, 0.1499999999999999944 ) ) ;
#3489 = EDGE_LOOP ( 'NONE', ( #977, #3253, #3559, #3636 ) ) ;
#3490 = PLANE ( 'NONE',  #1087 ) ;
#3491 = PRESENTATION_LAYER_ASSIGNMENT (  '', '', ( #3558 ) ) ;
#3492 = CIRCLE ( 'NONE', #1050, 0.5000000000000000000 ) ;
#3493 = CARTESIAN_POINT ( 'NONE',  ( 0.000000000000000000, 0.000000000000000000, 0.1499999999999999944 ) ) ;
#3494 = ADVANCED_FACE ( 'NONE', ( #2644 ), #2343, .F. ) ;
#3495 = ORIENTED_EDGE ( 'NONE', *, *, #2168, .T. ) ;
#3496 = COLOUR_RGB ( '',1.000000000000000000, 1.000000000000000000, 1.000000000000000000 ) ;
#3497 =( NAMED_UNIT ( * ) SI_UNIT ( $, .STERADIAN. ) SOLID_ANGLE_UNIT ( ) );
#3498 = CIRCLE ( 'NONE', #86, 0.3499999999999999778 ) ;
#3499 = ADVANCED_FACE ( 'NONE', ( #3888 ), #1162, .F. ) ;
#3500 = FACE_OUTER_BOUND ( 'NONE', #3627, .T. ) ;
#3501 = DIRECTION ( 'NONE',  ( 1.000000000000000000, 0.000000000000000000, 0.000000000000000000 ) ) ;
#3502 = VECTOR ( 'NONE', #2309, 1000.000000000000000 ) ;
#3503 = DIRECTION ( 'NONE',  ( 0.000000000000000000, 0.000000000000000000, -1.000000000000000000 ) ) ;
#3504 = SURFACE_STYLE_USAGE ( .BOTH. , #2284 ) ;
#3505 = ORIENTED_EDGE ( 'NONE', *, *, #2124, .F. ) ;
#3506 = LINE ( 'NONE', #2642, #2308 ) ;
#3507 = CARTESIAN_POINT ( 'NONE',  ( 0.000000000000000000, 0.000000000000000000, 0.2500000000000000000 ) ) ;
#3508 = ORIENTED_EDGE ( 'NONE', *, *, #1189, .F. ) ;
#3509 = CARTESIAN_POINT ( 'NONE',  ( 1.255262969126037093E-16, -1.000000000000000444, 0.3499999999999999778 ) ) ;
#3510 = FILL_AREA_STYLE_COLOUR ( '', #273 ) ;
#3511 = CYLINDRICAL_SURFACE ( 'NONE', #1908, 0.2500000000000000000 ) ;
#3512 = FILL_AREA_STYLE ('',( #393 ) ) ;
#3513 = EDGE_CURVE ( 'NONE', #330, #2992, #1372, .T. ) ;
#3514 = CARTESIAN_POINT ( 'NONE',  ( 0.000000000000000000, -2.168404344971008868E-16, 0.000000000000000000 ) ) ;
#3515 = PLANE ( 'NONE',  #3151 ) ;
#3516 = CARTESIAN_POINT ( 'NONE',  ( 0.2999999999999998224, 3.697657839361050806E-17, 0.1499999999999999944 ) ) ;
#3517 = EDGE_CURVE ( 'NONE', #3238, #1624, #2734, .T. ) ;
#3518 = CARTESIAN_POINT ( 'NONE',  ( -1.300000000000000044, -0.7999999999999988232, 0.3499999999999999778 ) ) ;
#3519 = ORIENTED_EDGE ( 'NONE', *, *, #2318, .T. ) ;
#3520 = DIRECTION ( 'NONE',  ( -0.000000000000000000, 0.000000000000000000, 1.000000000000000000 ) ) ;
#3521 = COLOUR_RGB ( '',1.000000000000000000, 1.000000000000000000, 1.000000000000000000 ) ;
#3522 = EDGE_LOOP ( 'NONE', ( #2453, #205, #2444, #3289 ) ) ;
#3523 = CARTESIAN_POINT ( 'NONE',  ( 1.102182119232618034E-16, -0.9000000000000003553, 1.200000000000000178 ) ) ;
#3524 = CIRCLE ( 'NONE', #3141, 0.5034595668679463509 ) ;
#3525 = STYLED_ITEM ( 'NONE', ( #1101 ), #2224 ) ;
#3526 = ORIENTED_EDGE ( 'NONE', *, *, #2629, .T. ) ;
#3527 =( GEOMETRIC_REPRESENTATION_CONTEXT ( 3 ) GLOBAL_UNCERTAINTY_ASSIGNED_CONTEXT ( ( #3440 ) ) GLOBAL_UNIT_ASSIGNED_CONTEXT ( ( #102, #3772, #1970 ) ) REPRESENTATION_CONTEXT ( 'NONE', 'WORKASPACE' ) );
#3528 =( GEOMETRIC_REPRESENTATION_CONTEXT ( 3 ) GLOBAL_UNCERTAINTY_ASSIGNED_CONTEXT ( ( #3727 ) ) GLOBAL_UNIT_ASSIGNED_CONTEXT ( ( #1979, #731, #3837 ) ) REPRESENTATION_CONTEXT ( 'NONE', 'WORKASPACE' ) );
#3529 = LINE ( 'NONE', #2049, #2114 ) ;
#3530 = DIRECTION ( 'NONE',  ( -1.000000000000000000, -0.000000000000000000, -0.000000000000000000 ) ) ;
#3531 = AXIS2_PLACEMENT_3D ( 'NONE', #2165, #3431, #972 ) ;
#3532 = COLOUR_RGB ( '',0.9686274509803921573, 0.8784313725490195957, 0.5999999999999999778 ) ;
#3533 = FILL_AREA_STYLE ('',( #446 ) ) ;
#3534 = ORIENTED_EDGE ( 'NONE', *, *, #3659, .T. ) ;
#3535 = FILL_AREA_STYLE_COLOUR ( '', #3496 ) ;
#3536 =( LENGTH_UNIT ( ) NAMED_UNIT ( * ) SI_UNIT ( .MILLI., .METRE. ) );
#3537 = VERTEX_POINT ( 'NONE', #552 ) ;
#3538 = UNCERTAINTY_MEASURE_WITH_UNIT (LENGTH_MEASURE( 1.000000000000000082E-05 ), #1767, 'distance_accuracy_value', 'NONE');
#3539 = CARTESIAN_POINT ( 'NONE',  ( 1.299999999999999822, 1.099999999999999645, 0.000000000000000000 ) ) ;
#3540 = DIRECTION ( 'NONE',  ( 0.000000000000000000, 0.000000000000000000, -1.000000000000000000 ) ) ;
#3541 = EDGE_CURVE ( 'NONE', #1100, #514, #1762, .T. ) ;
#3542 = PRESENTATION_LAYER_ASSIGNMENT (  '', '', ( #1425 ) ) ;
#3543 = DIRECTION ( 'NONE',  ( 0.000000000000000000, 1.000000000000000000, -3.688601711469485225E-17 ) ) ;
#3544 = SURFACE_STYLE_USAGE ( .BOTH. , #1361 ) ;
#3545 = CARTESIAN_POINT ( 'NONE',  ( -0.8000000000000003775, -1.300000000000000266, 0.3499999999999999778 ) ) ;
#3546 = EDGE_LOOP ( 'NONE', ( #2938, #3508, #2024, #1533 ) ) ;
#3547 = SURFACE_SIDE_STYLE ('',( #2324 ) ) ;
#3548 = SURFACE_STYLE_FILL_AREA ( #3183 ) ;
#3549 = COLOUR_RGB ( '',0.9686274509803921573, 0.8784313725490195957, 0.5999999999999999778 ) ;
#3550 = CARTESIAN_POINT ( 'NONE',  ( 0.000000000000000000, -1.886796909386355383E-16, 0.7634530849698735189 ) ) ;
#3551 = ORIENTED_EDGE ( 'NONE', *, *, #2439, .T. ) ;
#3552 = DIRECTION ( 'NONE',  ( -1.000000000000000000, -0.000000000000000000, -0.000000000000000000 ) ) ;
#3553 = COLOUR_RGB ( '',0.9686274509803921573, 0.8784313725490195957, 0.5999999999999999778 ) ;
#3554 =( NAMED_UNIT ( * ) SI_UNIT ( $, .STERADIAN. ) SOLID_ANGLE_UNIT ( ) );
#3555 = PRESENTATION_LAYER_ASSIGNMENT (  '', '', ( #260 ) ) ;
#3556 = DIRECTION ( 'NONE',  ( -1.000000000000000000, 0.000000000000000000, 0.000000000000000000 ) ) ;
#3557 = DIRECTION ( 'NONE',  ( 0.000000000000000000, -1.000000000000000000, 0.000000000000000000 ) ) ;
#3558 = STYLED_ITEM ( 'NONE', ( #799 ), #3764 ) ;
#3559 = ORIENTED_EDGE ( 'NONE', *, *, #936, .F. ) ;
#3560 = MECHANICAL_DESIGN_GEOMETRIC_PRESENTATION_REPRESENTATION (  '', ( #267 ), #3442 ) ;
#3561 = STYLED_ITEM ( 'NONE', ( #2751 ), #3985 ) ;
#3562 = DIRECTION ( 'NONE',  ( -1.000000000000000000, -0.000000000000000000, -0.000000000000000000 ) ) ;
#3563 = LINE ( 'NONE', #2956, #2203 ) ;
#3564 = UNCERTAINTY_MEASURE_WITH_UNIT (LENGTH_MEASURE( 1.000000000000000082E-05 ), #1214, 'distance_accuracy_value', 'NONE');
#3565 = UNCERTAINTY_MEASURE_WITH_UNIT (LENGTH_MEASURE( 1.000000000000000082E-05 ), #817, 'distance_accuracy_value', 'NONE');
#3566 = SURFACE_STYLE_FILL_AREA ( #729 ) ;
#3567 = FILL_AREA_STYLE ('',( #1113 ) ) ;
#3568 = VERTEX_POINT ( 'NONE', #3315 ) ;
#3569 = MECHANICAL_DESIGN_GEOMETRIC_PRESENTATION_REPRESENTATION (  '', ( #2286 ), #1836 ) ;
#3570 = FILL_AREA_STYLE ('',( #526 ) ) ;
#3571 = EDGE_CURVE ( 'NONE', #3575, #234, #3169, .T. ) ;
#3572 = MECHANICAL_DESIGN_GEOMETRIC_PRESENTATION_REPRESENTATION (  '', ( #1969 ), #3304 ) ;
#3573 = FILL_AREA_STYLE_COLOUR ( '', #2020 ) ;
#3574 = SURFACE_SIDE_STYLE ('',( #1119 ) ) ;
#3575 = VERTEX_POINT ( 'NONE', #3003 ) ;
#3576 = CARTESIAN_POINT ( 'NONE',  ( 1.285879139104720978E-16, -1.050000000000000266, 0.3499999999999999778 ) ) ;
#3577 = DIRECTION ( 'NONE',  ( 0.000000000000000000, 1.000000000000000000, 0.000000000000000000 ) ) ;
#3578 = EDGE_CURVE ( 'NONE', #2641, #1753, #1524, .T. ) ;
#3579 = DIRECTION ( 'NONE',  ( -0.000000000000000000, -0.000000000000000000, 1.000000000000000000 ) ) ;
#3580 = ORIENTED_EDGE ( 'NONE', *, *, #3371, .T. ) ;
#3581 = EDGE_LOOP ( 'NONE', ( #933, #2008, #879, #3495 ) ) ;
#3582 = FILL_AREA_STYLE_COLOUR ( '', #1734 ) ;
#3583 = DIRECTION ( 'NONE',  ( -0.000000000000000000, -0.000000000000000000, -1.000000000000000000 ) ) ;
#3584 =( NAMED_UNIT ( * ) SI_UNIT ( $, .STERADIAN. ) SOLID_ANGLE_UNIT ( ) );
#3585 = ORIENTED_EDGE ( 'NONE', *, *, #3308, .F. ) ;
#3586 = STYLED_ITEM ( 'NONE', ( #987 ), #43 ) ;
#3587 = DIRECTION ( 'NONE',  ( 0.000000000000000000, 1.000000000000000000, -2.581433744013105252E-17 ) ) ;
#3588 = AXIS2_PLACEMENT_3D ( 'NONE', #845, #2713, #293 ) ;
#3589 = ORIENTED_EDGE ( 'NONE', *, *, #2612, .F. ) ;
#3590 = EDGE_CURVE ( 'NONE', #3788, #2766, #3426, .T. ) ;
#3591 = MECHANICAL_DESIGN_GEOMETRIC_PRESENTATION_REPRESENTATION (  '', ( #1406 ), #1546 ) ;
#3592 = AXIS2_PLACEMENT_3D ( 'NONE', #2112, #2994, #1192 ) ;
#3593 = AXIS2_PLACEMENT_3D ( 'NONE', #2186, #665, #1565 ) ;
#3594 = LINE ( 'NONE', #490, #3502 ) ;
#3595 = EDGE_CURVE ( 'NONE', #1869, #1726, #2275, .T. ) ;
#3596 =( NAMED_UNIT ( * ) PLANE_ANGLE_UNIT ( ) SI_UNIT ( $, .RADIAN. ) );
#3597 = PRESENTATION_LAYER_ASSIGNMENT (  '', '', ( #1357 ) ) ;
#3598 = ORIENTED_EDGE ( 'NONE', *, *, #1211, .T. ) ;
#3599 = ORIENTED_EDGE ( 'NONE', *, *, #2270, .F. ) ;
#3600 =( NAMED_UNIT ( * ) SI_UNIT ( $, .STERADIAN. ) SOLID_ANGLE_UNIT ( ) );
#3601 = SURFACE_STYLE_USAGE ( .BOTH. , #2976 ) ;
#3602 = FILL_AREA_STYLE_COLOUR ( '', #994 ) ;
#3603 =( GEOMETRIC_REPRESENTATION_CONTEXT ( 3 ) GLOBAL_UNCERTAINTY_ASSIGNED_CONTEXT ( ( #3254 ) ) GLOBAL_UNIT_ASSIGNED_CONTEXT ( ( #3714, #7, #2238 ) ) REPRESENTATION_CONTEXT ( 'NONE', 'WORKASPACE' ) );
#3604 = CARTESIAN_POINT ( 'NONE',  ( 0.000000000000000000, 0.000000000000000000, 1.050000000000000044 ) ) ;
#3605 = ORIENTED_EDGE ( 'NONE', *, *, #3171, .F. ) ;
#3606 = FILL_AREA_STYLE ('',( #2138 ) ) ;
#3607 = PRESENTATION_LAYER_ASSIGNMENT (  '', '', ( #839 ) ) ;
#3608 = DIRECTION ( 'NONE',  ( 0.000000000000000000, 0.000000000000000000, 1.000000000000000000 ) ) ;
#3609 = DIRECTION ( 'NONE',  ( 0.000000000000000000, 0.000000000000000000, 1.000000000000000000 ) ) ;
#3610 = EDGE_LOOP ( 'NONE', ( #3321, #226, #2, #3079 ) ) ;
#3611 = SURFACE_SIDE_STYLE ('',( #3951 ) ) ;
#3612 =( GEOMETRIC_REPRESENTATION_CONTEXT ( 3 ) GLOBAL_UNCERTAINTY_ASSIGNED_CONTEXT ( ( #212 ) ) GLOBAL_UNIT_ASSIGNED_CONTEXT ( ( #3234, #127, #3833 ) ) REPRESENTATION_CONTEXT ( 'NONE', 'WORKASPACE' ) );
#3613 = ADVANCED_FACE ( 'NONE', ( #527 ), #969, .F. ) ;
#3614 = DIRECTION ( 'NONE',  ( 0.000000000000000000, 1.000000000000000000, 0.000000000000000000 ) ) ;
#3615 = ORIENTED_EDGE ( 'NONE', *, *, #3472, .T. ) ;
#3616 = SURFACE_SIDE_STYLE ('',( #3204 ) ) ;
#3617 = EDGE_CURVE ( 'NONE', #3066, #2992, #54, .T. ) ;
#3618 = ORIENTED_EDGE ( 'NONE', *, *, #3937, .T. ) ;
#3619 = DIRECTION ( 'NONE',  ( 1.000000000000000000, 0.000000000000000000, -0.000000000000000000 ) ) ;
#3620 = DIRECTION ( 'NONE',  ( -0.000000000000000000, 0.000000000000000000, 1.000000000000000000 ) ) ;
#3621 = DIRECTION ( 'NONE',  ( 1.000000000000000000, 0.000000000000000000, 0.000000000000000000 ) ) ;
#3622 = EDGE_CURVE ( 'NONE', #973, #1174, #3122, .T. ) ;
#3624 = CIRCLE ( 'NONE', #1510, 0.2000000000000000944 ) ;
#3623 = DIRECTION ( 'NONE',  ( 0.000000000000000000, 1.000000000000000000, 0.000000000000000000 ) ) ;
#3625 = FACE_OUTER_BOUND ( 'NONE', #320, .T. ) ;
#3626 = PRESENTATION_STYLE_ASSIGNMENT (( #2695 ) ) ;
#3627 = EDGE_LOOP ( 'NONE', ( #3897, #2470, #3843, #323, #697, #2926 ) ) ;
#3628 = DIRECTION ( 'NONE',  ( 0.000000000000000000, 1.000000000000000000, -3.688601711469485225E-17 ) ) ;
#3629 = CARTESIAN_POINT ( 'NONE',  ( 0.000000000000000000, 0.000000000000000000, 0.9499999999999998446 ) ) ;
#3630 =( GEOMETRIC_REPRESENTATION_CONTEXT ( 3 ) GLOBAL_UNCERTAINTY_ASSIGNED_CONTEXT ( ( #1431 ) ) GLOBAL_UNIT_ASSIGNED_CONTEXT ( ( #2593, #374, #1004 ) ) REPRESENTATION_CONTEXT ( 'NONE', 'WORKASPACE' ) );
#3631 = FACE_OUTER_BOUND ( 'NONE', #782, .T. ) ;
#3632 = PRESENTATION_STYLE_ASSIGNMENT (( #1182 ) ) ;
#3633 = STYLED_ITEM ( 'NONE', ( #1707 ), #1197 ) ;
#3634 = PLANE ( 'NONE',  #474 ) ;
#3635 =( NAMED_UNIT ( * ) PLANE_ANGLE_UNIT ( ) SI_UNIT ( $, .RADIAN. ) );
#3636 = ORIENTED_EDGE ( 'NONE', *, *, #236, .F. ) ;
#3637 = AXIS2_PLACEMENT_3D ( 'NONE', #759, #2028, #443 ) ;
#3638 = FILL_AREA_STYLE_COLOUR ( '', #601 ) ;
#3639 = CARTESIAN_POINT ( 'NONE',  ( 0.000000000000000000, 1.049999999999999822, 0.3000000000000000444 ) ) ;
#3640 = ADVANCED_FACE ( 'NONE', ( #1326 ), #1239, .T. ) ;
#3641 = SURFACE_SIDE_STYLE ('',( #2425 ) ) ;
#3642 = ORIENTED_EDGE ( 'NONE', *, *, #236, .T. ) ;
#3643 = CARTESIAN_POINT ( 'NONE',  ( 0.3499999999999999778, 4.286263797015736595E-17, 0.1500000000000000222 ) ) ;
#3644 = EDGE_CURVE ( 'NONE', #3044, #2766, #783, .T. ) ;
#3645 = DIRECTION ( 'NONE',  ( -1.232552613120351049E-16, 1.000000000000000000, 0.000000000000000000 ) ) ;
#3646 =( GEOMETRIC_REPRESENTATION_CONTEXT ( 3 ) GLOBAL_UNCERTAINTY_ASSIGNED_CONTEXT ( ( #820 ) ) GLOBAL_UNIT_ASSIGNED_CONTEXT ( ( #802, #2964, #1681 ) ) REPRESENTATION_CONTEXT ( 'NONE', 'WORKASPACE' ) );
#3647 = FACE_OUTER_BOUND ( 'NONE', #2650, .T. ) ;
#3648 = ORIENTED_EDGE ( 'NONE', *, *, #3171, .T. ) ;
#3649 = AXIS2_PLACEMENT_3D ( 'NONE', #1986, #2648, #3203 ) ;
#3650 = PLANE ( 'NONE',  #605 ) ;
#3651 = ORIENTED_EDGE ( 'NONE', *, *, #1604, .F. ) ;
#3652 = DIRECTION ( 'NONE',  ( 0.000000000000000000, 1.000000000000000000, 0.000000000000000000 ) ) ;
#3653 = MECHANICAL_DESIGN_GEOMETRIC_PRESENTATION_REPRESENTATION (  '', ( #375 ), #1224 ) ;
#3654 = EDGE_CURVE ( 'NONE', #3744, #1459, #2464, .T. ) ;
#3655 = CARTESIAN_POINT ( 'NONE',  ( -1.100000000000000755, -0.8999999999999999112, 0.000000000000000000 ) ) ;
#3656 = ORIENTED_EDGE ( 'NONE', *, *, #2729, .F. ) ;
#3657 = PRESENTATION_LAYER_ASSIGNMENT (  '', '', ( #2577 ) ) ;
#3658 = DIRECTION ( 'NONE',  ( 1.224646799147353207E-16, 1.000000000000000000, 0.000000000000000000 ) ) ;
#3659 = EDGE_CURVE ( 'NONE', #3537, #3376, #3462, .T. ) ;
#3660 = CARTESIAN_POINT ( 'NONE',  ( 0.2999999999999999889, 2.199999999999999289, 0.1499999999999999944 ) ) ;
#3661 = STYLED_ITEM ( 'NONE', ( #1231 ), #2757 ) ;
#3662 = SURFACE_SIDE_STYLE ('',( #2144 ) ) ;
#3663 = ORIENTED_EDGE ( 'NONE', *, *, #2056, .T. ) ;
#3664 = CONICAL_SURFACE ( 'NONE', #2516, 0.9316181806841051793, 0.8807338347784543497 ) ;
#3665 = FILL_AREA_STYLE ('',( #1249 ) ) ;
#3666 = VERTEX_POINT ( 'NONE', #3077 ) ;
#3667 = SURFACE_SIDE_STYLE ('',( #2456 ) ) ;
#3668 =( NAMED_UNIT ( * ) SI_UNIT ( $, .STERADIAN. ) SOLID_ANGLE_UNIT ( ) );
#3669 = CYLINDRICAL_SURFACE ( 'NONE', #3989, 1.000000000000000222 ) ;
#3670 = CARTESIAN_POINT ( 'NONE',  ( -0.5000000000000000000, 0.000000000000000000, 0.000000000000000000 ) ) ;
#3671 = FILL_AREA_STYLE_COLOUR ( '', #2026 ) ;
#3672 = AXIS2_PLACEMENT_3D ( 'NONE', #3629, #2447, #3658 ) ;
#3673 = LINE ( 'NONE', #1481, #2596 ) ;
#3674 = ORIENTED_EDGE ( 'NONE', *, *, #19, .F. ) ;
#3675 = FILL_AREA_STYLE ('',( #3299 ) ) ;
#3676 = MECHANICAL_DESIGN_GEOMETRIC_PRESENTATION_REPRESENTATION (  '', ( #402 ), #986 ) ;
#3677 = COLOUR_RGB ( '',0.9686274509803921573, 0.8784313725490195957, 0.5999999999999999778 ) ;
#3678 = LINE ( 'NONE', #1782, #1864 ) ;
#3679 = VERTEX_POINT ( 'NONE', #313 ) ;
#3680 = LINE ( 'NONE', #624, #954 ) ;
#3681 = AXIS2_PLACEMENT_3D ( 'NONE', #871, #3272, #2108 ) ;
#3682 = EDGE_CURVE ( 'NONE', #3448, #1708, #3101, .T. ) ;
#3683 = MECHANICAL_DESIGN_GEOMETRIC_PRESENTATION_REPRESENTATION (  '', ( #925 ), #3630 ) ;
#3684 = ORIENTED_EDGE ( 'NONE', *, *, #2821, .T. ) ;
#3685 = DIRECTION ( 'NONE',  ( -0.000000000000000000, -3.688601711469485225E-17, -1.000000000000000000 ) ) ;
#3686 = EDGE_CURVE ( 'NONE', #2436, #1380, #2875, .T. ) ;
#3687 = MECHANICAL_DESIGN_GEOMETRIC_PRESENTATION_REPRESENTATION (  '', ( #278 ), #2160 ) ;
#3688 = ORIENTED_EDGE ( 'NONE', *, *, #807, .F. ) ;
#3689 = DIRECTION ( 'NONE',  ( 1.000000000000000000, 0.000000000000000000, 0.000000000000000000 ) ) ;
#3690 = ORIENTED_EDGE ( 'NONE', *, *, #666, .T. ) ;
#3691 = DIRECTION ( 'NONE',  ( 0.000000000000000000, 0.000000000000000000, -1.000000000000000000 ) ) ;
#3692 = CARTESIAN_POINT ( 'NONE',  ( 0.2999999999999999889, 1.549999999999999822, 0.1499999999999999944 ) ) ;
#3693 = DIRECTION ( 'NONE',  ( 0.000000000000000000, 1.000000000000000000, -3.688601711469485225E-17 ) ) ;
#3694 = STYLED_ITEM ( 'NONE', ( #2840 ), #1383 ) ;
#3695 = FILL_AREA_STYLE_COLOUR ( '', #3553 ) ;
#3696 =( NAMED_UNIT ( * ) PLANE_ANGLE_UNIT ( ) SI_UNIT ( $, .RADIAN. ) );
#3697 = FILL_AREA_STYLE ('',( #3157 ) ) ;
#3698 = ORIENTED_EDGE ( 'NONE', *, *, #363, .T. ) ;
#3699 =( NAMED_UNIT ( * ) SI_UNIT ( $, .STERADIAN. ) SOLID_ANGLE_UNIT ( ) );
#3700 = FILL_AREA_STYLE_COLOUR ( '', #3225 ) ;
#3701 = DIRECTION ( 'NONE',  ( 1.000000000000000000, 0.000000000000000000, 0.000000000000000000 ) ) ;
#3702 = CARTESIAN_POINT ( 'NONE',  ( -1.500000000000000000, 0.9000000000000002442, 0.000000000000000000 ) ) ;
#3703 = AXIS2_PLACEMENT_3D ( 'NONE', #364, #3081, #995 ) ;
#3704 = SURFACE_SIDE_STYLE ('',( #3103 ) ) ;
#3705 = EDGE_CURVE ( 'NONE', #2992, #330, #918, .T. ) ;
#3706 = ORIENTED_EDGE ( 'NONE', *, *, #1903, .T. ) ;
#3707 = SURFACE_SIDE_STYLE ('',( #282 ) ) ;
#3708 = ORIENTED_EDGE ( 'NONE', *, *, #3881, .T. ) ;
#3709 =( GEOMETRIC_REPRESENTATION_CONTEXT ( 3 ) GLOBAL_UNCERTAINTY_ASSIGNED_CONTEXT ( ( #2362 ) ) GLOBAL_UNIT_ASSIGNED_CONTEXT ( ( #1695, #3283, #2898 ) ) REPRESENTATION_CONTEXT ( 'NONE', 'WORKASPACE' ) );
#3710 = DIRECTION ( 'NONE',  ( 1.000000000000000000, 0.000000000000000000, 0.000000000000000000 ) ) ;
#3711 = EDGE_CURVE ( 'NONE', #1173, #5, #3228, .T. ) ;
#3712 = ORIENTED_EDGE ( 'NONE', *, *, #1290, .F. ) ;
#3713 = CARTESIAN_POINT ( 'NONE',  ( 0.000000000000000000, 0.000000000000000000, 0.000000000000000000 ) ) ;
#3714 =( LENGTH_UNIT ( ) NAMED_UNIT ( * ) SI_UNIT ( .MILLI., .METRE. ) );
#3715 = STYLED_ITEM ( 'NONE', ( #145 ), #183 ) ;
#3716 = UNCERTAINTY_MEASURE_WITH_UNIT (LENGTH_MEASURE( 1.000000000000000082E-05 ), #1950, 'distance_accuracy_value', 'NONE');
#3717 = AXIS2_PLACEMENT_3D ( 'NONE', #1875, #325, #2494 ) ;
#3718 = FILL_AREA_STYLE ('',( #268 ) ) ;
#3719 =( GEOMETRIC_REPRESENTATION_CONTEXT ( 3 ) GLOBAL_UNCERTAINTY_ASSIGNED_CONTEXT ( ( #57 ) ) GLOBAL_UNIT_ASSIGNED_CONTEXT ( ( #3020, #2448, #907 ) ) REPRESENTATION_CONTEXT ( 'NONE', 'WORKASPACE' ) );
#3720 = PLANE ( 'NONE',  #3834 ) ;
#3721 = DIRECTION ( 'NONE',  ( -0.000000000000000000, -0.000000000000000000, -1.000000000000000000 ) ) ;
#3722 = SURFACE_STYLE_USAGE ( .BOTH. , #3443 ) ;
#3723 = CIRCLE ( 'NONE', #3531, 0.2499999999999998890 ) ;
#3724 = STYLED_ITEM ( 'NONE', ( #1818 ), #1682 ) ;
#3725 = PLANE ( 'NONE',  #2253 ) ;
#3726 = LINE ( 'NONE', #2816, #2442 ) ;
#3727 = UNCERTAINTY_MEASURE_WITH_UNIT (LENGTH_MEASURE( 1.000000000000000082E-05 ), #1979, 'distance_accuracy_value', 'NONE');
#3728 = CARTESIAN_POINT ( 'NONE',  ( 0.000000000000000000, 0.000000000000000000, 0.000000000000000000 ) ) ;
#3729 =( NAMED_UNIT ( * ) PLANE_ANGLE_UNIT ( ) SI_UNIT ( $, .RADIAN. ) );
#3730 = ORIENTED_EDGE ( 'NONE', *, *, #1662, .T. ) ;
#3731 = FILL_AREA_STYLE_COLOUR ( '', #2853 ) ;
#3732 = FILL_AREA_STYLE ('',( #650 ) ) ;
#3733 = AXIS2_PLACEMENT_3D ( 'NONE', #1537, #897, #3277 ) ;
#3734 = CYLINDRICAL_SURFACE ( 'NONE', #722, 1.000000000000000000 ) ;
#3735 = ORIENTED_EDGE ( 'NONE', *, *, #1243, .F. ) ;
#3736 = DIRECTION ( 'NONE',  ( -0.000000000000000000, -0.000000000000000000, 1.000000000000000000 ) ) ;
#3737 = ADVANCED_FACE ( 'NONE', ( #772 ), #2908, .T. ) ;
#3738 = CARTESIAN_POINT ( 'NONE',  ( -0.3000000000000001554, -3.697657839361055120E-17, 0.2999999999999999889 ) ) ;
#3739 = FILL_AREA_STYLE_COLOUR ( '', #1543 ) ;
#3740 = DIRECTION ( 'NONE',  ( 0.000000000000000000, 0.000000000000000000, 1.000000000000000000 ) ) ;
#3741 = FILL_AREA_STYLE ('',( #3459 ) ) ;
#3742 = CARTESIAN_POINT ( 'NONE',  ( -1.500000000000000000, 0.9000000000000002442, 0.1499999999999999944 ) ) ;
#3743 = SURFACE_SIDE_STYLE ('',( #3124 ) ) ;
#3744 = VERTEX_POINT ( 'NONE', #3817 ) ;
#3745 = COLOUR_RGB ( '',0.9686274509803921573, 0.8784313725490195957, 0.5999999999999999778 ) ;
#3746 = MECHANICAL_DESIGN_GEOMETRIC_PRESENTATION_REPRESENTATION (  '', ( #716 ), #786 ) ;
#3747 = CIRCLE ( 'NONE', #468, 0.2500000000000000000 ) ;
#3748 = ORIENTED_EDGE ( 'NONE', *, *, #1725, .F. ) ;
#3749 = DIRECTION ( 'NONE',  ( 0.000000000000000000, -1.000000000000000000, 0.000000000000000000 ) ) ;
#3750 = STYLED_ITEM ( 'NONE', ( #1659 ), #3269 ) ;
#3751 = CARTESIAN_POINT ( 'NONE',  ( 0.000000000000000000, -2.168404344971008868E-16, 0.000000000000000000 ) ) ;
#3752 = PRESENTATION_LAYER_ASSIGNMENT (  '', '', ( #2721 ) ) ;
#3753 = DIRECTION ( 'NONE',  ( -1.000000000000000000, 0.000000000000000000, 0.000000000000000000 ) ) ;
#3754 = DIRECTION ( 'NONE',  ( -0.000000000000000000, -0.000000000000000000, 1.000000000000000000 ) ) ;
#3755 = VECTOR ( 'NONE', #3152, 1000.000000000000000 ) ;
#3756 = FILL_AREA_STYLE ('',( #3695 ) ) ;
#3757 =( LENGTH_UNIT ( ) NAMED_UNIT ( * ) SI_UNIT ( .MILLI., .METRE. ) );
#3758 = FILL_AREA_STYLE_COLOUR ( '', #892 ) ;
#3759 = EDGE_CURVE ( 'NONE', #2110, #3354, #2979, .T. ) ;
#3760 = AXIS2_PLACEMENT_3D ( 'NONE', #155, #196, #1664 ) ;
#3761 = PRESENTATION_STYLE_ASSIGNMENT (( #1616 ) ) ;
#3762 =( LENGTH_UNIT ( ) NAMED_UNIT ( * ) SI_UNIT ( .MILLI., .METRE. ) );
#3763 = ORIENTED_EDGE ( 'NONE', *, *, #3759, .T. ) ;
#3764 = ADVANCED_FACE ( 'NONE', ( #1692 ), #2263, .T. ) ;
#3765 = SURFACE_SIDE_STYLE ('',( #2882 ) ) ;
#3766 = UNCERTAINTY_MEASURE_WITH_UNIT (LENGTH_MEASURE( 1.000000000000000082E-05 ), #1570, 'distance_accuracy_value', 'NONE');
#3767 = CARTESIAN_POINT ( 'NONE',  ( 1.100000000000000755, -0.8999999999999999112, 0.000000000000000000 ) ) ;
#3768 = FACE_OUTER_BOUND ( 'NONE', #2060, .T. ) ;
#3769 = EDGE_LOOP ( 'NONE', ( #2094, #3302, #2866, #3730 ) ) ;
#3770 = PRESENTATION_LAYER_ASSIGNMENT (  '', '', ( #2737 ) ) ;
#3771 = CARTESIAN_POINT ( 'NONE',  ( 1.100000000000000755, 0.9000000000000002442, 0.1499999999999999944 ) ) ;
#3772 =( NAMED_UNIT ( * ) PLANE_ANGLE_UNIT ( ) SI_UNIT ( $, .RADIAN. ) );
#3773 = STYLED_ITEM ( 'NONE', ( #3166 ), #3391 ) ;
#3774 = FILL_AREA_STYLE ('',( #1001 ) ) ;
#3775 = DIRECTION ( 'NONE',  ( -1.000000000000000000, 0.000000000000000000, 0.000000000000000000 ) ) ;
#3776 = PRESENTATION_LAYER_ASSIGNMENT (  '', '', ( #1352 ) ) ;
#3777 = CARTESIAN_POINT ( 'NONE',  ( 1.299999999999999822, 1.299999999999999822, 0.3499999999999999778 ) ) ;
#3778 = LINE ( 'NONE', #1392, #1227 ) ;
#3779 = LINE ( 'NONE', #3094, #2129 ) ;
#3780 = CIRCLE ( 'NONE', #502, 0.8500000000000000888 ) ;
#3781 = PRODUCT_RELATED_PRODUCT_CATEGORY ( 'part', '', ( #1103 ) ) ;
#3782 = PRESENTATION_LAYER_ASSIGNMENT (  '', '', ( #1160 ) ) ;
#3783 = STYLED_ITEM ( 'NONE', ( #6 ), #411 ) ;
#3784 = DIRECTION ( 'NONE',  ( 1.000000000000000000, 0.000000000000000000, 0.000000000000000000 ) ) ;
#3785 = VERTEX_POINT ( 'NONE', #3518 ) ;
#3786 = STYLED_ITEM ( 'NONE', ( #1922 ), #1850 ) ;
#3787 = CARTESIAN_POINT ( 'NONE',  ( -1.100000000000000755, 0.9000000000000002442, 0.000000000000000000 ) ) ;
#3788 = VERTEX_POINT ( 'NONE', #3194 ) ;
#3789 = SURFACE_STYLE_USAGE ( .BOTH. , #1647 ) ;
#3790 = DIRECTION ( 'NONE',  ( -1.000000000000000000, 0.000000000000000000, 0.000000000000000000 ) ) ;
#3791 = TOROIDAL_SURFACE ( 'NONE', #2388, 1.050000000000000044, 0.04999999999999985706 ) ;
#3792 = CARTESIAN_POINT ( 'NONE',  ( 0.000000000000000000, 0.000000000000000000, 1.050000000000000044 ) ) ;
#3793 = SURFACE_STYLE_USAGE ( .BOTH. , #3207 ) ;
#3794 = PRESENTATION_STYLE_ASSIGNMENT (( #1727 ) ) ;
#3795 = CYLINDRICAL_SURFACE ( 'NONE', #544, 0.2000000000000000944 ) ;
#3796 = FILL_AREA_STYLE_COLOUR ( '', #1626 ) ;
#3797 = DIRECTION ( 'NONE',  ( -0.000000000000000000, -3.688601711469485225E-17, -1.000000000000000000 ) ) ;
#3798 = VECTOR ( 'NONE', #542, 1000.000000000000000 ) ;
#3799 = FACE_OUTER_BOUND ( 'NONE', #1291, .T. ) ;
#3800 = ORIENTED_EDGE ( 'NONE', *, *, #3318, .F. ) ;
#3801 = FILL_AREA_STYLE_COLOUR ( '', #1082 ) ;
#3802 = DIRECTION ( 'NONE',  ( 1.000000000000000000, 0.000000000000000000, 0.000000000000000000 ) ) ;
#3803 = ORIENTED_EDGE ( 'NONE', *, *, #3450, .F. ) ;
#3804 = AXIS2_PLACEMENT_3D ( 'NONE', #906, #2367, #3587 ) ;
#3805 = DIRECTION ( 'NONE',  ( -0.000000000000000000, -0.000000000000000000, -1.000000000000000000 ) ) ;
#3806 = EDGE_CURVE ( 'NONE', #2669, #793, #2912, .T. ) ;
#3807 = STYLED_ITEM ( 'NONE', ( #2731 ), #563 ) ;
#3808 = CIRCLE ( 'NONE', #3869, 0.04999999999999991257 ) ;
#3809 = ORIENTED_EDGE ( 'NONE', *, *, #2893, .F. ) ;
#3810 = CARTESIAN_POINT ( 'NONE',  ( 0.3000000000000000444, -1.550000000000000266, 0.2999999999999999889 ) ) ;
#3811 = EDGE_CURVE ( 'NONE', #1259, #1459, #2777, .T. ) ;
#3812 = AXIS2_PLACEMENT_3D ( 'NONE', #1666, #3749, #2269 ) ;
#3813 = FILL_AREA_STYLE ('',( #2909 ) ) ;
#3814 = PLANE ( 'NONE',  #1556 ) ;
#3815 = DIRECTION ( 'NONE',  ( 1.000000000000000000, 1.232552613120351049E-16, 0.000000000000000000 ) ) ;
#3816 = VECTOR ( 'NONE', #557, 1000.000000000000000 ) ;
#3817 = CARTESIAN_POINT ( 'NONE',  ( 0.000000000000000000, 0.9316181806841049573, 0.5990149732453686759 ) ) ;
#3818 = MECHANICAL_DESIGN_GEOMETRIC_PRESENTATION_REPRESENTATION (  '', ( #1000 ), #3245 ) ;
#3819 = SURFACE_STYLE_FILL_AREA ( #168 ) ;
#3820 = CARTESIAN_POINT ( 'NONE',  ( 0.000000000000000000, 0.000000000000000000, 0.3499999999999999778 ) ) ;
#3821 = VERTEX_POINT ( 'NONE', #1757 ) ;
#3822 = DIRECTION ( 'NONE',  ( 1.000000000000000000, 1.224646799147353207E-16, -4.517234279280554097E-33 ) ) ;
#3823 =( GEOMETRIC_REPRESENTATION_CONTEXT ( 3 ) GLOBAL_UNCERTAINTY_ASSIGNED_CONTEXT ( ( #983 ) ) GLOBAL_UNIT_ASSIGNED_CONTEXT ( ( #3345, #2668, #1146 ) ) REPRESENTATION_CONTEXT ( 'NONE', 'WORKASPACE' ) );
#3824 = FACE_BOUND ( 'NONE', #2305, .T. ) ;
#3825 = STYLED_ITEM ( 'NONE', ( #3956 ), #3123 ) ;
#3826 = SURFACE_STYLE_USAGE ( .BOTH. , #2901 ) ;
#3827 = EDGE_LOOP ( 'NONE', ( #991, #2016, #3534, #2085 ) ) ;
#3828 = EDGE_CURVE ( 'NONE', #3066, #1886, #3280, .T. ) ;
#3829 = SURFACE_STYLE_USAGE ( .BOTH. , #1688 ) ;
#3830 = DIRECTION ( 'NONE',  ( -0.000000000000000000, -0.000000000000000000, 1.000000000000000000 ) ) ;
#3831 = LINE ( 'NONE', #427, #3434 ) ;
#3832 = DIRECTION ( 'NONE',  ( -0.000000000000000000, -0.000000000000000000, 1.000000000000000000 ) ) ;
#3833 =( NAMED_UNIT ( * ) SI_UNIT ( $, .STERADIAN. ) SOLID_ANGLE_UNIT ( ) );
#3834 = AXIS2_PLACEMENT_3D ( 'NONE', #1487, #2700, #1954 ) ;
#3835 = COLOUR_RGB ( '',0.9686274509803921573, 0.8784313725490195957, 0.5999999999999999778 ) ;
#3836 = AXIS2_PLACEMENT_3D ( 'NONE', #108, #431, #2890 ) ;
#3837 =( NAMED_UNIT ( * ) SI_UNIT ( $, .STERADIAN. ) SOLID_ANGLE_UNIT ( ) );
#3838 = EDGE_LOOP ( 'NONE', ( #2399, #1566, #224, #902 ) ) ;
#3839 = DIRECTION ( 'NONE',  ( 0.000000000000000000, 0.000000000000000000, -1.000000000000000000 ) ) ;
#3840 = VECTOR ( 'NONE', #3530, 1000.000000000000000 ) ;
#3841 =( GEOMETRIC_REPRESENTATION_CONTEXT ( 3 ) GLOBAL_UNCERTAINTY_ASSIGNED_CONTEXT ( ( #951 ) ) GLOBAL_UNIT_ASSIGNED_CONTEXT ( ( #815, #540, #2079 ) ) REPRESENTATION_CONTEXT ( 'NONE', 'WORKASPACE' ) );
#3842 =( NAMED_UNIT ( * ) SI_UNIT ( $, .STERADIAN. ) SOLID_ANGLE_UNIT ( ) );
#3843 = ORIENTED_EDGE ( 'NONE', *, *, #1081, .T. ) ;
#3844 = PRESENTATION_LAYER_ASSIGNMENT (  '', '', ( #1161 ) ) ;
#3845 = DIRECTION ( 'NONE',  ( -0.000000000000000000, 0.000000000000000000, -1.000000000000000000 ) ) ;
#3846 = VECTOR ( 'NONE', #968, 1000.000000000000000 ) ;
#3847 = CARTESIAN_POINT ( 'NONE',  ( 1.040949779275250263E-16, -0.8500000000000003109, 0.3499999999999999778 ) ) ;
#3848 = EDGE_LOOP ( 'NONE', ( #2971, #3929, #2715, #923 ) ) ;
#3849 = SURFACE_SIDE_STYLE ('',( #2627 ) ) ;
#3850 = ORIENTED_EDGE ( 'NONE', *, *, #2027, .T. ) ;
#3851 = EDGE_LOOP ( 'NONE', ( #804, #3966, #2508, #2943 ) ) ;
#3852 = UNCERTAINTY_MEASURE_WITH_UNIT (LENGTH_MEASURE( 1.000000000000000082E-05 ), #2633, 'distance_accuracy_value', 'NONE');
#3853 = LINE ( 'NONE', #1370, #1663 ) ;
#3854 =( LENGTH_UNIT ( ) NAMED_UNIT ( * ) SI_UNIT ( .MILLI., .METRE. ) );
#3855 = ADVANCED_FACE ( 'NONE', ( #2115 ), #1576, .T. ) ;
#3856 = STYLED_ITEM ( 'NONE', ( #1876 ), #2844 ) ;
#3857 = DIRECTION ( 'NONE',  ( -0.000000000000000000, -3.688601711469485225E-17, -1.000000000000000000 ) ) ;
#3858 = ORIENTED_EDGE ( 'NONE', *, *, #2540, .T. ) ;
#3859 = FACE_OUTER_BOUND ( 'NONE', #262, .T. ) ;
#3860 = EDGE_CURVE ( 'NONE', #271, #3679, #3808, .T. ) ;
#3861 = FILL_AREA_STYLE ('',( #781 ) ) ;
#3862 = ORIENTED_EDGE ( 'NONE', *, *, #2682, .F. ) ;
#3863 = CARTESIAN_POINT ( 'NONE',  ( 0.000000000000000000, -1.725772139594670690E-16, 1.200000000000000178 ) ) ;
#3864 = DIRECTION ( 'NONE',  ( -1.000000000000000000, 0.000000000000000000, 0.000000000000000000 ) ) ;
#3865 = VECTOR ( 'NONE', #3351, 1000.000000000000000 ) ;
#3866 =( GEOMETRIC_REPRESENTATION_CONTEXT ( 3 ) GLOBAL_UNCERTAINTY_ASSIGNED_CONTEXT ( ( #1331 ) ) GLOBAL_UNIT_ASSIGNED_CONTEXT ( ( #2005, #1700, #1396 ) ) REPRESENTATION_CONTEXT ( 'NONE', 'WORKASPACE' ) );
#3867 = ORIENTED_EDGE ( 'NONE', *, *, #661, .T. ) ;
#3868 =( NAMED_UNIT ( * ) PLANE_ANGLE_UNIT ( ) SI_UNIT ( $, .RADIAN. ) );
#3869 = AXIS2_PLACEMENT_3D ( 'NONE', #1498, #581, #231 ) ;
#3870 = VECTOR ( 'NONE', #1993, 1000.000000000000000 ) ;
#3871 = EDGE_LOOP ( 'NONE', ( #3862, #641, #3920, #2663 ) ) ;
#3872 = EDGE_LOOP ( 'NONE', ( #484, #2946, #587, #3412, #1856, #2745, #939, #2002 ) ) ;
#3873 = PRESENTATION_LAYER_ASSIGNMENT (  '', '', ( #267 ) ) ;
#3874 = VECTOR ( 'NONE', #1614, 1000.000000000000000 ) ;
#3875 = DIRECTION ( 'NONE',  ( 1.000000000000000000, -2.710505431213766015E-16, 0.000000000000000000 ) ) ;
#3876 = SURFACE_STYLE_FILL_AREA ( #1815 ) ;
#3877 = UNCERTAINTY_MEASURE_WITH_UNIT (LENGTH_MEASURE( 1.000000000000000082E-05 ), #2509, 'distance_accuracy_value', 'NONE');
#3878 = UNCERTAINTY_MEASURE_WITH_UNIT (LENGTH_MEASURE( 1.000000000000000082E-05 ), #1641, 'distance_accuracy_value', 'NONE');
#3879 = PRESENTATION_LAYER_ASSIGNMENT (  '', '', ( #856 ) ) ;
#3880 =( NAMED_UNIT ( * ) SI_UNIT ( $, .STERADIAN. ) SOLID_ANGLE_UNIT ( ) );
#3881 = EDGE_CURVE ( 'NONE', #162, #973, #1736, .T. ) ;
#3882 = SURFACE_STYLE_USAGE ( .BOTH. , #2130 ) ;
#3883 =( NAMED_UNIT ( * ) PLANE_ANGLE_UNIT ( ) SI_UNIT ( $, .RADIAN. ) );
#3884 = DIRECTION ( 'NONE',  ( -0.000000000000000000, -0.000000000000000000, 1.000000000000000000 ) ) ;
#3885 = ORIENTED_EDGE ( 'NONE', *, *, #1779, .T. ) ;
#3886 =( GEOMETRIC_REPRESENTATION_CONTEXT ( 3 ) GLOBAL_UNCERTAINTY_ASSIGNED_CONTEXT ( ( #165 ) ) GLOBAL_UNIT_ASSIGNED_CONTEXT ( ( #1109, #1796, #2371 ) ) REPRESENTATION_CONTEXT ( 'NONE', 'WORKASPACE' ) );
#3887 = CIRCLE ( 'NONE', #2601, 0.2000000000000000944 ) ;
#3888 = FACE_OUTER_BOUND ( 'NONE', #1895, .T. ) ;
#3889 = ADVANCED_FACE ( 'NONE', ( #898 ), #562, .T. ) ;
#3890 = ORIENTED_EDGE ( 'NONE', *, *, #2466, .F. ) ;
#3891 = FACE_OUTER_BOUND ( 'NONE', #1426, .T. ) ;
#3892 = AXIS2_PLACEMENT_3D ( 'NONE', #3550, #885, #3339 ) ;
#3893 = FILL_AREA_STYLE_COLOUR ( '', #274 ) ;
#3894 = CARTESIAN_POINT ( 'NONE',  ( -1.100000000000000755, 0.9000000000000002442, 0.1499999999999999944 ) ) ;
#3895 = CARTESIAN_POINT ( 'NONE',  ( 1.500000000000000000, 0.9000000000000002442, 0.1499999999999999944 ) ) ;
#3896 = FACE_OUTER_BOUND ( 'NONE', #3872, .T. ) ;
#3897 = ORIENTED_EDGE ( 'NONE', *, *, #957, .T. ) ;
#3898 = ORIENTED_EDGE ( 'NONE', *, *, #3363, .T. ) ;
#3899 = DIRECTION ( 'NONE',  ( 0.000000000000000000, 1.000000000000000000, -3.688601711469485225E-17 ) ) ;
#3900 = PLANE ( 'NONE',  #3018 ) ;
#3901 = FACE_OUTER_BOUND ( 'NONE', #2420, .T. ) ;
#3902 = PRESENTATION_LAYER_ASSIGNMENT (  '', '', ( #3773 ) ) ;
#3903 = VECTOR ( 'NONE', #1644, 1000.000000000000000 ) ;
#3904 = ORIENTED_EDGE ( 'NONE', *, *, #2519, .F. ) ;
#3905 = AXIS2_PLACEMENT_3D ( 'NONE', #413, #164, #3478 ) ;
#3906 = DIRECTION ( 'NONE',  ( 1.000000000000000000, 0.000000000000000000, 0.000000000000000000 ) ) ;
#3907 = EDGE_CURVE ( 'NONE', #3327, #2930, #139, .T. ) ;
#3908 = DIRECTION ( 'NONE',  ( 0.000000000000000000, 0.000000000000000000, -1.000000000000000000 ) ) ;
#3909 = ORIENTED_EDGE ( 'NONE', *, *, #392, .T. ) ;
#3910 = DIRECTION ( 'NONE',  ( 0.000000000000000000, 1.000000000000000000, 0.000000000000000000 ) ) ;
#3911 = COLOUR_RGB ( '',1.000000000000000000, 1.000000000000000000, 1.000000000000000000 ) ;
#3912 = COLOUR_RGB ( '',0.9686274509803921573, 0.8784313725490195957, 0.5999999999999999778 ) ;
#3913 = COLOUR_RGB ( '',1.000000000000000000, 1.000000000000000000, 1.000000000000000000 ) ;
#3914 = EDGE_LOOP ( 'NONE', ( #518, #649, #1179, #1967 ) ) ;
#3915 =( LENGTH_UNIT ( ) NAMED_UNIT ( * ) SI_UNIT ( .MILLI., .METRE. ) );
#3916 = CARTESIAN_POINT ( 'NONE',  ( 0.09999999999999993616, 0.000000000000000000, 1.050000000000000044 ) ) ;
#3917 = EDGE_CURVE ( 'NONE', #2064, #634, #545, .T. ) ;
#3918 = VECTOR ( 'NONE', #2403, 1000.000000000000000 ) ;
#3919 = ORIENTED_EDGE ( 'NONE', *, *, #3932, .T. ) ;
#3920 = ORIENTED_EDGE ( 'NONE', *, *, #3958, .T. ) ;
#3921 = STYLED_ITEM ( 'NONE', ( #858 ), #1997 ) ;
#3922 =( NAMED_UNIT ( * ) SI_UNIT ( $, .STERADIAN. ) SOLID_ANGLE_UNIT ( ) );
#3923 = DIRECTION ( 'NONE',  ( -0.000000000000000000, -0.000000000000000000, 1.000000000000000000 ) ) ;
#3924 = FILL_AREA_STYLE_COLOUR ( '', #3170 ) ;
#3925 = DIRECTION ( 'NONE',  ( -0.000000000000000000, -0.000000000000000000, 1.000000000000000000 ) ) ;
#3926 = VERTEX_POINT ( 'NONE', #2202 ) ;
#3927 = SURFACE_SIDE_STYLE ('',( #2405 ) ) ;
#3928 = AXIS2_PLACEMENT_3D ( 'NONE', #370, #87, #1630 ) ;
#3929 = ORIENTED_EDGE ( 'NONE', *, *, #3004, .T. ) ;
#3930 =( LENGTH_UNIT ( ) NAMED_UNIT ( * ) SI_UNIT ( .MILLI., .METRE. ) );
#3931 = DIRECTION ( 'NONE',  ( -0.000000000000000000, -0.000000000000000000, -1.000000000000000000 ) ) ;
#3932 = EDGE_CURVE ( 'NONE', #2918, #3306, #2838, .T. ) ;
#3933 = ORIENTED_EDGE ( 'NONE', *, *, #1538, .T. ) ;
#3934 = SURFACE_STYLE_FILL_AREA ( #2373 ) ;
#3935 = CARTESIAN_POINT ( 'NONE',  ( 0.2999999999999999889, 0.4043161330825918998, 1.050000000000000044 ) ) ;
#3936 = VECTOR ( 'NONE', #2482, 1000.000000000000000 ) ;
#3937 = EDGE_CURVE ( 'NONE', #3483, #873, #2148, .T. ) ;
#3938 = ORIENTED_EDGE ( 'NONE', *, *, #1136, .F. ) ;
#3939 =( NAMED_UNIT ( * ) SI_UNIT ( $, .STERADIAN. ) SOLID_ANGLE_UNIT ( ) );
#3940 =( GEOMETRIC_REPRESENTATION_CONTEXT ( 3 ) GLOBAL_UNCERTAINTY_ASSIGNED_CONTEXT ( ( #384 ) ) GLOBAL_UNIT_ASSIGNED_CONTEXT ( ( #1637, #2894, #2320 ) ) REPRESENTATION_CONTEXT ( 'NONE', 'WORKASPACE' ) );
#3941 = LINE ( 'NONE', #2423, #3798 ) ;
#3942 = DIRECTION ( 'NONE',  ( -0.000000000000000000, -0.000000000000000000, 1.000000000000000000 ) ) ;
#3944 = AXIS2_PLACEMENT_3D ( 'NONE', #900, #307, #2136 ) ;
#3943 = DIRECTION ( 'NONE',  ( -1.000000000000000000, 0.000000000000000000, 0.000000000000000000 ) ) ;
#3945 = FACE_OUTER_BOUND ( 'NONE', #3848, .T. ) ;
#3946 = VERTEX_POINT ( 'NONE', #3670 ) ;
#3947 = SURFACE_SIDE_STYLE ('',( #881 ) ) ;
#3948 = STYLED_ITEM ( 'NONE', ( #833 ), #706 ) ;
#3949 = COLOUR_RGB ( '',0.9686274509803921573, 0.8784313725490195957, 0.5999999999999999778 ) ;
#3950 = FACE_OUTER_BOUND ( 'NONE', #2679, .T. ) ;
#3951 = SURFACE_STYLE_FILL_AREA ( #3357 ) ;
#3952 = PRESENTATION_LAYER_ASSIGNMENT (  '', '', ( #3441 ) ) ;
#3953 = AXIS2_PLACEMENT_3D ( 'NONE', #890, #593, #3045 ) ;
#3954 = EDGE_LOOP ( 'NONE', ( #156, #2837, #3850, #702 ) ) ;
#3955 =( GEOMETRIC_REPRESENTATION_CONTEXT ( 3 ) GLOBAL_UNCERTAINTY_ASSIGNED_CONTEXT ( ( #1284 ) ) GLOBAL_UNIT_ASSIGNED_CONTEXT ( ( #3129, #3729, #717 ) ) REPRESENTATION_CONTEXT ( 'NONE', 'WORKASPACE' ) );
#3956 = PRESENTATION_STYLE_ASSIGNMENT (( #1509 ) ) ;
#3957 = PRESENTATION_LAYER_ASSIGNMENT (  '', '', ( #2161 ) ) ;
#3958 = EDGE_CURVE ( 'NONE', #3387, #1222, #3070, .T. ) ;
#3959 = CARTESIAN_POINT ( 'NONE',  ( 1.285879139104720732E-16, -1.050000000000000044, 0.3000000000000001554 ) ) ;
#3960 = VERTEX_POINT ( 'NONE', #3089 ) ;
#3961 = FILL_AREA_STYLE ('',( #1193 ) ) ;
#3962 =( NAMED_UNIT ( * ) SI_UNIT ( $, .STERADIAN. ) SOLID_ANGLE_UNIT ( ) );
#3963 = SURFACE_STYLE_FILL_AREA ( #1212 ) ;
#3964 = CYLINDRICAL_SURFACE ( 'NONE', #2409, 0.8500000000000000888 ) ;
#3965 = CYLINDRICAL_SURFACE ( 'NONE', #1577, 0.2499999999999999445 ) ;
#3966 = ORIENTED_EDGE ( 'NONE', *, *, #1589, .T. ) ;
#3967 = PRESENTATION_STYLE_ASSIGNMENT (( #715 ) ) ;
#3968 = LINE ( 'NONE', #1204, #2814 ) ;
#3969 = COLOUR_RGB ( '',0.9686274509803921573, 0.8784313725490195957, 0.5999999999999999778 ) ;
#3970 = UNCERTAINTY_MEASURE_WITH_UNIT (LENGTH_MEASURE( 1.000000000000000082E-05 ), #3317, 'distance_accuracy_value', 'NONE');
#3971 = CARTESIAN_POINT ( 'NONE',  ( 1.224646799147353454E-16, -1.000000000000000444, 0.5425698042343681804 ) ) ;
#3972 = VERTEX_POINT ( 'NONE', #964 ) ;
#3973 =( NAMED_UNIT ( * ) PLANE_ANGLE_UNIT ( ) SI_UNIT ( $, .RADIAN. ) );
#3974 = MECHANICAL_DESIGN_GEOMETRIC_PRESENTATION_REPRESENTATION (  '', ( #2812 ), #3841 ) ;
#3975 = ORIENTED_EDGE ( 'NONE', *, *, #3517, .F. ) ;
#3976 = CARTESIAN_POINT ( 'NONE',  ( 0.000000000000000000, 0.000000000000000000, 0.3499999999999999778 ) ) ;
#3977 = DIRECTION ( 'NONE',  ( -1.232552613120351049E-16, 1.000000000000000000, 0.000000000000000000 ) ) ;
#3978 = MECHANICAL_DESIGN_GEOMETRIC_PRESENTATION_REPRESENTATION (  '', ( #1161 ), #3014 ) ;
#3979 = LINE ( 'NONE', #2996, #1622 ) ;
#3980 = VECTOR ( 'NONE', #1689, 1000.000000000000000 ) ;
#3981 = LINE ( 'NONE', #620, #2228 ) ;
#3982 = DIRECTION ( 'NONE',  ( 0.000000000000000000, -0.000000000000000000, -1.000000000000000000 ) ) ;
#3983 = SURFACE_STYLE_FILL_AREA ( #3697 ) ;
#3984 = ORIENTED_EDGE ( 'NONE', *, *, #698, .T. ) ;
#3985 = ADVANCED_FACE ( 'NONE', ( #1920 ), #3115, .T. ) ;
#3986 = CYLINDRICAL_SURFACE ( 'NONE', #3136, 0.9316181806841051793 ) ;
#3987 = FILL_AREA_STYLE ('',( #254 ) ) ;
#3988 = EDGE_LOOP ( 'NONE', ( #131, #2169 ) ) ;
#3989 = AXIS2_PLACEMENT_3D ( 'NONE', #3417, #1317, #3693 ) ;
ENDSEC;
END-ISO-10303-21;
