#VRML V2.0 utf8
# 3D model generated by easyeda2kicad.py (https://github.com/uPesy/easyeda2kicad.py)

Shape{
    appearance Appearance {
        material  Material 	{
            diffuseColor 0.9686274509803922 0.8784313725490196 0.6
            specularColor 0.6784313725490196 0.615686274509804 0.4196078431372549
            ambientIntensity 0.8737
            transparency 0.0
            shininess 0.5
        }
    }
    geometry IndexedFaceSet {
        ccw TRUE
        solid FALSE
        coord DEF co Coordinate {
            point [
                0.0042 -0.3078 0.4124, 0.0022 -0.3086 0.4124, -0.0 -0.3001 0.4134, 0.006 -0.3065 0.4124, 0.0074 -0.3048 0.4124, 0.0083 -0.3029 0.4124, 0.0087 -0.3007 0.4124, 0.0086 -0.2985 0.4124, 0.0079 -0.2964 0.4124, 0.0067 -0.2946 0.4124, 0.0051 -0.2931 0.4124, 0.0032 -0.292 0.4124, 0.0011 -0.2915 0.4124, -0.0011 -0.2915 0.4124, -0.0032 -0.292 0.4124, -0.0052 -0.2931 0.4124, -0.0068 -0.2946 0.4124, -0.0079 -0.2964 0.4124, -0.0086 -0.2985 0.4124, -0.0088 -0.3007 0.4124, -0.0083 -0.3029 0.4124, -0.0074 -0.3048 0.4124, -0.006 -0.3065 0.4124, -0.0042 -0.3078 0.4124, -0.0022 -0.3086 0.4124, -0.0 -0.3089 0.4124, -0.0185 -0.3338 0.3828, -0.0096 -0.3373 0.3828, -0.0102 -0.3381 0.374, -0.019 -0.3347 0.374, -0.0196 -0.3342 0.374, -0.0263 -0.3281 0.3828, -0.027 -0.3288 0.374, -0.0277 -0.3279 0.374, -0.0324 -0.3207 0.3828, -0.0333 -0.3212 0.374, -0.0339 -0.3198 0.374, -0.0365 -0.312 0.3828, -0.0375 -0.3123 0.374, -0.0378 -0.3103 0.374, -0.0383 -0.3026 0.3828, -0.0393 -0.3026 0.374, -0.0391 -0.3002 0.374, -0.0377 -0.293 0.3828, -0.0387 -0.2928 0.374, -0.0378 -0.29 0.374, -0.0347 -0.2838 0.3828, -0.0356 -0.2834 0.374, -0.0339 -0.2806 0.374, -0.0296 -0.2757 0.3828, -0.0303 -0.2751 0.374, -0.0276 -0.2725 0.374, -0.0226 -0.2691 0.3828, -0.0232 -0.2683 0.374, -0.0195 -0.2663 0.374, -0.0141 -0.2645 0.3828, -0.0145 -0.2635 0.374, -0.0101 -0.2624 0.374, -0.0048 -0.2621 0.3828, -0.0049 -0.2611 0.374, -0.0 -0.2611 0.374, 0.0048 -0.2621 0.3828, 0.0049 -0.2611 0.374, 0.0101 -0.2624 0.374, 0.0141 -0.2645 0.3828, 0.0145 -0.2635 0.374, 0.0195 -0.2663 0.374, 0.0226 -0.2691 0.3828, 0.0231 -0.2683 0.374, 0.0276 -0.2725 0.374, 0.0296 -0.2757 0.3828, 0.0303 -0.2751 0.374, 0.0339 -0.2806 0.374, 0.0347 -0.2838 0.3828, 0.0356 -0.2834 0.374, 0.0378 -0.29 0.374, 0.0377 -0.293 0.3828, 0.0387 -0.2928 0.374, 0.0394 -0.3001 0.374, 0.0383 -0.3026 0.3828, 0.0393 -0.3026 0.374, 0.0378 -0.3103 0.374, 0.0365 -0.312 0.3828, 0.0374 -0.3123 0.374, 0.0339 -0.3198 0.374, 0.0324 -0.3207 0.3828, 0.0332 -0.3212 0.374, 0.0277 -0.3279 0.374, 0.0263 -0.3281 0.3828, 0.0269 -0.3288 0.374, 0.0196 -0.3342 0.374, 0.0185 -0.3338 0.3828, 0.019 -0.3347 0.374, 0.0102 -0.3381 0.374, 0.0095 -0.3373 0.3828, 0.0098 -0.3383 0.374, -0.0 -0.3385 0.3828, -0.0 -0.3395 0.374, -0.0098 -0.3383 0.374, 0.0088 -0.3345 0.3911, 0.0171 -0.3312 0.3911, 0.0243 -0.326 0.3911, 0.0299 -0.3192 0.3911, 0.0337 -0.3111 0.3911, 0.0354 -0.3024 0.3911, 0.0348 -0.2935 0.3911, 0.0321 -0.285 0.3911, 0.0273 -0.2775 0.3911, 0.0208 -0.2715 0.3911, 0.013 -0.2672 0.3911, 0.0044 -0.265 0.3911, -0.0045 -0.265 0.3911, -0.0131 -0.2672 0.3911, -0.0209 -0.2715 0.3911, -0.0273 -0.2775 0.3911, -0.0321 -0.285 0.3911, -0.0349 -0.2935 0.3911, -0.0354 -0.3024 0.3911, -0.0337 -0.3111 0.3911, -0.03 -0.3192 0.3911, -0.0243 -0.326 0.3911, -0.0171 -0.3312 0.3911, -0.0088 -0.3345 0.3911, -0.0 -0.3356 0.3911, 0.0076 -0.33 0.3986, 0.0148 -0.3271 0.3986, 0.0211 -0.3226 0.3986, 0.026 -0.3166 0.3986, 0.0293 -0.3097 0.3986, 0.0307 -0.3021 0.3986, 0.0302 -0.2944 0.3986, 0.0278 -0.287 0.3986, 0.0237 -0.2805 0.3986, 0.0181 -0.2752 0.3986, 0.0113 -0.2715 0.3986, 0.0038 -0.2696 0.3986, -0.0039 -0.2696 0.3986, -0.0113 -0.2715 0.3986, -0.0181 -0.2752 0.3986, -0.0237 -0.2805 0.3986, -0.0279 -0.287 0.3986, -0.0302 -0.2944 0.3986, -0.0307 -0.3021 0.3986, -0.0293 -0.3097 0.3986, -0.026 -0.3166 0.3986, -0.0211 -0.3226 0.3986, -0.0148 -0.3271 0.3986, -0.0077 -0.33 0.3986, -0.0 -0.3309 0.3986, 0.0061 -0.3239 0.4048, 0.0118 -0.3217 0.4048, 0.0168 -0.318 0.4048, 0.0207 -0.3133 0.4048, 0.0233 -0.3077 0.4048, 0.0245 -0.3017 0.4048, 0.0241 -0.2956 0.4048, 0.0222 -0.2897 0.4048, 0.0189 -0.2845 0.4048, 0.0144 -0.2803 0.4048, 0.009 -0.2773 0.4048, 0.0031 -0.2758 0.4048, -0.0031 -0.2758 0.4048, -0.009 -0.2773 0.4048, -0.0144 -0.2803 0.4048, -0.0189 -0.2845 0.4048, -0.0222 -0.2897 0.4048, -0.0241 -0.2956 0.4048, -0.0245 -0.3017 0.4048, -0.0234 -0.3077 0.4048, -0.0207 -0.3133 0.4048, -0.0168 -0.318 0.4048, -0.0118 -0.3217 0.4048, -0.0061 -0.3239 0.4048, -0.0 -0.3247 0.4048, 0.0042 -0.3167 0.4095, 0.0082 -0.3151 0.4095, 0.0117 -0.3126 0.4095, 0.0144 -0.3093 0.4095, 0.0162 -0.3054 0.4095, 0.017 -0.3012 0.4095, 0.0168 -0.2969 0.4095, 0.0154 -0.2929 0.4095, 0.0132 -0.2893 0.4095, 0.01 -0.2863 0.4095, 0.0063 -0.2843 0.4095, 0.0021 -0.2832 0.4095, -0.0022 -0.2832 0.4095, -0.0063 -0.2843 0.4095, -0.0101 -0.2863 0.4095, -0.0132 -0.2893 0.4095, -0.0155 -0.2929 0.4095, -0.0168 -0.2969 0.4095, -0.0171 -0.3012 0.4095, -0.0163 -0.3054 0.4095, -0.0144 -0.3093 0.4095, -0.0117 -0.3126 0.4095, -0.0082 -0.3151 0.4095, -0.0043 -0.3167 0.4095, -0.0 -0.3172 0.4095, 0.0339 -0.2801 0.0984, 0.0341 -0.2805 0.0984, 0.0274 -0.2718 0.0984, 0.0278 -0.2723 0.0984, 0.0309 -0.2758 0.0984, 0.0189 -0.2656 0.0984, 0.0196 -0.2661 0.0984, 0.0233 -0.2685 0.0984, 0.0091 -0.2619 0.0984, 0.0102 -0.2622 0.0984, 0.0141 -0.2634 0.0984, -0.0013 -0.2608 0.0984, -0.0 -0.2608 0.0984, 0.0039 -0.261 0.0984, -0.0117 -0.2625 0.0984, -0.0102 -0.2622 0.0984, -0.0066 -0.2613 0.0984, -0.0212 -0.267 0.0984, -0.0197 -0.2661 0.0984, -0.0166 -0.2644 0.0984, -0.0325 -0.2779 0.0984, -0.0292 -0.2737 0.0984, -0.0278 -0.2724 0.0984, -0.0254 -0.2701 0.0984, -0.0372 -0.2872 0.0984, -0.0351 -0.2824 0.0984, -0.034 -0.2805 0.0984, -0.0393 -0.2975 0.0984, -0.0386 -0.2923 0.0984, -0.038 -0.29 0.0984, -0.0386 -0.308 0.0984, -0.0393 -0.3028 0.0984, -0.0393 -0.3001 0.0984, -0.0351 -0.3179 0.0984, -0.0372 -0.3131 0.0984, -0.038 -0.3103 0.0984, -0.0292 -0.3266 0.0984, -0.0325 -0.3224 0.0984, -0.034 -0.3198 0.0984, -0.0212 -0.3333 0.0984, -0.0254 -0.3302 0.0984, -0.0278 -0.3279 0.0984, -0.0117 -0.3378 0.0984, -0.0166 -0.3359 0.0984, -0.0197 -0.3342 0.0984, -0.0 -0.3395 0.0984, -0.0013 -0.3395 0.0984, -0.0066 -0.339 0.0984, -0.0102 -0.3381 0.0984, 0.0039 -0.3393 0.0984, 0.0141 -0.3369 0.0984, 0.0102 -0.3381 0.0984, 0.0091 -0.3384 0.0984, 0.0233 -0.3318 0.0984, 0.0196 -0.3342 0.0984, 0.0189 -0.3347 0.0984, 0.0341 -0.3198 0.0984, 0.0339 -0.3202 0.0984, 0.0309 -0.3245 0.0984, 0.0278 -0.328 0.0984, 0.0274 -0.3284 0.0984, 0.0362 -0.2848 0.0984, 0.038 -0.2897 0.0984, 0.038 -0.29 0.0984, 0.039 -0.2949 0.0984, 0.0394 -0.3001 0.0984, 0.039 -0.3054 0.0984, 0.038 -0.3103 0.0984, 0.038 -0.3106 0.0984, 0.0362 -0.3155 0.0984, 0.0391 -0.2894 0.083, 0.0349 -0.2795 0.083, 0.0282 -0.271 0.083, 0.0195 -0.2646 0.083, 0.0094 -0.2607 0.083, -0.0014 -0.2596 0.083, -0.012 -0.2614 0.083, -0.0218 -0.2659 0.083, -0.0301 -0.2729 0.083, -0.0362 -0.2818 0.083, -0.0398 -0.2921 0.083, -0.0405 -0.3029 0.083, -0.0383 -0.3135 0.083, -0.0335 -0.3231 0.083, -0.0262 -0.3311 0.083, -0.0171 -0.337 0.083, -0.0068 -0.3402 0.083, 0.0041 -0.3405 0.083, 0.0146 -0.338 0.083, 0.0241 -0.3328 0.083, 0.0318 -0.3253 0.083, 0.0374 -0.316 0.083, 0.0402 -0.3056 0.083, 0.1378 -0.3001 0.0, 0.1366 -0.3185 0.0, 0.1224 -0.3001 0.0012, 0.1213 -0.3165 0.0012, 0.1074 -0.3001 0.0048, 0.1064 -0.3145 0.0048, 0.0931 -0.3001 0.0107, 0.0923 -0.3126 0.0107, 0.0799 -0.3001 0.0188, 0.0792 -0.3108 0.0188, 0.0682 -0.3001 0.0288, 0.0676 -0.3092 0.0288, 0.0582 -0.3001 0.0406, 0.0576 -0.3079 0.0406, 0.0501 -0.3001 0.0537, 0.0496 -0.3068 0.0537, 0.0442 -0.3001 0.068, 0.0438 -0.306 0.068, 0.0406 -0.3001 0.083, 0.0391 -0.3109 0.083, 0.0426 -0.3118 0.068, 0.0483 -0.3134 0.0537, 0.0561 -0.3155 0.0406, 0.0658 -0.3182 0.0288, 0.0771 -0.3213 0.0188, 0.0898 -0.3247 0.0107, 0.1036 -0.3285 0.0048, 0.118 -0.3325 0.0012, 0.1329 -0.3366 0.0, 0.1269 -0.3539 0.0, 0.1127 -0.3479 0.0012, 0.0988 -0.3421 0.0048, 0.0857 -0.3365 0.0107, 0.0736 -0.3314 0.0188, 0.0628 -0.3268 0.0288, 0.0535 -0.3229 0.0406, 0.0461 -0.3197 0.0537, 0.0407 -0.3174 0.068, 0.0349 -0.3208 0.083, 0.038 -0.3227 0.068, 0.0431 -0.3257 0.0537, 0.05 -0.3298 0.0406, 0.0587 -0.3349 0.0288, 0.0688 -0.3409 0.0188, 0.0801 -0.3476 0.0107, 0.0924 -0.3549 0.0048, 0.1053 -0.3625 0.0012, 0.1185 -0.3704 0.0, 0.1081 -0.3855 0.0, 0.096 -0.376 0.0012, 0.0843 -0.3667 0.0048, 0.0731 -0.3579 0.0107, 0.0627 -0.3497 0.0188, 0.0535 -0.3424 0.0288, 0.0456 -0.3362 0.0406, 0.0393 -0.3312 0.0537, 0.0347 -0.3275 0.068, 0.0282 -0.3293 0.083, 0.0307 -0.3319 0.068, 0.0348 -0.3362 0.0537, 0.0404 -0.342 0.0406, 0.0474 -0.3492 0.0288, 0.0556 -0.3576 0.0188, 0.0647 -0.3671 0.0107, 0.0746 -0.3773 0.0048, 0.0851 -0.3881 0.0012, 0.0958 -0.3992 0.0, 0.0817 -0.4111 0.0, 0.0726 -0.3987 0.0012, 0.0637 -0.3866 0.0048, 0.0552 -0.3751 0.0107, 0.0474 -0.3645 0.0188, 0.0404 -0.3551 0.0288, 0.0345 -0.347 0.0406, 0.0297 -0.3405 0.0537, 0.0262 -0.3357 0.068, 0.0195 -0.3357 0.083, 0.0212 -0.3389 0.068, 0.0241 -0.3441 0.0537, 0.0279 -0.3512 0.0406, 0.0328 -0.36 0.0288, 0.0384 -0.3703 0.0188, 0.0447 -0.3818 0.0107, 0.0516 -0.3943 0.0048, 0.0588 -0.4075 0.0012, 0.0662 -0.421 0.0, 0.0495 -0.4287 0.0, 0.044 -0.4144 0.0012, 0.0386 -0.4004 0.0048, 0.0335 -0.387 0.0107, 0.0287 -0.3748 0.0188, 0.0245 -0.3638 0.0288, 0.0209 -0.3544 0.0406, 0.018 -0.3469 0.0537, 0.0159 -0.3414 0.068, 0.0094 -0.3396 0.083, 0.0102 -0.3431 0.068, 0.0116 -0.3489 0.0537, 0.0135 -0.3567 0.0406, 0.0158 -0.3665 0.0288, 0.0185 -0.3779 0.0188, 0.0216 -0.3907 0.0107, 0.0249 -0.4046 0.0048, 0.0284 -0.4192 0.0012, 0.0319 -0.4342 0.0, 0.0138 -0.4373 0.0, 0.0122 -0.4219 0.0012, 0.0107 -0.407 0.0048, 0.0093 -0.3928 0.0107, 0.008 -0.3797 0.0188, 0.0068 -0.368 0.0288, 0.0058 -0.358 0.0406, 0.005 -0.35 0.0537, 0.0044 -0.3441 0.068, -0.0014 -0.3407 0.083, -0.0015 -0.3443 0.068, -0.0017 -0.3502 0.0537, -0.002 -0.3583 0.0406, -0.0023 -0.3683 0.0288, -0.0027 -0.38 0.0188, -0.0031 -0.3932 0.0107, -0.0036 -0.4075 0.0048, -0.0041 -0.4225 0.0012, -0.0046 -0.4379 0.0, -0.0229 -0.436 0.0, -0.0204 -0.4208 0.0012, -0.0179 -0.406 0.0048, -0.0155 -0.392 0.0107, -0.0133 -0.379 0.0188, -0.0114 -0.3674 0.0288, -0.0097 -0.3575 0.0406, -0.0083 -0.3495 0.0537, -0.0074 -0.3437 0.068, -0.012 -0.3389 0.083, -0.0131 -0.3424 0.068, -0.0149 -0.348 0.0537, -0.0172 -0.3557 0.0406, -0.0202 -0.3653 0.0288, -0.0237 -0.3765 0.0188, -0.0276 -0.3891 0.0107, -0.0318 -0.4027 0.0048, -0.0363 -0.4171 0.0012, -0.0408 -0.4318 0.0, -0.058 -0.4251 0.0, -0.0515 -0.4112 0.0012, -0.0452 -0.3976 0.0048, -0.0392 -0.3846 0.0107, -0.0337 -0.3727 0.0188, -0.0287 -0.362 0.0288, -0.0245 -0.3529 0.0406, -0.0211 -0.3456 0.0537, -0.0186 -0.3402 0.068, -0.0218 -0.3344 0.083, -0.0238 -0.3374 0.068, -0.027 -0.3424 0.0537, -0.0313 -0.3492 0.0406, -0.0367 -0.3576 0.0288, -0.043 -0.3675 0.0188, -0.0501 -0.3786 0.0107, -0.0578 -0.3907 0.0048, -0.0659 -0.4033 0.0012, -0.0742 -0.4163 0.0, -0.089 -0.4054 0.0, -0.079 -0.3936 0.0012, -0.0693 -0.3822 0.0048, -0.0601 -0.3713 0.0107, -0.0516 -0.3612 0.0188, -0.044 -0.3522 0.0288, -0.0376 -0.3446 0.0406, -0.0324 -0.3384 0.0537, -0.0285 -0.3339 0.068, -0.0301 -0.3274 0.083, -0.0328 -0.3298 0.068, -0.0372 -0.3338 0.0537, -0.0432 -0.3392 0.0406, -0.0506 -0.3459 0.0288, -0.0593 -0.3538 0.0188, -0.0691 -0.3626 0.0107, -0.0796 -0.3722 0.0048, -0.0908 -0.3823 0.0012, -0.1022 -0.3926 0.0, -0.1136 -0.3781 0.0, -0.1009 -0.3694 0.0012, -0.0885 -0.3609 0.0048, -0.0768 -0.3528 0.0107, -0.0659 -0.3454 0.0188, -0.0562 -0.3387 0.0288, -0.048 -0.3331 0.0406, -0.0413 -0.3285 0.0537, -0.0364 -0.3252 0.068, -0.0362 -0.3185 0.083, -0.0394 -0.3201 0.068, -0.0447 -0.3227 0.0537, -0.0519 -0.3264 0.0406, -0.0609 -0.3309 0.0288, -0.0714 -0.3362 0.0188, -0.0831 -0.3421 0.0107, -0.0958 -0.3486 0.0048, -0.1093 -0.3554 0.0012, -0.123 -0.3623 0.0, -0.1302 -0.3454 0.0, -0.1156 -0.3403 0.0012, -0.1014 -0.3354 0.0048, -0.088 -0.3307 0.0107, -0.0755 -0.3264 0.0188, -0.0644 -0.3225 0.0288, -0.055 -0.3192 0.0406, -0.0473 -0.3166 0.0537, -0.0418 -0.3146 0.068, -0.0398 -0.3082 0.083, -0.0433 -0.309 0.068, -0.0491 -0.3101 0.0537, -0.057 -0.3117 0.0406, -0.0668 -0.3137 0.0288, -0.0784 -0.3161 0.0188, -0.0913 -0.3187 0.0107, -0.1052 -0.3215 0.0048, -0.12 -0.3245 0.0012, -0.135 -0.3276 0.0, -0.1375 -0.3094 0.0, -0.1221 -0.3083 0.0012, -0.1072 -0.3073 0.0048, -0.0929 -0.3064 0.0107, -0.0798 -0.3055 0.0188, -0.0681 -0.3047 0.0288, -0.058 -0.304 0.0406, -0.05 -0.3035 0.0537, -0.0441 -0.3031 0.068, -0.0405 -0.2974 0.083, -0.0441 -0.2972 0.068, -0.05 -0.2968 0.0537, -0.058 -0.2963 0.0406, -0.0681 -0.2956 0.0288, -0.0798 -0.2948 0.0188, -0.0929 -0.2939 0.0107, -0.1072 -0.293 0.0048, -0.1221 -0.292 0.0012, -0.1375 -0.2909 0.0, -0.135 -0.2727 0.0, -0.12 -0.2758 0.0012, -0.1052 -0.2788 0.0048, -0.0913 -0.2816 0.0107, -0.0784 -0.2842 0.0188, -0.0668 -0.2866 0.0288, -0.057 -0.2886 0.0406, -0.0491 -0.2902 0.0537, -0.0433 -0.2913 0.068, -0.0383 -0.2868 0.083, -0.0418 -0.2857 0.068, -0.0473 -0.2837 0.0537, -0.055 -0.2811 0.0406, -0.0644 -0.2778 0.0288, -0.0755 -0.2739 0.0188, -0.088 -0.2696 0.0107, -0.1014 -0.2649 0.0048, -0.1156 -0.26 0.0012, -0.1302 -0.2549 0.0, -0.123 -0.238 0.0, -0.1093 -0.2449 0.0012, -0.0958 -0.2517 0.0048, -0.0831 -0.2582 0.0107, -0.0714 -0.2641 0.0188, -0.0609 -0.2694 0.0288, -0.0519 -0.2739 0.0406, -0.0447 -0.2776 0.0537, -0.0394 -0.2802 0.068, -0.0335 -0.2772 0.083, -0.0364 -0.2751 0.068, -0.0413 -0.2718 0.0537, -0.048 -0.2672 0.0406, -0.0562 -0.2616 0.0288, -0.0659 -0.2549 0.0188, -0.0768 -0.2475 0.0107, -0.0885 -0.2394 0.0048, -0.1009 -0.2309 0.0012, -0.1136 -0.2222 0.0, -0.1022 -0.2077 0.0, -0.0908 -0.218 0.0012, -0.0796 -0.2281 0.0048, -0.0691 -0.2377 0.0107, -0.0593 -0.2465 0.0188, -0.0506 -0.2544 0.0288, -0.0432 -0.2611 0.0406, -0.0372 -0.2665 0.0537, -0.0328 -0.2705 0.068, -0.0262 -0.2692 0.083, -0.0285 -0.2664 0.068, -0.0324 -0.2619 0.0537, -0.0376 -0.2557 0.0406, -0.044 -0.2481 0.0288, -0.0516 -0.2391 0.0188, -0.0601 -0.229 0.0107, -0.0693 -0.2181 0.0048, -0.079 -0.2067 0.0012, -0.089 -0.1949 0.0, -0.0742 -0.184 0.0, -0.0659 -0.197 0.0012, -0.0578 -0.2096 0.0048, -0.0501 -0.2217 0.0107, -0.043 -0.2328 0.0188, -0.0367 -0.2427 0.0288, -0.0313 -0.2511 0.0406, -0.027 -0.2579 0.0537, -0.0238 -0.2629 0.068, -0.0171 -0.2633 0.083, -0.0186 -0.2601 0.068, -0.0211 -0.2547 0.0537, -0.0245 -0.2474 0.0406, -0.0287 -0.2383 0.0288, -0.0337 -0.2276 0.0188, -0.0392 -0.2157 0.0107, -0.0452 -0.2027 0.0048, -0.0515 -0.1891 0.0012, -0.058 -0.1752 0.0, -0.0408 -0.1685 0.0, -0.0363 -0.1832 0.0012, -0.0318 -0.1976 0.0048, -0.0276 -0.2112 0.0107, -0.0237 -0.2238 0.0188, -0.0202 -0.235 0.0288, -0.0172 -0.2446 0.0406, -0.0149 -0.2523 0.0537, -0.0131 -0.2579 0.068, -0.0068 -0.2601 0.083, -0.0074 -0.2566 0.068, -0.0083 -0.2507 0.0537, -0.0097 -0.2428 0.0406, -0.0114 -0.2329 0.0288, -0.0133 -0.2213 0.0188, -0.0155 -0.2083 0.0107, -0.0179 -0.1943 0.0048, -0.0204 -0.1795 0.0012, -0.0229 -0.1643 0.0, -0.0046 -0.1624 0.0, -0.0041 -0.1778 0.0012, -0.0036 -0.1928 0.0048, -0.0031 -0.2071 0.0107, -0.0027 -0.2203 0.0188, -0.0023 -0.232 0.0288, -0.002 -0.242 0.0406, -0.0017 -0.2501 0.0537, -0.0015 -0.256 0.068, 0.0041 -0.2598 0.083, 0.0044 -0.2562 0.068, 0.005 -0.2503 0.0537, 0.0058 -0.2423 0.0406, 0.0068 -0.2323 0.0288, 0.008 -0.2206 0.0188, 0.0093 -0.2075 0.0107, 0.0107 -0.1933 0.0048, 0.0122 -0.1784 0.0012, 0.0138 -0.163 0.0, 0.0319 -0.1661 0.0, 0.0284 -0.1811 0.0012, 0.0249 -0.1957 0.0048, 0.0216 -0.2096 0.0107, 0.0185 -0.2224 0.0188, 0.0158 -0.2338 0.0288, 0.0135 -0.2436 0.0406, 0.0116 -0.2514 0.0537, 0.0102 -0.2572 0.068, 0.0146 -0.2623 0.083, 0.0159 -0.2589 0.068, 0.018 -0.2534 0.0537, 0.0209 -0.2459 0.0406, 0.0245 -0.2365 0.0288, 0.0287 -0.2255 0.0188, 0.0335 -0.2133 0.0107, 0.0386 -0.1999 0.0048, 0.044 -0.1859 0.0012, 0.0495 -0.1716 0.0, 0.0662 -0.1793 0.0, 0.0588 -0.1928 0.0012, 0.0516 -0.206 0.0048, 0.0447 -0.2185 0.0107, 0.0384 -0.23 0.0188, 0.0328 -0.2403 0.0288, 0.0279 -0.2491 0.0406, 0.0241 -0.2562 0.0537, 0.0212 -0.2614 0.068, 0.0241 -0.2675 0.083, 0.0262 -0.2646 0.068, 0.0297 -0.2598 0.0537, 0.0345 -0.2533 0.0406, 0.0404 -0.2452 0.0288, 0.0474 -0.2358 0.0188, 0.0552 -0.2252 0.0107, 0.0637 -0.2137 0.0048, 0.0726 -0.2016 0.0012, 0.0817 -0.1892 0.0, 0.0958 -0.2011 0.0, 0.0851 -0.2122 0.0012, 0.0746 -0.223 0.0048, 0.0647 -0.2332 0.0107, 0.0556 -0.2427 0.0188, 0.0474 -0.2511 0.0288, 0.0404 -0.2583 0.0406, 0.0348 -0.2641 0.0537, 0.0307 -0.2684 0.068, 0.0318 -0.275 0.083, 0.0347 -0.2728 0.068, 0.0393 -0.2691 0.0537, 0.0456 -0.2641 0.0406, 0.0535 -0.2579 0.0288, 0.0627 -0.2506 0.0188, 0.0731 -0.2424 0.0107, 0.0843 -0.2336 0.0048, 0.096 -0.2243 0.0012, 0.1081 -0.2148 0.0, 0.1185 -0.2299 0.0, 0.1053 -0.2378 0.0012, 0.0924 -0.2454 0.0048, 0.0801 -0.2527 0.0107, 0.0688 -0.2594 0.0188, 0.0587 -0.2654 0.0288, 0.05 -0.2705 0.0406, 0.0431 -0.2746 0.0537, 0.038 -0.2776 0.068, 0.0374 -0.2843 0.083, 0.0407 -0.2829 0.068, 0.0461 -0.2806 0.0537, 0.0535 -0.2774 0.0406, 0.0628 -0.2735 0.0288, 0.0736 -0.2689 0.0188, 0.0857 -0.2638 0.0107, 0.0988 -0.2582 0.0048, 0.1127 -0.2524 0.0012, 0.1269 -0.2464 0.0, 0.1329 -0.2637 0.0, 0.118 -0.2678 0.0012, 0.1036 -0.2718 0.0048, 0.0898 -0.2756 0.0107, 0.0771 -0.279 0.0188, 0.0658 -0.2821 0.0288, 0.0561 -0.2848 0.0406, 0.0483 -0.2869 0.0537, 0.0426 -0.2885 0.068, 0.0402 -0.2947 0.083, 0.0438 -0.2943 0.068, 0.0496 -0.2935 0.0537, 0.0576 -0.2924 0.0406, 0.0676 -0.2911 0.0288, 0.0792 -0.2895 0.0188, 0.0923 -0.2877 0.0107, 0.1064 -0.2858 0.0048, 0.1213 -0.2838 0.0012, 0.1366 -0.2818 0.0, 0.1181 -0.141 0.0, -0.1181 -0.141 0.0, 0.1181 0.3101 0.0, -0.1181 0.3101 0.0, -0.1415 -0.1613 0.0, -0.1614 -0.1851 0.0, -0.1773 -0.2116 0.0, -0.189 -0.2403 0.0, -0.196 -0.2705 0.0, -0.1982 -0.3014 0.0, 0.1773 -0.2116 0.0, 0.1614 -0.1851 0.0, 0.1415 -0.1613 0.0, 0.0309 -0.4959 0.0, 0.061 -0.4887 0.0, 0.0896 -0.4769 0.0, 0.1161 -0.4608 0.0, 0.1397 -0.4407 0.0, 0.1599 -0.4173 0.0, 0.1762 -0.3909 0.0, -0.1161 -0.4608 0.0, -0.0897 -0.4769 0.0, -0.061 -0.4887 0.0, -0.0309 -0.4959 0.0, -0.0 -0.4984 0.0, -0.1956 -0.3323 0.0, -0.1882 -0.3623 0.0, -0.1762 -0.3909 0.0, -0.1599 -0.4173 0.0, -0.1397 -0.4407 0.0, 0.1882 -0.3623 0.0, 0.1956 -0.3323 0.0, 0.1982 -0.3014 0.0, 0.196 -0.2705 0.0, 0.189 -0.2403 0.0, 0.1181 -0.141 0.0591, 0.1415 -0.1613 0.0591, 0.1614 -0.1851 0.0591, 0.1773 -0.2116 0.0591, 0.189 -0.2403 0.0591, 0.196 -0.2705 0.0591, 0.1982 -0.3014 0.0591, 0.1956 -0.3323 0.0591, 0.1882 -0.3623 0.0591, 0.1762 -0.3909 0.0591, 0.1599 -0.4173 0.0591, 0.1397 -0.4407 0.0591, 0.1161 -0.4608 0.0591, 0.0896 -0.4769 0.0591, 0.061 -0.4887 0.0591, 0.0309 -0.4959 0.0591, -0.0 -0.4984 0.0591, -0.0309 -0.4959 0.0591, -0.061 -0.4887 0.0591, -0.0897 -0.4769 0.0591, -0.1161 -0.4608 0.0591, -0.1397 -0.4407 0.0591, -0.1599 -0.4173 0.0591, -0.1762 -0.3909 0.0591, -0.1882 -0.3623 0.0591, -0.1956 -0.3323 0.0591, -0.1982 -0.3014 0.0591, -0.196 -0.2705 0.0591, -0.189 -0.2403 0.0591, -0.1773 -0.2116 0.0591, -0.1614 -0.1851 0.0591, -0.1415 -0.1613 0.0591, -0.1181 -0.141 0.0591, 0.1181 0.3101 0.0591, -0.1181 0.3101 0.0591, -0.0046 -0.1624 0.0591, 0.0495 -0.1716 0.0591, 0.0319 -0.1661 0.0591, 0.0138 -0.163 0.0591, -0.0742 -0.184 0.0591, -0.058 -0.1752 0.0591, -0.0408 -0.1685 0.0591, -0.0229 -0.1643 0.0591, 0.0662 -0.1793 0.0591, 0.0817 -0.1892 0.0591, 0.0958 -0.2011 0.0591, 0.1081 -0.2148 0.0591, 0.1185 -0.3704 0.0591, 0.1081 -0.3855 0.0591, 0.0958 -0.3992 0.0591, 0.0817 -0.4111 0.0591, 0.0662 -0.421 0.0591, 0.0495 -0.4287 0.0591, 0.1185 -0.2299 0.0591, 0.1269 -0.2464 0.0591, 0.1329 -0.2637 0.0591, 0.1366 -0.2818 0.0591, 0.1378 -0.3001 0.0591, 0.1366 -0.3185 0.0591, 0.1329 -0.3366 0.0591, 0.1269 -0.3539 0.0591, 0.0319 -0.4342 0.0591, 0.0138 -0.4373 0.0591, -0.0046 -0.4379 0.0591, -0.0229 -0.436 0.0591, -0.0408 -0.4318 0.0591, -0.058 -0.4251 0.0591, -0.1375 -0.2909 0.0591, -0.135 -0.2727 0.0591, -0.1302 -0.2549 0.0591, -0.123 -0.238 0.0591, -0.1136 -0.2222 0.0591, -0.1022 -0.2077 0.0591, -0.089 -0.1949 0.0591, -0.0742 -0.4163 0.0591, -0.089 -0.4054 0.0591, -0.1022 -0.3926 0.0591, -0.1136 -0.3781 0.0591, -0.123 -0.3623 0.0591, -0.1302 -0.3454 0.0591, -0.135 -0.3276 0.0591, -0.1375 -0.3094 0.0591, 0.0985 -0.3134 0.0897, 0.0958 -0.322 0.0984, 0.0959 -0.3264 0.0897, 0.0949 -0.3262 0.0984, 0.0915 -0.339 0.0897, 0.0906 -0.3386 0.0984, 0.0885 -0.3428 0.0984, 0.0855 -0.3508 0.0897, 0.0847 -0.3503 0.0984, 0.078 -0.3618 0.0897, 0.0772 -0.3611 0.0984, 0.0769 -0.3615 0.0984, 0.0691 -0.3716 0.0897, 0.0684 -0.3709 0.0984, 0.0612 -0.377 0.0984, 0.059 -0.3802 0.0897, 0.0584 -0.3794 0.0984, 0.0478 -0.3873 0.0897, 0.0473 -0.3865 0.0984, 0.0426 -0.3886 0.0984, 0.0357 -0.3929 0.0897, 0.0354 -0.392 0.0984, 0.023 -0.3969 0.0897, 0.0228 -0.3959 0.0984, 0.0219 -0.396 0.0984, 0.0099 -0.3991 0.0897, 0.0098 -0.3981 0.0984, -0.0 -0.3984 0.0984, -0.0033 -0.3995 0.0897, -0.0033 -0.3985 0.0984, -0.0165 -0.3982 0.0897, -0.0164 -0.3972 0.0984, -0.0219 -0.3959 0.0984, -0.0295 -0.3951 0.0897, -0.0292 -0.3942 0.0984, -0.0419 -0.3903 0.0897, -0.0414 -0.3894 0.0984, -0.0427 -0.3888 0.0984, -0.0535 -0.3839 0.0897, -0.053 -0.3831 0.0984, -0.0613 -0.377 0.0984, -0.0642 -0.3761 0.0897, -0.0636 -0.3753 0.0984, -0.0737 -0.3668 0.0897, -0.073 -0.3662 0.0984, -0.0768 -0.3614 0.0984, -0.082 -0.3564 0.0897, -0.0812 -0.3559 0.0984, -0.0887 -0.345 0.0897, -0.0879 -0.3445 0.0984, -0.0886 -0.3428 0.0984, -0.0939 -0.3328 0.0897, -0.093 -0.3324 0.0984, -0.0958 -0.322 0.0984, -0.0974 -0.32 0.0897, -0.0965 -0.3198 0.0984, -0.0992 -0.3068 0.0897, -0.0982 -0.3067 0.0984, -0.0982 -0.3001 0.0984, -0.0992 -0.2935 0.0897, -0.0982 -0.2936 0.0984, -0.0974 -0.2803 0.0897, -0.0965 -0.2805 0.0984, -0.0958 -0.2783 0.0984, -0.0939 -0.2675 0.0897, -0.093 -0.2679 0.0984, -0.0886 -0.2575 0.0984, -0.0887 -0.2553 0.0897, -0.0879 -0.2558 0.0984, -0.082 -0.2439 0.0897, -0.0812 -0.2444 0.0984, -0.0737 -0.2335 0.0897, -0.0768 -0.2389 0.0984, -0.073 -0.2341 0.0984, -0.0642 -0.2242 0.0897, -0.0636 -0.225 0.0984, -0.0613 -0.2233 0.0984, -0.0535 -0.2164 0.0897, -0.053 -0.2172 0.0984, -0.0427 -0.2115 0.0984, -0.0419 -0.21 0.0897, -0.0414 -0.2109 0.0984, -0.0295 -0.2052 0.0897, -0.0292 -0.2061 0.0984, -0.0165 -0.2021 0.0897, -0.0219 -0.2044 0.0984, -0.0164 -0.2031 0.0984, -0.0033 -0.2008 0.0897, -0.0033 -0.2018 0.0984, -0.0 -0.2019 0.0984, 0.0099 -0.2012 0.0897, 0.0098 -0.2022 0.0984, 0.0219 -0.2042 0.0984, 0.023 -0.2034 0.0897, 0.0228 -0.2044 0.0984, 0.0357 -0.2074 0.0897, 0.0354 -0.2083 0.0984, 0.0478 -0.213 0.0897, 0.0426 -0.2117 0.0984, 0.0473 -0.2138 0.0984, 0.059 -0.2201 0.0897, 0.0584 -0.2209 0.0984, 0.0612 -0.2233 0.0984, 0.0691 -0.2287 0.0897, 0.0684 -0.2294 0.0984, 0.0769 -0.2388 0.0984, 0.078 -0.2385 0.0897, 0.0772 -0.2392 0.0984, 0.0855 -0.2495 0.0897, 0.0847 -0.25 0.0984, 0.0885 -0.2575 0.0984, 0.0915 -0.2613 0.0897, 0.0906 -0.2617 0.0984, 0.0959 -0.2739 0.0897, 0.0949 -0.2741 0.0984, 0.0958 -0.2783 0.0984, 0.0985 -0.2869 0.0897, 0.0975 -0.287 0.0984, 0.0994 -0.3001 0.0897, 0.0984 -0.3001 0.0984, 0.0975 -0.3133 0.0984, 0.1014 -0.2865 0.0813, 0.0987 -0.2731 0.0813, 0.0942 -0.2602 0.0813, 0.088 -0.248 0.0813, 0.0803 -0.2367 0.0813, 0.0711 -0.2266 0.0813, 0.0607 -0.2178 0.0813, 0.0492 -0.2104 0.0813, 0.0368 -0.2047 0.0813, 0.0237 -0.2006 0.0813, 0.0102 -0.1983 0.0813, -0.0034 -0.1979 0.0813, -0.017 -0.1993 0.0813, -0.0303 -0.2024 0.0813, -0.0431 -0.2073 0.0813, -0.0551 -0.2139 0.0813, -0.0661 -0.222 0.0813, -0.0759 -0.2315 0.0813, -0.0844 -0.2422 0.0813, -0.0913 -0.254 0.0813, -0.0967 -0.2666 0.0813, -0.1003 -0.2798 0.0813, -0.1021 -0.2933 0.0813, -0.1021 -0.307 0.0813, -0.1003 -0.3205 0.0813, -0.0967 -0.3337 0.0813, -0.0913 -0.3463 0.0813, -0.0844 -0.3581 0.0813, -0.0759 -0.3688 0.0813, -0.0661 -0.3783 0.0813, -0.0551 -0.3864 0.0813, -0.0431 -0.393 0.0813, -0.0303 -0.3979 0.0813, -0.017 -0.401 0.0813, -0.0034 -0.4024 0.0813, 0.0102 -0.402 0.0813, 0.0237 -0.3997 0.0813, 0.0368 -0.3956 0.0813, 0.0492 -0.3899 0.0813, 0.0607 -0.3825 0.0813, 0.0711 -0.3737 0.0813, 0.0803 -0.3636 0.0813, 0.088 -0.3523 0.0813, 0.0942 -0.3401 0.0813, 0.0987 -0.3272 0.0813, 0.1014 -0.3138 0.0813, 0.1023 -0.3001 0.0813, 0.106 -0.2859 0.0739, 0.1032 -0.2719 0.0739, 0.0985 -0.2584 0.0739, 0.0921 -0.2456 0.0739, 0.084 -0.2338 0.0739, 0.0744 -0.2232 0.0739, 0.0635 -0.214 0.0739, 0.0514 -0.2063 0.0739, 0.0385 -0.2003 0.0739, 0.0248 -0.1961 0.0739, 0.0107 -0.1937 0.0739, -0.0036 -0.1932 0.0739, -0.0178 -0.1946 0.0739, -0.0317 -0.1979 0.0739, -0.0451 -0.2031 0.0739, -0.0576 -0.2099 0.0739, -0.0691 -0.2184 0.0739, -0.0794 -0.2284 0.0739, -0.0882 -0.2396 0.0739, -0.0955 -0.2519 0.0739, -0.1011 -0.265 0.0739, -0.1049 -0.2788 0.0739, -0.1068 -0.293 0.0739, -0.1068 -0.3073 0.0739, -0.1049 -0.3215 0.0739, -0.1011 -0.3353 0.0739, -0.0955 -0.3484 0.0739, -0.0882 -0.3607 0.0739, -0.0794 -0.3719 0.0739, -0.0691 -0.3819 0.0739, -0.0576 -0.3904 0.0739, -0.0451 -0.3972 0.0739, -0.0317 -0.4024 0.0739, -0.0178 -0.4057 0.0739, -0.0036 -0.4071 0.0739, 0.0107 -0.4066 0.0739, 0.0248 -0.4042 0.0739, 0.0385 -0.4 0.0739, 0.0514 -0.394 0.0739, 0.0635 -0.3863 0.0739, 0.0744 -0.3771 0.0739, 0.084 -0.3665 0.0739, 0.0921 -0.3547 0.0739, 0.0985 -0.3419 0.0739, 0.1032 -0.3284 0.0739, 0.106 -0.3144 0.0739, 0.107 -0.3001 0.0739, 0.1122 -0.2851 0.0676, 0.1092 -0.2702 0.0676, 0.1043 -0.2559 0.0676, 0.0974 -0.2424 0.0676, 0.0889 -0.23 0.0676, 0.0787 -0.2187 0.0676, 0.0672 -0.209 0.0676, 0.0544 -0.2008 0.0676, 0.0407 -0.1945 0.0676, 0.0262 -0.19 0.0676, 0.0113 -0.1875 0.0676, -0.0038 -0.187 0.0676, -0.0188 -0.1885 0.0676, -0.0336 -0.192 0.0676, -0.0477 -0.1974 0.0676, -0.0609 -0.2047 0.0676, -0.0731 -0.2137 0.0676, -0.084 -0.2242 0.0676, -0.0934 -0.2361 0.0676, -0.1011 -0.2491 0.0676, -0.107 -0.263 0.0676, -0.111 -0.2776 0.0676, -0.113 -0.2926 0.0676, -0.113 -0.3077 0.0676, -0.111 -0.3227 0.0676, -0.107 -0.3373 0.0676, -0.1011 -0.3512 0.0676, -0.0934 -0.3642 0.0676, -0.084 -0.3761 0.0676, -0.0731 -0.3866 0.0676, -0.0609 -0.3956 0.0676, -0.0477 -0.4029 0.0676, -0.0336 -0.4083 0.0676, -0.0188 -0.4118 0.0676, -0.0038 -0.4133 0.0676, 0.0113 -0.4128 0.0676, 0.0262 -0.4103 0.0676, 0.0407 -0.4058 0.0676, 0.0544 -0.3995 0.0676, 0.0672 -0.3913 0.0676, 0.0787 -0.3816 0.0676, 0.0889 -0.3703 0.0676, 0.0974 -0.3579 0.0676, 0.1043 -0.3444 0.0676, 0.1092 -0.3301 0.0676, 0.1122 -0.3152 0.0676, 0.1132 -0.3001 0.0676, 0.1196 -0.2841 0.063, 0.1164 -0.2683 0.063, 0.1111 -0.253 0.063, 0.1039 -0.2386 0.063, 0.0947 -0.2253 0.063, 0.0839 -0.2134 0.063, 0.0716 -0.203 0.063, 0.058 -0.1943 0.063, 0.0434 -0.1875 0.063, 0.028 -0.1827 0.063, 0.0121 -0.18 0.063, -0.004 -0.1795 0.063, -0.0201 -0.1811 0.063, -0.0358 -0.1849 0.063, -0.0508 -0.1907 0.063, -0.065 -0.1984 0.063, -0.0779 -0.208 0.063, -0.0895 -0.2192 0.063, -0.0995 -0.2318 0.063, -0.1077 -0.2457 0.063, -0.114 -0.2606 0.063, -0.1183 -0.2761 0.063, -0.1205 -0.2921 0.063, -0.1205 -0.3082 0.063, -0.1183 -0.3242 0.063, -0.114 -0.3397 0.063, -0.1077 -0.3546 0.063, -0.0995 -0.3685 0.063, -0.0895 -0.3811 0.063, -0.0779 -0.3923 0.063, -0.065 -0.4019 0.063, -0.0508 -0.4096 0.063, -0.0358 -0.4154 0.063, -0.0201 -0.4192 0.063, -0.004 -0.4208 0.063, 0.0121 -0.4203 0.063, 0.028 -0.4176 0.063, 0.0434 -0.4128 0.063, 0.058 -0.406 0.063, 0.0716 -0.3973 0.063, 0.0839 -0.3869 0.063, 0.0947 -0.375 0.063, 0.1039 -0.3617 0.063, 0.1111 -0.3473 0.063, 0.1164 -0.332 0.063, 0.1196 -0.3162 0.063, 0.1207 -0.3001 0.063, 0.1279 -0.283 0.06, 0.1244 -0.2661 0.06, 0.1188 -0.2498 0.06, 0.111 -0.2344 0.06, 0.1013 -0.2202 0.06, 0.0897 -0.2074 0.06, 0.0765 -0.1963 0.06, 0.062 -0.187 0.06, 0.0464 -0.1797 0.06, 0.0299 -0.1746 0.06, 0.0129 -0.1718 0.06, -0.0043 -0.1712 0.06, -0.0215 -0.1729 0.06, -0.0382 -0.1769 0.06, -0.0543 -0.1831 0.06, -0.0694 -0.1914 0.06, -0.0833 -0.2016 0.06, -0.0957 -0.2136 0.06, -0.1064 -0.2271 0.06, -0.1152 -0.242 0.06, -0.1219 -0.2578 0.06, -0.1265 -0.2744 0.06, -0.1288 -0.2915 0.06, -0.1288 -0.3088 0.06, -0.1265 -0.3259 0.06, -0.1219 -0.3425 0.06, -0.1152 -0.3583 0.06, -0.1064 -0.3732 0.06, -0.0957 -0.3867 0.06, -0.0833 -0.3987 0.06, -0.0694 -0.4089 0.06, -0.0543 -0.4172 0.06, -0.0382 -0.4234 0.06, -0.0215 -0.4274 0.06, -0.0043 -0.4291 0.06, 0.0129 -0.4285 0.06, 0.0299 -0.4257 0.06, 0.0464 -0.4206 0.06, 0.062 -0.4133 0.06, 0.0765 -0.404 0.06, 0.0897 -0.3929 0.06, 0.1013 -0.3801 0.06, 0.111 -0.3659 0.06, 0.1188 -0.3505 0.06, 0.1244 -0.3342 0.06, 0.1279 -0.3173 0.06, 0.129 -0.3001 0.06, 0.0885 -0.3428 0.374, 0.0877 -0.3448 0.374, 0.0796 -0.358 0.374, 0.0768 -0.3614 0.374, 0.0696 -0.3697 0.374, 0.0612 -0.3769 0.374, 0.0578 -0.3798 0.374, 0.0447 -0.3878 0.374, 0.0426 -0.3887 0.374, -0.0154 -0.3974 0.374, -0.0 -0.3986 0.374, 0.0154 -0.3974 0.374, 0.0218 -0.3958 0.374, 0.0304 -0.3938 0.374, -0.0696 -0.3697 0.374, -0.0612 -0.3769 0.374, -0.0579 -0.3798 0.374, -0.0447 -0.3878 0.374, -0.0427 -0.3887 0.374, -0.0304 -0.3938 0.374, -0.0218 -0.3958 0.374, -0.0984 -0.3001 0.374, -0.0972 -0.3155 0.374, -0.0957 -0.322 0.374, -0.0936 -0.3306 0.374, -0.0886 -0.3428 0.374, -0.0877 -0.3448 0.374, -0.0796 -0.358 0.374, -0.0768 -0.3614 0.374, -0.0957 -0.2783 0.374, -0.0972 -0.2848 0.374, -0.0612 -0.2234 0.374, -0.0696 -0.2306 0.374, -0.0768 -0.2389 0.374, -0.0796 -0.2423 0.374, -0.0877 -0.2555 0.374, -0.0886 -0.2575 0.374, -0.0936 -0.2697 0.374, -0.0579 -0.2205 0.374, -0.0447 -0.2125 0.374, -0.0427 -0.2116 0.374, -0.0304 -0.2065 0.374, -0.0 -0.2017 0.374, -0.0154 -0.2029 0.374, -0.0218 -0.2045 0.374, 0.0304 -0.2065 0.374, 0.0218 -0.2045 0.374, 0.0154 -0.2029 0.374, 0.0957 -0.2783 0.374, 0.0936 -0.2697 0.374, 0.0885 -0.2575 0.374, 0.0877 -0.2555 0.374, 0.0796 -0.2423 0.374, 0.0768 -0.2389 0.374, 0.0696 -0.2306 0.374, 0.0612 -0.2234 0.374, 0.0578 -0.2205 0.374, 0.0447 -0.2125 0.374, 0.0426 -0.2116 0.374, 0.0936 -0.3306 0.374, 0.0957 -0.322 0.374, 0.0972 -0.3155 0.374, 0.0984 -0.3001 0.374, 0.0972 -0.2848 0.374, 0.03 -0.3926 0.3894, 0.0441 -0.3868 0.3894, 0.0687 -0.3689 0.3894, 0.0786 -0.3573 0.3894, 0.0924 -0.3302 0.3894, 0.096 -0.3154 0.3894, 0.0924 -0.2701 0.3894, 0.0866 -0.256 0.3894, 0.0687 -0.2314 0.3894, 0.0571 -0.2215 0.3894, 0.03 -0.2077 0.3894, 0.0152 -0.2041 0.3894, -0.0301 -0.2077 0.3894, -0.0441 -0.2135 0.3894, -0.0688 -0.2314 0.3894, -0.0787 -0.243 0.3894, -0.0925 -0.2701 0.3894, -0.096 -0.2849 0.3894, -0.0925 -0.3302 0.3894, -0.0866 -0.3443 0.3894, -0.0688 -0.3689 0.3894, -0.0572 -0.3788 0.3894, -0.0271 -0.314 0.4676, -0.0137 -0.3071 0.4712, -0.0147 -0.3049 0.4712, -0.0 -0.3001 0.4724, -0.0125 -0.3092 0.4712, -0.0246 -0.318 0.4676, -0.0362 -0.3264 0.4617, -0.0109 -0.311 0.4712, -0.0215 -0.3217 0.4676, -0.0316 -0.3317 0.4617, -0.0409 -0.3411 0.4536, -0.0091 -0.3126 0.4712, -0.0179 -0.3248 0.4676, -0.0263 -0.3363 0.4617, -0.034 -0.347 0.4536, -0.0409 -0.3565 0.4436, -0.007 -0.3139 0.4712, -0.0138 -0.3272 0.4676, -0.0203 -0.34 0.4617, -0.0263 -0.3517 0.4536, -0.0316 -0.3622 0.4436, -0.0362 -0.3711 0.4319, -0.0048 -0.3148 0.4712, -0.0094 -0.3291 0.4676, -0.0138 -0.3426 0.4617, -0.0179 -0.3552 0.4536, -0.0215 -0.3663 0.4436, -0.0246 -0.3759 0.4319, -0.0271 -0.3836 0.4187, -0.0024 -0.3154 0.4712, -0.0048 -0.3302 0.4676, -0.007 -0.3443 0.4617, -0.0091 -0.3573 0.4536, -0.0109 -0.3689 0.4436, -0.0125 -0.3788 0.4319, -0.0137 -0.3868 0.4187, -0.0147 -0.3926 0.4044, -0.0 -0.3155 0.4712, -0.0 -0.3306 0.4676, -0.0 -0.3448 0.4617, -0.0 -0.358 0.4536, -0.0 -0.3697 0.4436, -0.0 -0.3798 0.4319, -0.0 -0.3878 0.4187, -0.0 -0.3938 0.4044, -0.0 -0.3974 0.3894, -0.0289 -0.3892 0.4044, -0.0301 -0.3926 0.3894, -0.0152 -0.3962 0.3894, -0.0441 -0.3868 0.3894, -0.0425 -0.3836 0.4044, -0.0398 -0.3783 0.4187, -0.055 -0.3759 0.4044, -0.0516 -0.3711 0.4187, -0.0468 -0.3646 0.4319, -0.0662 -0.3663 0.4044, -0.062 -0.3622 0.4187, -0.0563 -0.3565 0.4319, -0.0492 -0.3494 0.4436, -0.0787 -0.3573 0.3894, -0.0757 -0.3552 0.4044, -0.071 -0.3517 0.4187, -0.0644 -0.347 0.4319, -0.0563 -0.3411 0.4436, -0.0468 -0.3342 0.4536, -0.0834 -0.3426 0.4044, -0.0781 -0.34 0.4187, -0.071 -0.3363 0.4319, -0.062 -0.3317 0.4436, -0.0516 -0.3264 0.4536, -0.0398 -0.3204 0.4617, -0.089 -0.3291 0.4044, -0.0834 -0.3272 0.4187, -0.0757 -0.3248 0.4319, -0.0662 -0.3217 0.4436, -0.055 -0.318 0.4536, -0.0425 -0.314 0.4617, -0.0289 -0.3095 0.4676, -0.096 -0.3154 0.3894, -0.0925 -0.3148 0.4044, -0.0866 -0.3139 0.4187, -0.0787 -0.3126 0.4319, -0.0688 -0.311 0.4436, -0.0572 -0.3092 0.4536, -0.0441 -0.3071 0.4617, -0.0301 -0.3049 0.4676, -0.0152 -0.3026 0.4712, -0.0154 -0.3001 0.4712, -0.0304 -0.3001 0.4676, -0.0447 -0.3001 0.4617, -0.0579 -0.3001 0.4536, -0.0696 -0.3001 0.4436, -0.0796 -0.3001 0.4319, -0.0877 -0.3001 0.4187, -0.0936 -0.3001 0.4044, -0.0972 -0.3001 0.3894, -0.0925 -0.2855 0.4044, -0.0866 -0.2864 0.4187, -0.0787 -0.2877 0.4319, -0.0688 -0.2893 0.4436, -0.0572 -0.2911 0.4536, -0.0441 -0.2932 0.4617, -0.0301 -0.2954 0.4676, -0.0152 -0.2977 0.4712, -0.089 -0.2712 0.4044, -0.0834 -0.273 0.4187, -0.0757 -0.2755 0.4319, -0.0662 -0.2786 0.4436, -0.055 -0.2823 0.4536, -0.0425 -0.2863 0.4617, -0.0289 -0.2908 0.4676, -0.0147 -0.2954 0.4712, -0.0866 -0.256 0.3894, -0.0834 -0.2577 0.4044, -0.0781 -0.2603 0.4187, -0.071 -0.264 0.4319, -0.062 -0.2686 0.4436, -0.0516 -0.2739 0.4536, -0.0398 -0.2799 0.4617, -0.0271 -0.2863 0.4676, -0.0137 -0.2932 0.4712, -0.0757 -0.2451 0.4044, -0.071 -0.2486 0.4187, -0.0644 -0.2533 0.4319, -0.0563 -0.2592 0.4436, -0.0468 -0.2661 0.4536, -0.0362 -0.2739 0.4617, -0.0246 -0.2823 0.4676, -0.0125 -0.2911 0.4712, -0.0662 -0.234 0.4044, -0.062 -0.2381 0.4187, -0.0563 -0.2438 0.4319, -0.0492 -0.2509 0.4436, -0.0409 -0.2592 0.4536, -0.0316 -0.2686 0.4617, -0.0215 -0.2786 0.4676, -0.0109 -0.2893 0.4712, -0.0572 -0.2215 0.3894, -0.055 -0.2244 0.4044, -0.0516 -0.2292 0.4187, -0.0468 -0.2357 0.4319, -0.0409 -0.2438 0.4436, -0.034 -0.2533 0.4536, -0.0263 -0.264 0.4617, -0.0179 -0.2755 0.4676, -0.0091 -0.2877 0.4712, -0.0425 -0.2167 0.4044, -0.0398 -0.222 0.4187, -0.0362 -0.2292 0.4319, -0.0316 -0.2381 0.4436, -0.0263 -0.2486 0.4536, -0.0203 -0.2603 0.4617, -0.0138 -0.273 0.4676, -0.007 -0.2864 0.4712, -0.0289 -0.2111 0.4044, -0.0271 -0.2167 0.4187, -0.0246 -0.2244 0.4319, -0.0215 -0.234 0.4436, -0.0179 -0.2451 0.4536, -0.0138 -0.2577 0.4617, -0.0094 -0.2712 0.4676, -0.0048 -0.2855 0.4712, -0.0152 -0.2041 0.3894, -0.0147 -0.2077 0.4044, -0.0137 -0.2135 0.4187, -0.0125 -0.2215 0.4319, -0.0109 -0.2314 0.4436, -0.0091 -0.243 0.4536, -0.007 -0.256 0.4617, -0.0048 -0.2701 0.4676, -0.0024 -0.2849 0.4712, -0.0 -0.2029 0.3894, -0.0 -0.2065 0.4044, -0.0 -0.2125 0.4187, -0.0 -0.2205 0.4319, -0.0 -0.2306 0.4436, -0.0 -0.2423 0.4536, -0.0 -0.2555 0.4617, -0.0 -0.2697 0.4676, -0.0 -0.2848 0.4712, 0.0146 -0.2077 0.4044, 0.0137 -0.2135 0.4187, 0.0124 -0.2215 0.4319, 0.0109 -0.2314 0.4436, 0.009 -0.243 0.4536, 0.007 -0.256 0.4617, 0.0047 -0.2701 0.4676, 0.0024 -0.2849 0.4712, 0.0289 -0.2111 0.4044, 0.0271 -0.2167 0.4187, 0.0246 -0.2244 0.4319, 0.0215 -0.234 0.4436, 0.0179 -0.2451 0.4536, 0.0138 -0.2577 0.4617, 0.0094 -0.2712 0.4676, 0.0047 -0.2855 0.4712, 0.0441 -0.2135 0.3894, 0.0425 -0.2167 0.4044, 0.0398 -0.222 0.4187, 0.0361 -0.2292 0.4319, 0.0316 -0.2381 0.4436, 0.0263 -0.2486 0.4536, 0.0203 -0.2603 0.4617, 0.0138 -0.273 0.4676, 0.007 -0.2864 0.4712, 0.055 -0.2244 0.4044, 0.0515 -0.2292 0.4187, 0.0468 -0.2357 0.4319, 0.0409 -0.2438 0.4436, 0.034 -0.2533 0.4536, 0.0263 -0.264 0.4617, 0.0179 -0.2755 0.4676, 0.009 -0.2877 0.4712, 0.0662 -0.234 0.4044, 0.062 -0.2381 0.4187, 0.0563 -0.2438 0.4319, 0.0492 -0.2509 0.4436, 0.0409 -0.2592 0.4536, 0.0316 -0.2686 0.4617, 0.0215 -0.2786 0.4676, 0.0109 -0.2893 0.4712, 0.0786 -0.243 0.3894, 0.0757 -0.2451 0.4044, 0.0709 -0.2486 0.4187, 0.0644 -0.2533 0.4319, 0.0563 -0.2592 0.4436, 0.0468 -0.2661 0.4536, 0.0361 -0.2739 0.4617, 0.0246 -0.2823 0.4676, 0.0124 -0.2911 0.4712, 0.0834 -0.2577 0.4044, 0.0781 -0.2603 0.4187, 0.0709 -0.264 0.4319, 0.062 -0.2686 0.4436, 0.0515 -0.2739 0.4536, 0.0398 -0.2799 0.4617, 0.0271 -0.2863 0.4676, 0.0137 -0.2932 0.4712, 0.089 -0.2712 0.4044, 0.0834 -0.273 0.4187, 0.0757 -0.2755 0.4319, 0.0662 -0.2786 0.4436, 0.055 -0.2823 0.4536, 0.0425 -0.2863 0.4617, 0.0289 -0.2908 0.4676, 0.0146 -0.2954 0.4712, 0.096 -0.2849 0.3894, 0.0924 -0.2855 0.4044, 0.0866 -0.2864 0.4187, 0.0786 -0.2877 0.4319, 0.0687 -0.2893 0.4436, 0.0571 -0.2911 0.4536, 0.0441 -0.2932 0.4617, 0.03 -0.2954 0.4676, 0.0152 -0.2977 0.4712, 0.0972 -0.3001 0.3894, 0.0936 -0.3001 0.4044, 0.0877 -0.3001 0.4187, 0.0796 -0.3001 0.4319, 0.0696 -0.3001 0.4436, 0.0578 -0.3001 0.4536, 0.0447 -0.3001 0.4617, 0.0304 -0.3001 0.4676, 0.0154 -0.3001 0.4712, 0.0924 -0.3148 0.4044, 0.0866 -0.3139 0.4187, 0.0786 -0.3126 0.4319, 0.0687 -0.311 0.4436, 0.0571 -0.3092 0.4536, 0.0441 -0.3071 0.4617, 0.03 -0.3049 0.4676, 0.0152 -0.3026 0.4712, 0.089 -0.3291 0.4044, 0.0834 -0.3272 0.4187, 0.0757 -0.3248 0.4319, 0.0662 -0.3217 0.4436, 0.055 -0.318 0.4536, 0.0425 -0.314 0.4617, 0.0289 -0.3095 0.4676, 0.0146 -0.3049 0.4712, 0.0866 -0.3443 0.3894, 0.0834 -0.3426 0.4044, 0.0781 -0.34 0.4187, 0.0709 -0.3363 0.4319, 0.062 -0.3317 0.4436, 0.0515 -0.3264 0.4536, 0.0398 -0.3204 0.4617, 0.0271 -0.314 0.4676, 0.0137 -0.3071 0.4712, 0.0757 -0.3552 0.4044, 0.0709 -0.3517 0.4187, 0.0644 -0.347 0.4319, 0.0563 -0.3411 0.4436, 0.0468 -0.3342 0.4536, 0.0361 -0.3264 0.4617, 0.0246 -0.318 0.4676, 0.0124 -0.3092 0.4712, 0.0662 -0.3663 0.4044, 0.062 -0.3622 0.4187, 0.0563 -0.3565 0.4319, 0.0492 -0.3494 0.4436, 0.0409 -0.3411 0.4536, 0.0316 -0.3317 0.4617, 0.0215 -0.3217 0.4676, 0.0109 -0.311 0.4712, 0.0571 -0.3788 0.3894, 0.055 -0.3759 0.4044, 0.0515 -0.3711 0.4187, 0.0468 -0.3646 0.4319, 0.0409 -0.3565 0.4436, 0.034 -0.347 0.4536, 0.0263 -0.3363 0.4617, 0.0179 -0.3248 0.4676, 0.009 -0.3126 0.4712, 0.0425 -0.3836 0.4044, 0.0398 -0.3783 0.4187, 0.0361 -0.3711 0.4319, 0.0316 -0.3622 0.4436, 0.0263 -0.3517 0.4536, 0.0203 -0.34 0.4617, 0.0138 -0.3272 0.4676, 0.007 -0.3139 0.4712, 0.0289 -0.3892 0.4044, 0.0271 -0.3836 0.4187, 0.0246 -0.3759 0.4319, 0.0215 -0.3663 0.4436, 0.0179 -0.3552 0.4536, 0.0138 -0.3426 0.4617, 0.0094 -0.3291 0.4676, 0.0047 -0.3148 0.4712, 0.0152 -0.3962 0.3894, 0.0146 -0.3926 0.4044, 0.0137 -0.3868 0.4187, 0.0124 -0.3788 0.4319, 0.0109 -0.3689 0.4436, 0.009 -0.3573 0.4536, 0.007 -0.3443 0.4617, 0.0047 -0.3302 0.4676, 0.0024 -0.3154 0.4712, 0.1181 -0.7372 0.0591, 0.1181 -0.9104 0.0591, -0.076 -0.7065 0.0591, -0.1181 -0.9104 0.0591, -0.1181 -0.7372 0.0591, 0.0565 0.1491 0.0591, 0.0381 0.1115 0.0591, -0.0 0.1526 0.0591, -0.0 0.1132 0.0591, -0.0565 0.1491 0.0591, 0.2172 0.0971 0.0591, 0.1843 0.0699 0.0591, 0.166 0.1211 0.0591, 0.1493 0.0853 0.0591, 0.1121 0.1385 0.0591, 0.1131 0.0975 0.0591, 0.0759 0.1062 0.0591, -0.0382 -0.7118 0.0591, -0.0 -0.7135 0.0591, 0.0381 -0.7118 0.0591, 0.4298 -0.1579 0.0591, 0.3855 -0.1508 0.0591, 0.4087 -0.1054 0.0591, 0.37 -0.1159 0.0591, 0.3812 -0.0559 0.0591, 0.3515 -0.0825 0.0591, 0.3477 -0.0102 0.0591, -0.3517 -0.5853 0.0591, -0.3055 -0.5786 0.0591, -0.3134 -0.627 0.0591, -0.2785 -0.6056 0.0591, -0.2701 -0.6635 0.0591, -0.2491 -0.63 0.0591, -0.2227 -0.6944 0.0591, -0.2176 -0.6516 0.0591, -0.1843 -0.6702 0.0591, -0.1717 -0.7191 0.0591, -0.1493 -0.6856 0.0591, -0.1131 -0.6978 0.0591, 0.0759 -0.7065 0.0591, 0.1131 -0.6978 0.0591, 0.1717 -0.7191 0.0591, 0.1493 -0.6856 0.0591, 0.2227 -0.6944 0.0591, 0.4113 -0.4893 0.0591, 0.3855 -0.4495 0.0591, 0.4317 -0.4365 0.0591, 0.3976 -0.4133 0.0591, 0.4454 -0.3816 0.0591, 0.4063 -0.3761 0.0591, 0.452 -0.3254 0.0591, 0.4116 -0.3383 0.0591, 0.4134 -0.3001 0.0591, 0.4517 -0.2688 0.0591, 0.4116 -0.262 0.0591, 0.4442 -0.2126 0.0591, 0.4063 -0.2242 0.0591, 0.3976 -0.187 0.0591, 0.3299 -0.051 0.0591, 0.3055 -0.0217 0.0591, 0.3088 0.0309 0.0591, 0.2785 0.0053 0.0591, 0.2651 0.0669 0.0591, 0.2491 0.0297 0.0591, 0.2176 0.0513 0.0591, -0.0382 0.1115 0.0591, -0.076 0.1062 0.0591, -0.1121 0.1385 0.0591, -0.1131 0.0975 0.0591, -0.166 0.1211 0.0591, -0.1493 0.0853 0.0591, -0.2173 0.0971 0.0591, -0.1843 0.0699 0.0591, -0.2176 0.0513 0.0591, -0.2651 0.0669 0.0591, -0.2491 0.0297 0.0591, -0.3089 0.0309 0.0591, -0.2785 0.0053 0.0591, -0.3478 -0.0102 0.0591, -0.4113 -0.4893 0.0591, -0.3701 -0.4844 0.0591, -0.3845 -0.5392 0.0591, -0.3515 -0.5178 0.0591, -0.3299 -0.5493 0.0591, 0.1843 -0.6702 0.0591, 0.2176 -0.6516 0.0591, 0.2701 -0.6635 0.0591, 0.2491 -0.63 0.0591, 0.3133 -0.627 0.0591, 0.2785 -0.6056 0.0591, 0.3517 -0.5853 0.0591, 0.3055 -0.5786 0.0591, 0.3299 -0.5493 0.0591, 0.3845 -0.5392 0.0591, 0.3515 -0.5178 0.0591, 0.37 -0.4844 0.0591, -0.3055 -0.0217 0.0591, -0.3299 -0.051 0.0591, -0.3812 -0.0559 0.0591, -0.3515 -0.0825 0.0591, -0.4087 -0.1054 0.0591, -0.3701 -0.1159 0.0591, -0.4298 -0.1579 0.0591, -0.3855 -0.1508 0.0591, -0.3976 -0.187 0.0591, -0.4442 -0.2126 0.0591, -0.4064 -0.2242 0.0591, -0.4517 -0.2688 0.0591, -0.4116 -0.262 0.0591, -0.4521 -0.3254 0.0591, -0.4134 -0.3001 0.0591, -0.4116 -0.3383 0.0591, -0.4454 -0.3816 0.0591, -0.4064 -0.3761 0.0591, -0.4317 -0.4365 0.0591, -0.3976 -0.4133 0.0591, -0.3855 -0.4495 0.0591, -0.1181 -0.9104 0.1181, 0.1181 -0.9104 0.1181, 0.0381 -0.7118 0.1181, 0.1181 -0.7372 0.1181, 0.0759 -0.7065 0.1181, -0.0 -0.7135 0.1181, -0.0382 -0.7118 0.1181, -0.1181 -0.7372 0.1181, 0.1843 -0.6702 0.1181, 0.1493 -0.6856 0.1181, 0.1131 -0.6978 0.1181, -0.0565 0.1491 0.1181, -0.0382 0.1115 0.1181, -0.0 0.1526 0.1181, -0.0 0.1132 0.1181, 0.0565 0.1491 0.1181, 0.0381 0.1115 0.1181, 0.0759 0.1062 0.1181, 0.1121 0.1385 0.1181, 0.1131 0.0975 0.1181, 0.166 0.1211 0.1181, 0.1493 0.0853 0.1181, 0.2172 0.0971 0.1181, -0.3478 -0.0102 0.1181, -0.3055 -0.0217 0.1181, -0.3089 0.0309 0.1181, -0.2785 0.0053 0.1181, -0.2651 0.0669 0.1181, -0.2491 0.0297 0.1181, -0.2173 0.0971 0.1181, -0.2176 0.0513 0.1181, -0.1843 0.0699 0.1181, -0.166 0.1211 0.1181, -0.1493 0.0853 0.1181, -0.1121 0.1385 0.1181, -0.1131 0.0975 0.1181, -0.076 0.1062 0.1181, 0.1843 0.0699 0.1181, 0.2176 0.0513 0.1181, 0.2651 0.0669 0.1181, 0.2491 0.0297 0.1181, 0.3088 0.0309 0.1181, 0.2785 0.0053 0.1181, 0.3477 -0.0102 0.1181, -0.076 -0.7065 0.1181, -0.1131 -0.6978 0.1181, -0.1717 -0.7191 0.1181, -0.1493 -0.6856 0.1181, -0.2227 -0.6944 0.1181, -0.1843 -0.6702 0.1181, -0.2176 -0.6516 0.1181, -0.2701 -0.6635 0.1181, -0.2491 -0.63 0.1181, -0.3134 -0.627 0.1181, -0.2785 -0.6056 0.1181, -0.3517 -0.5853 0.1181, -0.3055 -0.5786 0.1181, -0.3299 -0.5493 0.1181, -0.3845 -0.5392 0.1181, -0.3515 -0.5178 0.1181, -0.4113 -0.4893 0.1181, 0.4298 -0.1579 0.1181, 0.3976 -0.187 0.1181, 0.4442 -0.2126 0.1181, 0.4063 -0.2242 0.1181, 0.4517 -0.2688 0.1181, 0.4116 -0.262 0.1181, 0.452 -0.3254 0.1181, 0.4134 -0.3001 0.1181, 0.4116 -0.3383 0.1181, 0.4454 -0.3816 0.1181, 0.4063 -0.3761 0.1181, 0.4317 -0.4365 0.1181, 0.3976 -0.4133 0.1181, 0.4113 -0.4893 0.1181, 0.1717 -0.7191 0.1181, 0.2491 -0.63 0.1181, 0.2176 -0.6516 0.1181, 0.3055 -0.0217 0.1181, 0.3299 -0.051 0.1181, 0.3812 -0.0559 0.1181, 0.3515 -0.0825 0.1181, 0.4087 -0.1054 0.1181, 0.37 -0.1159 0.1181, 0.3855 -0.1508 0.1181, 0.3855 -0.4495 0.1181, 0.37 -0.4844 0.1181, 0.3845 -0.5392 0.1181, 0.3515 -0.5178 0.1181, 0.3517 -0.5853 0.1181, 0.3299 -0.5493 0.1181, 0.3055 -0.5786 0.1181, 0.3133 -0.627 0.1181, 0.2785 -0.6056 0.1181, 0.2701 -0.6635 0.1181, 0.2227 -0.6944 0.1181, -0.4298 -0.1579 0.1181, -0.3855 -0.1508 0.1181, -0.4087 -0.1054 0.1181, -0.3701 -0.1159 0.1181, -0.3812 -0.0559 0.1181, -0.3515 -0.0825 0.1181, -0.3299 -0.051 0.1181, -0.3701 -0.4844 0.1181, -0.3855 -0.4495 0.1181, -0.4317 -0.4365 0.1181, -0.3976 -0.4133 0.1181, -0.4454 -0.3816 0.1181, -0.4064 -0.3761 0.1181, -0.4521 -0.3254 0.1181, -0.4116 -0.3383 0.1181, -0.4134 -0.3001 0.1181, -0.4517 -0.2688 0.1181, -0.4116 -0.262 0.1181, -0.4442 -0.2126 0.1181, -0.4064 -0.2242 0.1181, -0.3976 -0.187 0.1181, 0.19 0.0206 0.4921, 0.1996 -0.0074 0.4921, 0.231 -0.0076 0.4921, 0.2277 -0.0287 0.4921, 0.2679 -0.041 0.4921, 0.2536 -0.0527 0.4921, 0.3001 -0.079 0.4921, 0.0742 -0.6655 0.4921, 0.0528 -0.6505 0.4921, 0.0249 -0.6721 0.4921, 0.0177 -0.654 0.4921, -0.0249 -0.6721 0.4921, -0.0177 -0.654 0.4921, -0.0743 -0.6655 0.4921, -0.211 -0.6075 0.4921, -0.214 -0.5826 0.4921, -0.2501 -0.5766 0.4921, -0.241 -0.5599 0.4921, -0.2847 -0.5408 0.4921, -0.2657 -0.5346 0.4921, -0.3142 -0.5007 0.4921, -0.19 0.0206 0.4921, -0.1695 0.011 0.4921, -0.1455 0.043 0.4921, -0.1376 0.0264 0.4921, -0.0985 0.0594 0.4921, -0.1045 0.0384 0.4921, -0.0497 0.0693 0.4921, 0.0497 0.0693 0.4921, 0.0702 0.0472 0.4921, 0.0985 0.0594 0.4921, 0.1044 0.0384 0.4921, 0.1455 0.043 0.4921, 0.1376 0.0264 0.4921, 0.1695 0.011 0.4921, -0.0528 -0.6505 0.4921, -0.0874 -0.6435 0.4921, -0.1223 -0.6523 0.4921, -0.1212 -0.6331 0.4921, -0.1681 -0.6329 0.4921, -0.1537 -0.6194 0.4921, -0.1848 -0.6025 0.4921, -0.2877 -0.507 0.4921, -0.3069 -0.4773 0.4921, -0.3381 -0.4571 0.4921, -0.323 -0.4459 0.4921, -0.356 -0.4106 0.4921, -0.3359 -0.413 0.4921, -0.3676 -0.3622 0.4921, -0.3626 -0.2137 0.4921, -0.3411 -0.2042 0.4921, -0.3479 -0.1662 0.4921, -0.3298 -0.1707 0.4921, -0.3269 -0.121 0.4921, -0.3153 -0.1385 0.4921, -0.3001 -0.079 0.4921, 0.277 -0.0792 0.4921, 0.2976 -0.1079 0.4921, 0.3269 -0.121 0.4921, 0.3153 -0.1385 0.4921, 0.3479 -0.1662 0.4921, 0.3298 -0.1707 0.4921, 0.3626 -0.2137 0.4921, 0.3411 -0.2042 0.4921, 0.3489 -0.2386 0.4921, 0.3709 -0.2628 0.4921, 0.3533 -0.2737 0.4921, 0.3726 -0.3126 0.4921, 0.3542 -0.309 0.4921, 0.3676 -0.3622 0.4921, 0.211 -0.6075 0.4921, 0.1848 -0.6025 0.4921, 0.1681 -0.6329 0.4921, 0.1537 -0.6194 0.4921, 0.1223 -0.6523 0.4921, 0.1212 -0.6331 0.4921, 0.0874 -0.6435 0.4921, -0.2977 -0.1079 0.4921, -0.277 -0.0792 0.4921, -0.268 -0.041 0.4921, -0.2537 -0.0527 0.4921, -0.231 -0.0076 0.4921, -0.2278 -0.0287 0.4921, -0.1996 -0.0074 0.4921, -0.0702 0.0472 0.4921, -0.0353 0.0524 0.4921, -0.0 0.0726 0.4921, -0.0 0.0542 0.4921, 0.0353 0.0524 0.4921, 0.3516 -0.3442 0.4921, 0.3454 -0.379 0.4921, 0.356 -0.4106 0.4921, 0.3359 -0.413 0.4921, 0.3381 -0.4571 0.4921, 0.323 -0.4459 0.4921, 0.3142 -0.5007 0.4921, 0.3068 -0.4773 0.4921, 0.2877 -0.507 0.4921, 0.2847 -0.5408 0.4921, 0.2657 -0.5346 0.4921, 0.25 -0.5766 0.4921, 0.241 -0.5599 0.4921, 0.2139 -0.5826 0.4921, -0.3455 -0.379 0.4921, -0.3516 -0.3442 0.4921, -0.3726 -0.3126 0.4921, -0.3542 -0.309 0.4921, -0.3709 -0.2628 0.4921, -0.3533 -0.2737 0.4921, -0.349 -0.2386 0.4921, 0.0487 0.0305 0.4724, 0.0663 0.0279 0.4724, 0.0664 0.0285 0.4775, 0.0964 0.0202 0.4724, 0.0986 0.0196 0.4724, 0.0988 0.0203 0.4775, 0.1419 0.0025 0.4724, 0.16 -0.0063 0.4724, 0.1604 -0.0057 0.4775, 0.2231 -0.0512 0.4724, 0.2396 -0.0665 0.4724, 0.24 -0.066 0.4775, 0.2854 -0.126 0.4724, 0.2978 -0.1475 0.4724, 0.2984 -0.1472 0.4775, 0.3235 -0.2156 0.4724, 0.3296 -0.242 0.4724, 0.3302 -0.2419 0.4775, 0.3342 -0.3124 0.4724, 0.332 -0.3418 0.4724, 0.3327 -0.3418 0.4775, 0.3166 -0.4082 0.4724, 0.305 -0.4378 0.4724, 0.3056 -0.4381 0.4775, 0.2972 -0.453 0.4724, 0.2898 -0.4675 0.4724, 0.2904 -0.4678 0.4775, 0.2721 -0.4948 0.4724, 0.2717 -0.4955 0.4724, 0.2722 -0.4959 0.4775, 0.2406 -0.5321 0.4724, 0.2276 -0.5455 0.4724, 0.2281 -0.546 0.4775, 0.1636 -0.5916 0.4724, 0.1452 -0.6017 0.4724, 0.1455 -0.6023 0.4775, 0.0727 -0.6264 0.4724, 0.0499 -0.6311 0.4724, 0.05 -0.6317 0.4775, -0.0244 -0.6336 0.4724, -0.0499 -0.6311 0.4724, -0.05 -0.6317 0.4775, -0.1195 -0.6125 0.4724, -0.1452 -0.6017 0.4724, -0.1455 -0.6023 0.4775, -0.2044 -0.5649 0.4724, -0.2276 -0.5455 0.4724, -0.2281 -0.546 0.4775, -0.2721 -0.4948 0.4724, -0.2898 -0.4675 0.4724, -0.2904 -0.4678 0.4775, -0.2973 -0.453 0.4724, -0.305 -0.4378 0.4724, -0.3057 -0.4381 0.4775, -0.3167 -0.4082 0.4724, -0.3172 -0.4067 0.4724, -0.3179 -0.4069 0.4775, -0.3287 -0.3609 0.4724, -0.3321 -0.3418 0.4724, -0.3327 -0.3418 0.4775, -0.3323 -0.2636 0.4724, -0.3296 -0.242 0.4724, -0.3302 -0.2419 0.4775, -0.3077 -0.1694 0.4724, -0.2978 -0.1475 0.4724, -0.2984 -0.1472 0.4775, -0.257 -0.0863 0.4724, -0.2396 -0.0665 0.4724, -0.2401 -0.066 0.4775, -0.1846 -0.0212 0.4724, -0.1601 -0.0063 0.4724, -0.1604 -0.0057 0.4775, -0.0964 0.0202 0.4724, -0.0663 0.0279 0.4724, -0.0665 0.0285 0.4775, -0.0348 0.0474 0.4915, -0.0692 0.0422 0.4915, -0.0343 0.0426 0.4895, -0.0683 0.0375 0.4895, -0.0339 0.0386 0.4864, -0.0675 0.0335 0.4864, -0.0336 0.0355 0.4823, -0.0668 0.0304 0.4823, -0.0334 0.0335 0.4775, -0.1357 0.0217 0.4915, -0.167 0.0066 0.4915, -0.1338 0.0173 0.4895, -0.1648 0.0024 0.4895, -0.1322 0.0135 0.4864, -0.1628 -0.0012 0.4864, -0.131 0.0106 0.4823, -0.1613 -0.0039 0.4823, -0.1303 0.0088 0.4775, -0.2245 -0.0326 0.4915, -0.25 -0.0563 0.4915, -0.2214 -0.0363 0.4895, -0.2466 -0.0596 0.4895, -0.2188 -0.0394 0.4864, -0.2437 -0.0625 0.4864, -0.2168 -0.0418 0.4823, -0.2415 -0.0646 0.4823, -0.2155 -0.0433 0.4775, -0.2934 -0.1107 0.4915, -0.3108 -0.1408 0.4915, -0.2894 -0.1132 0.4895, -0.3066 -0.143 0.4895, -0.286 -0.1155 0.4864, -0.3029 -0.1449 0.4864, -0.2833 -0.1172 0.4823, -0.3001 -0.1463 0.4823, -0.2817 -0.1182 0.4775, -0.3362 -0.2056 0.4915, -0.3439 -0.2395 0.4915, -0.3316 -0.2068 0.4895, -0.3393 -0.2403 0.4895, -0.3277 -0.208 0.4864, -0.3352 -0.241 0.4864, -0.3247 -0.2088 0.4823, -0.3322 -0.2416 0.4823, -0.3228 -0.2093 0.4775, -0.3491 -0.3089 0.4915, -0.3465 -0.3436 0.4915, -0.3444 -0.3087 0.4895, -0.3418 -0.343 0.4895, -0.3403 -0.3086 0.4864, -0.3378 -0.3425 0.4864, -0.3372 -0.3086 0.4823, -0.3347 -0.3421 0.4823, -0.3352 -0.3085 0.4775, -0.2619 -0.5312 0.4915, -0.2376 -0.5562 0.4915, -0.2583 -0.5281 0.4895, -0.2343 -0.5527 0.4895, -0.2552 -0.5254 0.4864, -0.2315 -0.5497 0.4864, -0.2529 -0.5233 0.4823, -0.2294 -0.5474 0.4823, -0.2514 -0.522 0.4775, -0.1821 -0.5981 0.4915, -0.1515 -0.6148 0.4915, -0.1796 -0.5941 0.4895, -0.1495 -0.6105 0.4895, -0.1775 -0.5906 0.4864, -0.1477 -0.6068 0.4864, -0.1759 -0.588 0.4823, -0.1464 -0.604 0.4823, -0.1749 -0.5863 0.4775, -0.0862 -0.6386 0.4915, -0.0521 -0.6455 0.4915, -0.085 -0.634 0.4895, -0.0514 -0.6408 0.4895, -0.084 -0.63 0.4864, -0.0507 -0.6368 0.4864, -0.0832 -0.627 0.4823, -0.0503 -0.6337 0.4823, -0.0828 -0.6251 0.4775, 0.0174 -0.649 0.4915, 0.052 -0.6455 0.4915, 0.0172 -0.6442 0.4895, 0.0513 -0.6408 0.4895, 0.017 -0.6401 0.4864, 0.0507 -0.6368 0.4864, 0.0168 -0.637 0.4823, 0.0503 -0.6337 0.4823, 0.0167 -0.635 0.4775, 0.1194 -0.6283 0.4915, 0.1515 -0.6148 0.4915, 0.1178 -0.6239 0.4895, 0.1495 -0.6105 0.4895, 0.1164 -0.62 0.4864, 0.1477 -0.6068 0.4864, 0.1153 -0.6171 0.4823, 0.1463 -0.604 0.4823, 0.1147 -0.6152 0.4775, 0.2109 -0.5785 0.4915, 0.2375 -0.5562 0.4915, 0.208 -0.5748 0.4895, 0.2343 -0.5527 0.4895, 0.2055 -0.5715 0.4864, 0.2315 -0.5497 0.4864, 0.2036 -0.569 0.4823, 0.2294 -0.5474 0.4823, 0.2025 -0.5674 0.4775, 0.3405 -0.3779 0.4915, 0.3465 -0.3436 0.4915, 0.3358 -0.3768 0.4895, 0.3418 -0.343 0.4895, 0.3319 -0.3759 0.4864, 0.3378 -0.3425 0.4864, 0.3288 -0.3752 0.4823, 0.3347 -0.3421 0.4823, 0.3269 -0.3748 0.4775, 0.3482 -0.2741 0.4915, 0.3439 -0.2395 0.4915, 0.3435 -0.2744 0.4895, 0.3392 -0.2403 0.4895, 0.3394 -0.2747 0.4864, 0.3352 -0.241 0.4864, 0.3363 -0.2749 0.4823, 0.3321 -0.2416 0.4823, 0.3344 -0.2751 0.4775, 0.3251 -0.1726 0.4915, 0.3108 -0.1408 0.4915, 0.3207 -0.1743 0.4895, 0.3065 -0.143 0.4895, 0.3169 -0.1758 0.4864, 0.3029 -0.1449 0.4864, 0.314 -0.1769 0.4823, 0.3001 -0.1463 0.4823, 0.3121 -0.1776 0.4775, 0.273 -0.0824 0.4915, 0.25 -0.0563 0.4915, 0.2693 -0.0854 0.4895, 0.2466 -0.0596 0.4895, 0.2661 -0.0879 0.4864, 0.2437 -0.0625 0.4864, 0.2637 -0.0899 0.4823, 0.2414 -0.0646 0.4823, 0.2622 -0.0911 0.4775, 0.1967 -0.0116 0.4915, 0.167 0.0066 0.4915, 0.194 -0.0155 0.4895, 0.1647 0.0024 0.4895, 0.1918 -0.0189 0.4864, 0.1628 -0.0012 0.4864, 0.19 -0.0215 0.4823, 0.1613 -0.0039 0.4823, 0.1889 -0.0231 0.4775, -0.0 0.0491 0.4915, -0.0 0.0443 0.4895, -0.0 0.0403 0.4864, -0.0 0.0371 0.4823, -0.0 0.0352 0.4775, -0.0 0.0345 0.4724, -0.0333 0.0328 0.4724, -0.0487 0.0305 0.4724, -0.0986 0.0196 0.4724, -0.0988 0.0203 0.4775, -0.0994 0.0221 0.4823, -0.1003 0.0251 0.4864, -0.1015 0.029 0.4895, -0.1029 0.0336 0.4915, -0.13 0.0082 0.4724, -0.1419 0.0025 0.4724, -0.1885 -0.0237 0.4724, -0.1889 -0.0231 0.4775, -0.19 -0.0215 0.4823, -0.1918 -0.0189 0.4864, -0.1941 -0.0155 0.4895, -0.1967 -0.0116 0.4915, -0.2151 -0.0438 0.4724, -0.2231 -0.0512 0.4724, -0.2616 -0.0915 0.4724, -0.2622 -0.0911 0.4775, -0.2637 -0.0899 0.4823, -0.2662 -0.0879 0.4864, -0.2693 -0.0854 0.4895, -0.2731 -0.0824 0.4915, -0.2811 -0.1186 0.4724, -0.2854 -0.126 0.4724, -0.3115 -0.1779 0.4724, -0.3121 -0.1776 0.4775, -0.314 -0.1769 0.4823, -0.3169 -0.1758 0.4864, -0.3207 -0.1743 0.4895, -0.3251 -0.1726 0.4915, -0.3221 -0.2095 0.4724, -0.3235 -0.2156 0.4724, -0.3337 -0.2751 0.4724, -0.3344 -0.2751 0.4775, -0.3363 -0.2749 0.4823, -0.3395 -0.2747 0.4864, -0.3435 -0.2744 0.4895, -0.3483 -0.2741 0.4915, -0.3346 -0.3085 0.4724, -0.3343 -0.3124 0.4724, -0.3263 -0.3746 0.4724, -0.3269 -0.3748 0.4775, -0.3288 -0.3752 0.4823, -0.3319 -0.3759 0.4864, -0.3359 -0.3768 0.4895, -0.3405 -0.3779 0.4915, -0.3311 -0.4114 0.4915, -0.3266 -0.4099 0.4895, -0.3227 -0.4086 0.4864, -0.3197 -0.4076 0.4823, -0.3074 -0.4389 0.4823, -0.3103 -0.4402 0.4864, -0.314 -0.4418 0.4895, -0.3183 -0.4438 0.4915, -0.2921 -0.4688 0.4823, -0.2948 -0.4704 0.4864, -0.2983 -0.4724 0.4895, -0.3025 -0.4748 0.4915, -0.2717 -0.4955 0.4724, -0.2723 -0.4959 0.4775, -0.2739 -0.497 0.4823, -0.2764 -0.4989 0.4864, -0.2797 -0.5012 0.4895, -0.2836 -0.504 0.4915, -0.2509 -0.5216 0.4724, -0.2406 -0.5321 0.4724, -0.2021 -0.5669 0.4724, -0.2025 -0.5674 0.4775, -0.2037 -0.569 0.4823, -0.2056 -0.5715 0.4864, -0.208 -0.5748 0.4895, -0.2109 -0.5785 0.4915, -0.1745 -0.5857 0.4724, -0.1636 -0.5916 0.4724, -0.1145 -0.6146 0.4724, -0.1147 -0.6152 0.4775, -0.1154 -0.6171 0.4823, -0.1164 -0.62 0.4864, -0.1178 -0.6239 0.4895, -0.1195 -0.6283 0.4915, -0.0826 -0.6244 0.4724, -0.0727 -0.6264 0.4724, -0.0167 -0.6344 0.4724, -0.0167 -0.635 0.4775, -0.0168 -0.637 0.4823, -0.017 -0.6401 0.4864, -0.0172 -0.6442 0.4895, -0.0174 -0.649 0.4915, 0.0167 -0.6344 0.4724, 0.0244 -0.6336 0.4724, 0.0826 -0.6244 0.4724, 0.0827 -0.6251 0.4775, 0.0832 -0.627 0.4823, 0.084 -0.63 0.4864, 0.085 -0.634 0.4895, 0.0862 -0.6386 0.4915, 0.1144 -0.6146 0.4724, 0.1194 -0.6125 0.4724, 0.1745 -0.5857 0.4724, 0.1748 -0.5863 0.4775, 0.1759 -0.588 0.4823, 0.1775 -0.5906 0.4864, 0.1796 -0.5941 0.4895, 0.1821 -0.5981 0.4915, 0.2021 -0.5669 0.4724, 0.2044 -0.5649 0.4724, 0.2509 -0.5216 0.4724, 0.2514 -0.522 0.4775, 0.2529 -0.5233 0.4823, 0.2552 -0.5254 0.4864, 0.2583 -0.5281 0.4895, 0.2618 -0.5312 0.4915, 0.2835 -0.504 0.4915, 0.2797 -0.5012 0.4895, 0.2764 -0.4989 0.4864, 0.2738 -0.497 0.4823, 0.2921 -0.4688 0.4823, 0.2948 -0.4704 0.4864, 0.2983 -0.4724 0.4895, 0.3024 -0.4748 0.4915, 0.3183 -0.4438 0.4915, 0.314 -0.4418 0.4895, 0.3103 -0.4402 0.4864, 0.3074 -0.4389 0.4823, 0.3172 -0.4067 0.4724, 0.3178 -0.4069 0.4775, 0.3197 -0.4076 0.4823, 0.3227 -0.4086 0.4864, 0.3265 -0.4099 0.4895, 0.331 -0.4114 0.4915, 0.3262 -0.3746 0.4724, 0.3287 -0.3609 0.4724, 0.3345 -0.3085 0.4724, 0.3352 -0.3085 0.4775, 0.3372 -0.3086 0.4823, 0.3403 -0.3086 0.4864, 0.3444 -0.3087 0.4895, 0.3491 -0.3089 0.4915, 0.3337 -0.2751 0.4724, 0.3323 -0.2636 0.4724, 0.3221 -0.2095 0.4724, 0.3228 -0.2093 0.4775, 0.3247 -0.2088 0.4823, 0.3277 -0.208 0.4864, 0.3316 -0.2068 0.4895, 0.3362 -0.2056 0.4915, 0.3115 -0.1779 0.4724, 0.3077 -0.1694 0.4724, 0.2811 -0.1186 0.4724, 0.2817 -0.1182 0.4775, 0.2833 -0.1172 0.4823, 0.2859 -0.1155 0.4864, 0.2894 -0.1132 0.4895, 0.2934 -0.1107 0.4915, 0.2616 -0.0915 0.4724, 0.257 -0.0863 0.4724, 0.2151 -0.0438 0.4724, 0.2155 -0.0433 0.4775, 0.2168 -0.0418 0.4823, 0.2188 -0.0394 0.4864, 0.2214 -0.0363 0.4895, 0.2245 -0.0326 0.4915, 0.1885 -0.0237 0.4724, 0.1845 -0.0212 0.4724, 0.13 0.0082 0.4724, 0.1302 0.0088 0.4775, 0.131 0.0106 0.4823, 0.1322 0.0135 0.4864, 0.1338 0.0173 0.4895, 0.1356 0.0217 0.4915, 0.1029 0.0336 0.4915, 0.1015 0.029 0.4895, 0.1003 0.0251 0.4864, 0.0994 0.0221 0.4823, 0.0668 0.0304 0.4823, 0.0674 0.0335 0.4864, 0.0682 0.0375 0.4895, 0.0692 0.0422 0.4915, 0.0333 0.0328 0.4724, 0.0334 0.0335 0.4775, 0.0336 0.0355 0.4823, 0.0339 0.0386 0.4864, 0.0343 0.0426 0.4895, 0.0348 0.0474 0.4915, 0.0727 -0.6265 0.1378, 0.0916 0.0217 0.1378, 0.0963 0.0201 0.1378, 0.1209 0.0119 0.1378, 0.1419 0.0026 0.1378, 0.1492 -0.0006 0.1378, 0.3341 -0.3124 0.1378, 0.3346 -0.3001 0.1378, 0.1762 -0.0156 0.1378, 0.1845 -0.0213 0.1378, 0.2017 -0.0331 0.1378, 0.2232 -0.051 0.1378, 0.2254 -0.0528 0.1378, 0.2473 -0.0747 0.1378, 0.2569 -0.0863 0.1378, 0.267 -0.0985 0.1378, 0.2845 -0.124 0.1378, 0.2856 -0.1259 0.1378, 0.2996 -0.151 0.1378, 0.3077 -0.1694 0.1378, 0.312 -0.1793 0.1378, 0.3219 -0.2086 0.1378, 0.3235 -0.2156 0.1378, 0.3289 -0.2387 0.1378, 0.3324 -0.2636 0.1378, 0.3332 -0.2693 0.1378, 0.329 -0.3609 0.1378, 0.3289 -0.3616 0.1378, 0.3219 -0.3917 0.1378, 0.3332 -0.331 0.1378, 0.3164 -0.4081 0.1378, 0.312 -0.421 0.1378, 0.2996 -0.4493 0.1378, 0.2975 -0.4531 0.1378, 0.2845 -0.4763 0.1378, 0.2719 -0.4947 0.1378, 0.267 -0.5018 0.1378, 0.2473 -0.5256 0.1378, 0.2407 -0.5322 0.1378, 0.2254 -0.5475 0.1378, 0.2044 -0.5649 0.1378, 0.2017 -0.5672 0.1378, 0.1762 -0.5847 0.1378, 0.1636 -0.5917 0.1378, 0.0916 -0.622 0.1378, 0.1492 -0.5997 0.1378, 0.1209 -0.6122 0.1378, 0.1195 -0.6127 0.1378, 0.0615 -0.6291 0.1378, 0.0309 -0.6334 0.1378, 0.0244 -0.6337 0.1378, -0.0 -0.6348 0.1378, -0.0244 -0.6337 0.1378, -0.0309 -0.6334 0.1378, -0.0615 -0.6291 0.1378, -0.0727 -0.6265 0.1378, -0.0916 -0.622 0.1378, -0.1195 -0.6127 0.1378, -0.1209 -0.6122 0.1378, -0.1492 -0.5997 0.1378, -0.1636 -0.5917 0.1378, -0.1762 -0.5847 0.1378, -0.2017 -0.5672 0.1378, -0.2044 -0.5649 0.1378, -0.2255 -0.5475 0.1378, -0.2407 -0.5322 0.1378, -0.2473 -0.5256 0.1378, -0.2671 -0.5018 0.1378, -0.2719 -0.4947 0.1378, -0.2845 -0.4763 0.1378, -0.2975 -0.4531 0.1378, -0.257 -0.0863 0.1378, -0.2671 -0.0985 0.1378, -0.2996 -0.4493 0.1378, -0.3121 -0.421 0.1378, -0.3164 -0.4081 0.1378, -0.3219 -0.3917 0.1378, -0.329 -0.3616 0.1378, -0.3291 -0.3609 0.1378, -0.3332 -0.331 0.1378, -0.3341 -0.3124 0.1378, -0.3347 -0.3001 0.1378, -0.3332 -0.2693 0.1378, -0.3324 -0.2636 0.1378, -0.329 -0.2387 0.1378, -0.3235 -0.2156 0.1378, -0.3219 -0.2086 0.1378, -0.3121 -0.1793 0.1378, -0.3077 -0.1694 0.1378, -0.2996 -0.151 0.1378, -0.2856 -0.1259 0.1378, -0.2845 -0.124 0.1378, -0.2473 -0.0747 0.1378, -0.2255 -0.0528 0.1378, -0.2232 -0.051 0.1378, -0.2017 -0.0331 0.1378, -0.1845 -0.0213 0.1378, -0.1762 -0.0156 0.1378, -0.1492 -0.0006 0.1378, -0.1419 0.0026 0.1378, -0.1209 0.0119 0.1378, -0.0964 0.0201 0.1378, -0.0916 0.0217 0.1378, -0.0615 0.0288 0.1378, -0.0487 0.0306 0.1378, -0.0309 0.0331 0.1378, -0.0 0.0345 0.1378, 0.0309 0.0331 0.1378, 0.0487 0.0306 0.1378, 0.0615 0.0288 0.1378, -0.0618 0.0303 0.1224, -0.092 0.0232 0.1224, -0.1214 0.0133 0.1224, -0.1498 0.0008 0.1224, -0.177 -0.0143 0.1224, -0.2026 -0.0319 0.1224, -0.2265 -0.0517 0.1224, -0.2484 -0.0737 0.1224, -0.2683 -0.0976 0.1224, -0.2858 -0.1232 0.1224, -0.3009 -0.1503 0.1224, -0.3135 -0.1787 0.1224, -0.3233 -0.2082 0.1224, -0.3304 -0.2384 0.1224, -0.3347 -0.2691 0.1224, -0.3362 -0.3001 0.1224, -0.3347 -0.3312 0.1224, -0.3304 -0.3619 0.1224, -0.3135 -0.4216 0.1224, -0.3233 -0.3921 0.1224, -0.3009 -0.45 0.1224, -0.2858 -0.4771 0.1224, -0.2683 -0.5027 0.1224, -0.2484 -0.5266 0.1224, -0.2265 -0.5486 0.1224, -0.2026 -0.5684 0.1224, -0.177 -0.586 0.1224, -0.1498 -0.6011 0.1224, -0.1214 -0.6136 0.1224, -0.092 -0.6235 0.1224, -0.0618 -0.6306 0.1224, -0.031 -0.6349 0.1224, -0.0 -0.6363 0.1224, 0.031 -0.6349 0.1224, 0.0618 -0.6306 0.1224, 0.092 -0.6235 0.1224, 0.1214 -0.6136 0.1224, 0.177 -0.586 0.1224, 0.1498 -0.6011 0.1224, 0.2026 -0.5684 0.1224, 0.2265 -0.5486 0.1224, 0.2484 -0.5266 0.1224, 0.2683 -0.5027 0.1224, 0.2858 -0.4771 0.1224, 0.3009 -0.45 0.1224, 0.3134 -0.4216 0.1224, 0.3233 -0.3921 0.1224, 0.3304 -0.3619 0.1224, 0.3347 -0.3312 0.1224, 0.3361 -0.3001 0.1224, 0.3347 -0.2691 0.1224, 0.3304 -0.2384 0.1224, 0.3233 -0.2082 0.1224, 0.3134 -0.1787 0.1224, 0.3009 -0.1503 0.1224, 0.2858 -0.1232 0.1224, 0.2484 -0.0737 0.1224, 0.2683 -0.0976 0.1224, 0.2265 -0.0517 0.1224, 0.2026 -0.0319 0.1224, 0.177 -0.0143 0.1224, 0.1498 0.0008 0.1224, 0.1214 0.0133 0.1224, 0.092 0.0232 0.1224, 0.0618 0.0303 0.1224, 0.031 0.0346 0.1224, -0.031 0.0346 0.1224, -0.0 0.036 0.1224, 0.0314 0.039 0.1077, 0.0626 0.0347 0.1077, 0.0932 0.0275 0.1077, 0.123 0.0175 0.1077, 0.1518 0.0048 0.1077, 0.1793 -0.0105 0.1077, 0.2053 -0.0283 0.1077, 0.2295 -0.0484 0.1077, 0.2517 -0.0707 0.1077, 0.2718 -0.0949 0.1077, 0.2896 -0.1208 0.1077, 0.3049 -0.1483 0.1077, 0.3176 -0.1771 0.1077, 0.3276 -0.2069 0.1077, 0.3348 -0.2376 0.1077, 0.3392 -0.2687 0.1077, 0.3406 -0.3001 0.1077, 0.3392 -0.3316 0.1077, 0.3348 -0.3627 0.1077, 0.3276 -0.3934 0.1077, 0.3176 -0.4232 0.1077, 0.3049 -0.452 0.1077, 0.2896 -0.4795 0.1077, 0.2718 -0.5054 0.1077, 0.2517 -0.5296 0.1077, 0.2295 -0.5519 0.1077, 0.2053 -0.572 0.1077, 0.1793 -0.5898 0.1077, 0.1518 -0.6051 0.1077, 0.123 -0.6178 0.1077, 0.0932 -0.6278 0.1077, 0.0626 -0.635 0.1077, 0.0314 -0.6393 0.1077, -0.0 -0.6408 0.1077, -0.0314 -0.6393 0.1077, -0.0626 -0.635 0.1077, -0.0932 -0.6278 0.1077, -0.1231 -0.6178 0.1077, -0.1518 -0.6051 0.1077, -0.1793 -0.5898 0.1077, -0.2053 -0.572 0.1077, -0.2295 -0.5519 0.1077, -0.2517 -0.5296 0.1077, -0.2718 -0.5054 0.1077, -0.2896 -0.4795 0.1077, -0.3049 -0.452 0.1077, -0.3176 -0.4232 0.1077, -0.3276 -0.3934 0.1077, -0.3348 -0.3627 0.1077, -0.3392 -0.3316 0.1077, -0.3406 -0.3001 0.1077, -0.3392 -0.2687 0.1077, -0.3348 -0.2376 0.1077, -0.3276 -0.2069 0.1077, -0.3176 -0.1771 0.1077, -0.3049 -0.1483 0.1077, -0.2896 -0.1208 0.1077, -0.2718 -0.0949 0.1077, -0.2517 -0.0707 0.1077, -0.2295 -0.0484 0.1077, -0.2053 -0.0283 0.1077, -0.1793 -0.0105 0.1077, -0.1518 0.0048 0.1077, -0.1231 0.0175 0.1077, -0.0932 0.0275 0.1077, -0.0626 0.0347 0.1077, -0.0314 0.039 0.1077, -0.0 0.0405 0.1077, 0.0321 0.0463 0.094, 0.0639 0.0418 0.094, 0.0952 0.0345 0.094, 0.1257 0.0243 0.094, 0.1551 0.0113 0.094, 0.1831 -0.0043 0.094, 0.2097 -0.0225 0.094, 0.2344 -0.043 0.094, 0.2571 -0.0658 0.094, 0.2776 -0.0905 0.094, 0.2958 -0.117 0.094, 0.3114 -0.1451 0.094, 0.3244 -0.1745 0.094, 0.3346 -0.2049 0.094, 0.342 -0.2362 0.094, 0.3464 -0.268 0.094, 0.3479 -0.3001 0.094, 0.3464 -0.3323 0.094, 0.342 -0.3641 0.094, 0.3346 -0.3954 0.094, 0.3244 -0.4258 0.094, 0.3114 -0.4552 0.094, 0.2958 -0.4833 0.094, 0.2776 -0.5098 0.094, 0.2571 -0.5345 0.094, 0.2344 -0.5573 0.094, 0.2097 -0.5778 0.094, 0.1831 -0.596 0.094, 0.1551 -0.6116 0.094, 0.1257 -0.6246 0.094, 0.0952 -0.6348 0.094, 0.0639 -0.6421 0.094, 0.0321 -0.6466 0.094, -0.0 -0.6481 0.094, -0.0321 -0.6466 0.094, -0.0639 -0.6421 0.094, -0.0952 -0.6348 0.094, -0.1257 -0.6246 0.094, -0.1551 -0.6116 0.094, -0.1832 -0.596 0.094, -0.2097 -0.5778 0.094, -0.2344 -0.5573 0.094, -0.2571 -0.5345 0.094, -0.2777 -0.5098 0.094, -0.2958 -0.4833 0.094, -0.3115 -0.4552 0.094, -0.3244 -0.4258 0.094, -0.3346 -0.3954 0.094, -0.342 -0.3641 0.094, -0.3464 -0.3323 0.094, -0.3479 -0.3001 0.094, -0.3464 -0.268 0.094, -0.342 -0.2362 0.094, -0.3346 -0.2049 0.094, -0.3244 -0.1745 0.094, -0.3115 -0.1451 0.094, -0.2958 -0.117 0.094, -0.2777 -0.0905 0.094, -0.2571 -0.0658 0.094, -0.2344 -0.043 0.094, -0.2097 -0.0225 0.094, -0.1832 -0.0043 0.094, -0.1551 0.0113 0.094, -0.1257 0.0243 0.094, -0.0952 0.0345 0.094, -0.0639 0.0418 0.094, -0.0321 0.0463 0.094, -0.0 0.0478 0.094, 0.033 0.056 0.0821, 0.0657 0.0515 0.0821, 0.0979 0.0439 0.0821, 0.1292 0.0334 0.0821, 0.1594 0.0201 0.0821, 0.1883 0.004 0.0821, 0.2156 -0.0147 0.0821, 0.241 -0.0358 0.0821, 0.2643 -0.0592 0.0821, 0.2854 -0.0846 0.0821, 0.3041 -0.1118 0.0821, 0.3202 -0.1407 0.0821, 0.3335 -0.1709 0.0821, 0.344 -0.2023 0.0821, 0.3516 -0.2344 0.0821, 0.3562 -0.2671 0.0821, 0.3577 -0.3001 0.0821, 0.3562 -0.3332 0.0821, 0.3516 -0.3659 0.0821, 0.344 -0.398 0.0821, 0.3335 -0.4294 0.0821, 0.3202 -0.4596 0.0821, 0.3041 -0.4885 0.0821, 0.2854 -0.5157 0.0821, 0.2643 -0.5411 0.0821, 0.241 -0.5645 0.0821, 0.2156 -0.5856 0.0821, 0.1883 -0.6043 0.0821, 0.1594 -0.6204 0.0821, 0.1292 -0.6337 0.0821, 0.0979 -0.6442 0.0821, 0.0657 -0.6518 0.0821, 0.033 -0.6563 0.0821, -0.0 -0.6579 0.0821, -0.033 -0.6563 0.0821, -0.0657 -0.6518 0.0821, -0.0979 -0.6442 0.0821, -0.1292 -0.6337 0.0821, -0.1595 -0.6204 0.0821, -0.1883 -0.6043 0.0821, -0.2156 -0.5856 0.0821, -0.241 -0.5645 0.0821, -0.2644 -0.5411 0.0821, -0.2855 -0.5157 0.0821, -0.3041 -0.4885 0.0821, -0.3202 -0.4596 0.0821, -0.3336 -0.4294 0.0821, -0.3441 -0.398 0.0821, -0.3516 -0.3659 0.0821, -0.3562 -0.3332 0.0821, -0.3577 -0.3001 0.0821, -0.3562 -0.2671 0.0821, -0.3516 -0.2344 0.0821, -0.3441 -0.2023 0.0821, -0.3336 -0.1709 0.0821, -0.3202 -0.1407 0.0821, -0.3041 -0.1118 0.0821, -0.2855 -0.0846 0.0821, -0.2644 -0.0592 0.0821, -0.241 -0.0358 0.0821, -0.2156 -0.0147 0.0821, -0.1883 0.004 0.0821, -0.1595 0.0201 0.0821, -0.1292 0.0334 0.0821, -0.0979 0.0439 0.0821, -0.0657 0.0515 0.0821, -0.033 0.056 0.0821, -0.0 0.0576 0.0821, 0.0341 0.0679 0.0723, 0.0679 0.0632 0.0723, 0.1011 0.0554 0.0723, 0.1335 0.0445 0.0723, 0.1648 0.0307 0.0723, 0.1946 0.0141 0.0723, 0.2227 -0.0052 0.0723, 0.249 -0.027 0.0723, 0.2732 -0.0511 0.0723, 0.295 -0.0774 0.0723, 0.3143 -0.1056 0.0723, 0.3309 -0.1354 0.0723, 0.3447 -0.1666 0.0723, 0.3555 -0.199 0.0723, 0.3633 -0.2322 0.0723, 0.3681 -0.266 0.0723, 0.3696 -0.3001 0.0723, 0.3681 -0.3343 0.0723, 0.3633 -0.3681 0.0723, 0.3555 -0.4013 0.0723, 0.3447 -0.4337 0.0723, 0.3309 -0.4649 0.0723, 0.3143 -0.4947 0.0723, 0.295 -0.5229 0.0723, 0.2732 -0.5492 0.0723, 0.249 -0.5733 0.0723, 0.2227 -0.5951 0.0723, 0.1946 -0.6144 0.0723, 0.1648 -0.631 0.0723, 0.1335 -0.6448 0.0723, 0.1011 -0.6557 0.0723, 0.0679 -0.6635 0.0723, 0.0341 -0.6682 0.0723, -0.0 -0.6698 0.0723, -0.0341 -0.6682 0.0723, -0.0679 -0.6635 0.0723, -0.1012 -0.6557 0.0723, -0.1335 -0.6448 0.0723, -0.1648 -0.631 0.0723, -0.1946 -0.6144 0.0723, -0.2228 -0.5951 0.0723, -0.249 -0.5733 0.0723, -0.2732 -0.5492 0.0723, -0.295 -0.5229 0.0723, -0.3143 -0.4947 0.0723, -0.3309 -0.4649 0.0723, -0.3447 -0.4337 0.0723, -0.3555 -0.4013 0.0723, -0.3634 -0.3681 0.0723, -0.3681 -0.3343 0.0723, -0.3697 -0.3001 0.0723, -0.3681 -0.266 0.0723, -0.3634 -0.2322 0.0723, -0.3555 -0.199 0.0723, -0.3447 -0.1666 0.0723, -0.3309 -0.1354 0.0723, -0.3143 -0.1056 0.0723, -0.295 -0.0774 0.0723, -0.2732 -0.0511 0.0723, -0.249 -0.027 0.0723, -0.2228 -0.0052 0.0723, -0.1946 0.0141 0.0723, -0.1648 0.0307 0.0723, -0.1335 0.0445 0.0723, -0.1012 0.0554 0.0723, -0.0679 0.0632 0.0723, -0.0341 0.0679 0.0723, -0.0 0.0695 0.0723, 0.0354 0.0815 0.065, 0.0704 0.0766 0.065, 0.1049 0.0685 0.065, 0.1384 0.0572 0.065, 0.1708 0.0429 0.065, 0.2017 0.0257 0.065, 0.231 0.0057 0.065, 0.2582 -0.0169 0.065, 0.2832 -0.042 0.065, 0.3058 -0.0692 0.065, 0.3258 -0.0984 0.065, 0.3431 -0.1293 0.065, 0.3574 -0.1617 0.065, 0.3686 -0.1953 0.065, 0.3767 -0.2297 0.065, 0.3816 -0.2648 0.065, 0.3832 -0.3001 0.065, 0.3816 -0.3355 0.065, 0.3767 -0.3706 0.065, 0.3686 -0.405 0.065, 0.3574 -0.4386 0.065, 0.3431 -0.471 0.065, 0.3258 -0.5019 0.065, 0.3058 -0.5311 0.065, 0.2832 -0.5583 0.065, 0.2582 -0.5834 0.065, 0.231 -0.606 0.065, 0.2017 -0.626 0.065, 0.1708 -0.6432 0.065, 0.1384 -0.6575 0.065, 0.1049 -0.6688 0.065, 0.0704 -0.6769 0.065, 0.0354 -0.6818 0.065, -0.0 -0.6834 0.065, -0.0354 -0.6818 0.065, -0.0704 -0.6769 0.065, -0.1049 -0.6688 0.065, -0.1385 -0.6575 0.065, -0.1708 -0.6432 0.065, -0.2018 -0.626 0.065, -0.231 -0.606 0.065, -0.2582 -0.5834 0.065, -0.2832 -0.5583 0.065, -0.3059 -0.5311 0.065, -0.3259 -0.5019 0.065, -0.3431 -0.471 0.065, -0.3574 -0.4386 0.065, -0.3686 -0.405 0.065, -0.3767 -0.3706 0.065, -0.3816 -0.3355 0.065, -0.3833 -0.3001 0.065, -0.3816 -0.2648 0.065, -0.3767 -0.2297 0.065, -0.3686 -0.1953 0.065, -0.3574 -0.1617 0.065, -0.3431 -0.1293 0.065, -0.3259 -0.0984 0.065, -0.3059 -0.0692 0.065, -0.2832 -0.042 0.065, -0.2582 -0.0169 0.065, -0.231 0.0057 0.065, -0.2018 0.0257 0.065, -0.1708 0.0429 0.065, -0.1385 0.0572 0.065, -0.1049 0.0685 0.065, -0.0704 0.0766 0.065, -0.0354 0.0815 0.065, -0.0 0.0831 0.065, 0.0367 0.0962 0.0606, 0.0731 0.0911 0.0606, 0.1089 0.0827 0.0606, 0.1438 0.071 0.0606, 0.1774 0.0561 0.0606, 0.2095 0.0383 0.0606, 0.2399 0.0175 0.0606, 0.2681 -0.006 0.0606, 0.2941 -0.032 0.0606, 0.3176 -0.0603 0.0606, 0.3384 -0.0906 0.0606, 0.3563 -0.1227 0.0606, 0.3711 -0.1564 0.0606, 0.3828 -0.1912 0.0606, 0.3912 -0.227 0.0606, 0.3963 -0.2634 0.0606, 0.398 -0.3001 0.0606, 0.3963 -0.3369 0.0606, 0.3912 -0.3733 0.0606, 0.3828 -0.4091 0.0606, 0.3711 -0.4439 0.0606, 0.3563 -0.4776 0.0606, 0.3384 -0.5097 0.0606, 0.3176 -0.54 0.0606, 0.2941 -0.5683 0.0606, 0.2681 -0.5943 0.0606, 0.2399 -0.6178 0.0606, 0.2095 -0.6386 0.0606, 0.1774 -0.6564 0.0606, 0.1438 -0.6713 0.0606, 0.1089 -0.683 0.0606, 0.0731 -0.6914 0.0606, 0.0367 -0.6965 0.0606, -0.0 -0.6982 0.0606, -0.0367 -0.6965 0.0606, -0.0731 -0.6914 0.0606, -0.1089 -0.683 0.0606, -0.1438 -0.6713 0.0606, -0.1774 -0.6564 0.0606, -0.2095 -0.6386 0.0606, -0.2399 -0.6178 0.0606, -0.2682 -0.5943 0.0606, -0.2942 -0.5683 0.0606, -0.3176 -0.54 0.0606, -0.3384 -0.5097 0.0606, -0.3563 -0.4776 0.0606, -0.3712 -0.4439 0.0606, -0.3828 -0.4091 0.0606, -0.3913 -0.3733 0.0606, -0.3963 -0.3369 0.0606, -0.398 -0.3001 0.0606, -0.3963 -0.2634 0.0606, -0.3913 -0.227 0.0606, -0.3828 -0.1912 0.0606, -0.3712 -0.1564 0.0606, -0.3563 -0.1227 0.0606, -0.3384 -0.0906 0.0606, -0.3176 -0.0603 0.0606, -0.2942 -0.032 0.0606, -0.2682 -0.006 0.0606, -0.2399 0.0175 0.0606, -0.2095 0.0383 0.0606, -0.1774 0.0561 0.0606, -0.1438 0.071 0.0606, -0.1089 0.0827 0.0606, -0.0731 0.0911 0.0606, -0.0367 0.0962 0.0606, -0.0 0.0979 0.0606, 0.104 0.0794 0.1378, 0.1077 0.0785 0.1378, 0.1079 0.0792 0.1327, 0.2005 0.0383 0.1378, 0.2072 0.0346 0.1378, 0.2076 0.0352 0.1327, 0.2827 -0.0267 0.1378, 0.2909 -0.0349 0.1378, 0.2914 -0.0345 0.1327, 0.3449 -0.1111 0.1378, 0.3524 -0.1247 0.1378, 0.353 -0.1244 0.1327, 0.3916 -0.2608 0.1378, 0.392 -0.2638 0.1378, 0.3927 -0.2638 0.1327, 0.3879 -0.3656 0.1378, 0.387 -0.3725 0.1378, 0.3876 -0.3726 0.1327, 0.3568 -0.4657 0.1378, 0.3524 -0.4756 0.1378, 0.353 -0.4759 0.1327, 0.3003 -0.5541 0.1378, 0.2909 -0.5654 0.1378, 0.2914 -0.5658 0.1327, -0.1775 -0.6514 0.1378, -0.2073 -0.6349 0.1378, -0.2076 -0.6355 0.1327, -0.2226 -0.6244 0.1378, -0.2373 -0.6143 0.1378, -0.2377 -0.6149 0.1327, -0.3916 -0.2608 0.1378, -0.387 -0.2278 0.1378, -0.3877 -0.2277 0.1327, -0.3826 -0.209 0.1378, -0.3787 -0.1924 0.1378, -0.3793 -0.1922 0.1327, 0.075 -0.7015 0.1188, 0.1117 -0.6929 0.1188, 0.1104 -0.6883 0.1207, 0.0377 0.1064 0.1188, 0.075 0.1012 0.1188, 0.1117 0.0926 0.1188, 0.1475 0.0806 0.1188, 0.182 0.0653 0.1188, 0.2149 0.047 0.1188, 0.246 0.0257 0.1188, 0.2751 0.0016 0.1188, 0.3017 -0.0251 0.1188, 0.3258 -0.0541 0.1188, 0.3471 -0.0852 0.1188, 0.3655 -0.1182 0.1188, 0.3807 -0.1527 0.1188, 0.3927 -0.1884 0.1188, 0.4013 -0.2251 0.1188, 0.4065 -0.2625 0.1188, 0.4083 -0.3001 0.1188, 0.4065 -0.3378 0.1188, 0.4013 -0.3752 0.1188, 0.3927 -0.4119 0.1188, 0.3807 -0.4476 0.1188, 0.3655 -0.4821 0.1188, 0.3471 -0.5151 0.1188, 0.3258 -0.5462 0.1188, 0.3017 -0.5752 0.1188, 0.2751 -0.6019 0.1188, 0.246 -0.626 0.1188, -0.2751 0.0016 0.1188, -0.3017 -0.0251 0.1188, -0.2982 -0.0283 0.1207, -0.3807 -0.4476 0.1188, -0.3655 -0.4821 0.1188, -0.3612 -0.48 0.1207, -0.0 -0.7084 0.1188, 0.0377 -0.7067 0.1188, 0.0372 -0.702 0.1207, -0.2461 0.0257 0.1188, -0.2719 -0.0019 0.1207, -0.2952 -0.031 0.1239, -0.3927 -0.4119 0.1188, -0.3763 -0.4459 0.1207, -0.3576 -0.4782 0.1239, -0.0377 -0.7067 0.1188, -0.0 -0.7037 0.1207, 0.0368 -0.6979 0.1239, 0.1443 -0.6726 0.1239, 0.1458 -0.6764 0.1207, 0.1475 -0.6809 0.1188, -0.0369 0.0976 0.1239, -0.0 0.0993 0.1239, -0.0 0.1034 0.1207, -0.2149 0.047 0.1188, -0.2432 0.0219 0.1207, -0.2691 -0.0049 0.1239, -0.2929 -0.0331 0.128, -0.4013 -0.3752 0.1188, -0.3881 -0.4106 0.1207, -0.3725 -0.4445 0.1239, -0.3548 -0.4768 0.128, -0.075 -0.7015 0.1188, -0.0372 -0.702 0.1207, -0.0 -0.6996 0.1239, 0.0366 -0.6948 0.128, 0.1767 -0.6549 0.128, 0.178 -0.6577 0.1239, 0.1799 -0.6614 0.1207, 0.182 -0.6656 0.1188, -0.0366 0.0945 0.128, -0.0 0.0962 0.128, -0.182 0.0653 0.1188, -0.2124 0.0429 0.1207, -0.2407 0.0186 0.1239, -0.267 -0.0073 0.128, -0.2915 -0.0345 0.1327, -0.337 -0.0915 0.128, -0.3163 -0.0613 0.128, -0.3188 -0.0594 0.1239, -0.4066 -0.3378 0.1188, -0.3967 -0.3743 0.1207, -0.3842 -0.4095 0.1239, -0.3696 -0.4433 0.128, -0.353 -0.4759 0.1327, -0.3163 -0.539 0.128, -0.337 -0.5088 0.128, -0.3396 -0.5104 0.1239, -0.1117 -0.6929 0.1188, -0.0742 -0.6968 0.1207, -0.0369 -0.6979 0.1239, -0.0 -0.6965 0.128, 0.0364 -0.6928 0.1327, 0.1085 -0.6814 0.128, 0.0728 -0.6897 0.128, 0.0734 -0.6928 0.1239, 0.2076 -0.6355 0.1327, 0.2086 -0.6371 0.128, 0.2103 -0.6398 0.1239, 0.2124 -0.6432 0.1207, 0.2149 -0.6473 0.1188, -0.0 0.0942 0.1327, -0.0364 0.0925 0.1327, -0.0725 0.0875 0.1327, -0.1425 0.0676 0.1327, -0.1079 0.0792 0.1327, -0.1085 0.0811 0.128, -0.0728 0.0894 0.128, -0.0734 0.0925 0.1239, -0.0372 0.1017 0.1207, -0.0 0.1081 0.1188, -0.075 0.1012 0.1188, -0.1117 0.0926 0.1188, -0.1104 0.088 0.1207, -0.1458 0.0761 0.1207, -0.1443 0.0723 0.1239, -0.1781 0.0574 0.1239, -0.1767 0.0546 0.128, -0.2087 0.0368 0.128, -0.2076 0.0352 0.1327, -0.2377 0.0146 0.1327, -0.3147 -0.0625 0.1327, -0.3353 -0.0925 0.1327, -0.353 -0.1244 0.1327, -0.3674 -0.1587 0.1378, -0.3671 -0.1579 0.1378, -0.3678 -0.1577 0.1327, -0.3548 -0.1235 0.128, -0.3396 -0.0899 0.1239, -0.322 -0.057 0.1207, -0.3655 -0.1182 0.1188, -0.3807 -0.1527 0.1188, -0.3763 -0.1544 0.1207, -0.3881 -0.1897 0.1207, -0.3842 -0.1908 0.1239, -0.3927 -0.2267 0.1239, -0.3896 -0.2273 0.128, -0.3947 -0.2636 0.128, -0.3927 -0.2638 0.1327, -0.3944 -0.3001 0.1327, -0.4013 -0.2251 0.1188, -0.4066 -0.2625 0.1188, -0.4018 -0.2629 0.1207, -0.4036 -0.3001 0.1207, -0.3995 -0.3001 0.1239, -0.3978 -0.337 0.1239, -0.3947 -0.3367 0.128, -0.3896 -0.373 0.128, -0.3877 -0.3726 0.1327, -0.3793 -0.4081 0.1327, -0.3353 -0.5078 0.1327, -0.3147 -0.5378 0.1327, -0.2915 -0.5658 0.1327, -0.2641 -0.5921 0.1378, -0.2652 -0.5911 0.1378, -0.2657 -0.5916 0.1327, -0.2929 -0.5672 0.128, -0.3188 -0.5409 0.1239, -0.3431 -0.5126 0.1207, -0.3017 -0.5752 0.1188, -0.2751 -0.6019 0.1188, -0.2719 -0.5984 0.1207, -0.2432 -0.6222 0.1207, -0.2407 -0.6189 0.1239, -0.2103 -0.6398 0.1239, -0.2087 -0.6371 0.128, -0.1767 -0.6549 0.128, -0.1758 -0.6532 0.1327, -0.1425 -0.6679 0.1327, -0.2149 -0.6473 0.1188, -0.182 -0.6656 0.1188, -0.1799 -0.6614 0.1207, -0.1458 -0.6764 0.1207, -0.1443 -0.6726 0.1239, -0.1093 -0.6844 0.1239, -0.1085 -0.6814 0.128, -0.0728 -0.6897 0.128, -0.0725 -0.6878 0.1327, -0.0364 -0.6928 0.1327, 0.0725 -0.6878 0.1327, 0.1079 -0.6795 0.1327, 0.1425 -0.6679 0.1327, 0.1775 -0.6514 0.1378, 0.1755 -0.6526 0.1378, 0.1758 -0.6532 0.1327, 0.1432 -0.6697 0.128, 0.1093 -0.6844 0.1239, 0.0741 -0.6968 0.1207, -0.104 0.0794 0.1378, -0.0724 0.0868 0.1378, -0.0524 0.0896 0.1378, -0.0363 0.0919 0.1378, -0.0 0.0936 0.1378, -0.2005 0.0383 0.1378, -0.1755 0.0523 0.1378, -0.1758 0.0529 0.1327, -0.1432 0.0694 0.128, -0.1093 0.0841 0.1239, -0.0742 0.0965 0.1207, -0.0377 0.1064 0.1188, -0.1536 0.062 0.1378, -0.1422 0.067 0.1378, -0.1078 0.0785 0.1378, -0.2828 -0.0267 0.1378, -0.2652 -0.0092 0.1378, -0.2657 -0.0087 0.1327, -0.2389 0.0161 0.128, -0.2103 0.0395 0.1239, -0.1799 0.0611 0.1207, -0.1475 0.0806 0.1188, -0.2438 0.0086 0.1378, -0.2373 0.014 0.1378, -0.2073 0.0346 0.1378, -0.291 -0.0349 0.1378, -0.3142 -0.0629 0.1378, -0.3524 -0.1247 0.1378, -0.3449 -0.1111 0.1378, -0.3347 -0.0929 0.1378, -0.3168 -0.0667 0.1378, -0.3696 -0.157 0.128, -0.3576 -0.1221 0.1239, -0.3431 -0.0877 0.1207, -0.3258 -0.0541 0.1188, -0.3471 -0.0852 0.1188, -0.3612 -0.1203 0.1207, -0.3725 -0.1558 0.1239, -0.3812 -0.1917 0.128, -0.388 -0.3656 0.1378, -0.392 -0.3365 0.1378, -0.3927 -0.3365 0.1327, -0.3963 -0.3001 0.128, -0.3978 -0.2633 0.1239, -0.3967 -0.226 0.1207, -0.3927 -0.1884 0.1188, -0.3931 -0.3133 0.1378, -0.3937 -0.3001 0.1378, -0.392 -0.2638 0.1378, -0.3568 -0.4657 0.1378, -0.3671 -0.4424 0.1378, -0.3678 -0.4426 0.1327, -0.3812 -0.4086 0.128, -0.3927 -0.3736 0.1239, -0.4018 -0.3374 0.1207, -0.4083 -0.3001 0.1188, -0.3757 -0.4167 0.1378, -0.3787 -0.4079 0.1378, -0.387 -0.3725 0.1378, -0.3524 -0.4756 0.1378, -0.3347 -0.5074 0.1378, -0.291 -0.5654 0.1378, -0.3003 -0.5541 0.1378, -0.3142 -0.5374 0.1378, -0.3317 -0.5119 0.1378, -0.267 -0.593 0.128, -0.2952 -0.5693 0.1239, -0.322 -0.5433 0.1207, -0.3471 -0.5151 0.1188, -0.3258 -0.5462 0.1188, -0.2982 -0.572 0.1207, -0.2691 -0.5954 0.1239, -0.2389 -0.6164 0.128, -0.0784 -0.6857 0.1378, -0.1078 -0.6788 0.1378, -0.1079 -0.6795 0.1327, -0.1432 -0.6697 0.128, -0.1781 -0.6577 0.1239, -0.2124 -0.6432 0.1207, -0.2461 -0.626 0.1188, -0.129 -0.6717 0.1378, -0.1422 -0.6673 0.1378, -0.1755 -0.6526 0.1378, 0.0263 -0.6926 0.1378, -0.0 -0.6939 0.1378, -0.0 -0.6945 0.1327, -0.0366 -0.6948 0.128, -0.0734 -0.6928 0.1239, -0.1104 -0.6883 0.1207, -0.1475 -0.6809 0.1188, -0.0263 -0.6926 0.1378, -0.0363 -0.6922 0.1378, -0.0724 -0.6871 0.1378, 0.0363 -0.6922 0.1378, 0.0723 -0.6871 0.1378, 0.1422 -0.6673 0.1378, 0.129 -0.6717 0.1378, 0.1077 -0.6788 0.1378, 0.0784 -0.6857 0.1378, 0.2072 -0.6349 0.1378, 0.2377 -0.6149 0.1327, 0.2372 -0.6143 0.1378, 0.2226 -0.6244 0.1378, 0.2432 -0.6222 0.1207, 0.2407 -0.6189 0.1239, 0.2388 -0.6164 0.128, 0.2657 -0.5916 0.1327, 0.2652 -0.5911 0.1378, 0.264 -0.5921 0.1378, 0.2719 -0.5984 0.1207, 0.2691 -0.5954 0.1239, 0.267 -0.593 0.128, 0.2982 -0.572 0.1207, 0.2952 -0.5693 0.1239, 0.2929 -0.5672 0.128, 0.322 -0.5433 0.1207, 0.3188 -0.5409 0.1239, 0.3163 -0.539 0.128, 0.3147 -0.5378 0.1327, 0.3142 -0.5374 0.1378, 0.3353 -0.5078 0.1327, 0.3347 -0.5074 0.1378, 0.3317 -0.5119 0.1378, 0.3431 -0.5126 0.1207, 0.3396 -0.5104 0.1239, 0.337 -0.5088 0.128, 0.3612 -0.48 0.1207, 0.3576 -0.4782 0.1239, 0.3548 -0.4768 0.128, 0.3763 -0.4459 0.1207, 0.3725 -0.4445 0.1239, 0.3696 -0.4433 0.128, 0.3677 -0.4426 0.1327, 0.3671 -0.4424 0.1378, 0.3793 -0.4081 0.1327, 0.3787 -0.4079 0.1378, 0.3757 -0.4167 0.1378, 0.3881 -0.4106 0.1207, 0.3842 -0.4095 0.1239, 0.3812 -0.4086 0.128, 0.3967 -0.3743 0.1207, 0.3927 -0.3736 0.1239, 0.3896 -0.373 0.128, 0.4018 -0.3374 0.1207, 0.3978 -0.337 0.1239, 0.3946 -0.3367 0.128, 0.3927 -0.3365 0.1327, 0.392 -0.3365 0.1378, 0.3944 -0.3001 0.1327, 0.3937 -0.3001 0.1378, 0.3931 -0.3133 0.1378, 0.4035 -0.3001 0.1207, 0.3995 -0.3001 0.1239, 0.3963 -0.3001 0.128, 0.4018 -0.2629 0.1207, 0.3978 -0.2633 0.1239, 0.3946 -0.2636 0.128, 0.3967 -0.226 0.1207, 0.3927 -0.2267 0.1239, 0.3896 -0.2273 0.128, 0.3876 -0.2277 0.1327, 0.387 -0.2278 0.1378, 0.3793 -0.1922 0.1327, 0.3787 -0.1924 0.1378, 0.3826 -0.209 0.1378, 0.3881 -0.1897 0.1207, 0.3842 -0.1908 0.1239, 0.3812 -0.1917 0.128, 0.3677 -0.1577 0.1327, 0.3671 -0.1579 0.1378, 0.3674 -0.1587 0.1378, 0.3763 -0.1544 0.1207, 0.3725 -0.1558 0.1239, 0.3696 -0.157 0.128, 0.3612 -0.1203 0.1207, 0.3576 -0.1221 0.1239, 0.3548 -0.1235 0.128, 0.3431 -0.0877 0.1207, 0.3396 -0.0899 0.1239, 0.337 -0.0915 0.128, 0.3353 -0.0925 0.1327, 0.3347 -0.0929 0.1378, 0.3147 -0.0625 0.1327, 0.3142 -0.0629 0.1378, 0.3168 -0.0667 0.1378, 0.322 -0.057 0.1207, 0.3188 -0.0594 0.1239, 0.3163 -0.0613 0.128, 0.2982 -0.0283 0.1207, 0.2952 -0.031 0.1239, 0.2929 -0.0331 0.128, 0.2719 -0.0019 0.1207, 0.2691 -0.0049 0.1239, 0.267 -0.0073 0.128, 0.2657 -0.0087 0.1327, 0.2652 -0.0092 0.1378, 0.2377 0.0146 0.1327, 0.2372 0.014 0.1378, 0.2438 0.0086 0.1378, 0.2432 0.0219 0.1207, 0.2407 0.0186 0.1239, 0.2388 0.0161 0.128, 0.2124 0.0429 0.1207, 0.2103 0.0395 0.1239, 0.2086 0.0368 0.128, 0.1799 0.0611 0.1207, 0.178 0.0574 0.1239, 0.1767 0.0546 0.128, 0.1758 0.0529 0.1327, 0.1755 0.0523 0.1378, 0.1425 0.0676 0.1327, 0.1422 0.067 0.1378, 0.1535 0.062 0.1378, 0.1458 0.0761 0.1207, 0.1443 0.0723 0.1239, 0.1432 0.0694 0.128, 0.1104 0.088 0.1207, 0.1093 0.0841 0.1239, 0.1085 0.0811 0.128, 0.0741 0.0965 0.1207, 0.0734 0.0925 0.1239, 0.0728 0.0894 0.128, 0.0725 0.0875 0.1327, 0.0723 0.0868 0.1378, 0.0364 0.0925 0.1327, 0.0363 0.0919 0.1378, 0.0524 0.0896 0.1378, 0.0372 0.1017 0.1207, 0.0368 0.0976 0.1239, 0.0366 0.0945 0.128, -0.0525 0.09 0.2136, -0.0 0.0936 0.2136, -0.104 0.0796 0.2136, -0.1537 0.0623 0.2136, -0.2006 0.0386 0.2136, -0.244 0.0088 0.2136, -0.283 -0.0265 0.2136, -0.317 -0.0666 0.2136, -0.3453 -0.1109 0.2136, -0.3674 -0.1587 0.2136, -0.383 -0.2089 0.2136, -0.3917 -0.2607 0.2136, -0.3935 -0.3133 0.2136, -0.3882 -0.3656 0.2136, -0.376 -0.4168 0.2136, -0.3571 -0.4659 0.2136, -0.3319 -0.512 0.2136, -0.3007 -0.5543 0.2136, -0.2641 -0.5921 0.2136, -0.2228 -0.6247 0.2136, -0.1776 -0.6515 0.2136, -0.1292 -0.6721 0.2136, -0.0784 -0.686 0.2136, -0.0263 -0.693 0.2136, 0.0263 -0.693 0.2136, 0.0784 -0.686 0.2136, 0.1291 -0.6721 0.2136, 0.1776 -0.6515 0.2136, 0.2228 -0.6247 0.2136, 0.2641 -0.5921 0.2136, 0.3006 -0.5543 0.2136, 0.3318 -0.512 0.2136, 0.3571 -0.4659 0.2136, 0.376 -0.4168 0.2136, 0.3882 -0.3656 0.2136, 0.3935 -0.3133 0.2136, 0.3917 -0.2607 0.2136, 0.383 -0.2089 0.2136, 0.3674 -0.1587 0.2136, 0.3452 -0.1109 0.2136, 0.3169 -0.0666 0.2136, 0.283 -0.0265 0.2136, 0.244 0.0088 0.2136, 0.2006 0.0386 0.2136, 0.1537 0.0623 0.2136, 0.104 0.0796 0.2136, 0.0525 0.09 0.2136, -0.3657 -0.2874 0.2358, -0.3649 -0.2634 0.2358, -0.0969 0.0536 0.2358, -0.051 0.0629 0.2358, -0.101 0.0522 0.2358, -0.1432 0.0375 0.2358, -0.149 0.0346 0.2358, -0.1869 0.0154 0.2358, -0.1941 0.0105 0.2358, -0.2273 -0.0123 0.2358, -0.2354 -0.0196 0.2358, -0.2637 -0.0452 0.2358, -0.2721 -0.0551 0.2358, -0.2953 -0.0826 0.2358, -0.3035 -0.0954 0.2358, -0.3217 -0.1239 0.2358, -0.329 -0.1397 0.2358, -0.3423 -0.1683 0.2358, -0.3604 -0.2366 0.2358, -0.3568 -0.2151 0.2358, -0.3481 -0.187 0.2358, -0.3666 -0.3124 0.2358, -0.364 -0.3384 0.2358, -0.3617 -0.3612 0.2358, -0.3551 -0.3887 0.2358, -0.3503 -0.4088 0.2358, -0.3394 -0.4373 0.2358, -0.3327 -0.4545 0.2358, -0.317 -0.4832 0.2358, -0.3092 -0.4975 0.2358, -0.2885 -0.5256 0.2358, -0.2801 -0.537 0.2358, -0.2544 -0.5636 0.2358, -0.246 -0.5722 0.2358, -0.2153 -0.5965 0.2358, -0.2076 -0.6025 0.2358, -0.172 -0.6236 0.2358, -0.1654 -0.6275 0.2358, -0.1253 -0.6445 0.2358, -0.1203 -0.6466 0.2358, -0.0762 -0.6587 0.2358, -0.0731 -0.6596 0.2358, -0.0256 -0.666 0.2358, -0.0245 -0.6661 0.2358, 0.0245 -0.6661 0.2358, 0.0256 -0.666 0.2358, 0.073 -0.6596 0.2358, 0.0762 -0.6587 0.2358, 0.1203 -0.6466 0.2358, 0.1253 -0.6445 0.2358, 0.1654 -0.6275 0.2358, 0.172 -0.6236 0.2358, 0.2076 -0.6025 0.2358, 0.2153 -0.5965 0.2358, 0.246 -0.5722 0.2358, 0.2543 -0.5636 0.2358, 0.2801 -0.537 0.2358, 0.2885 -0.5256 0.2358, 0.3091 -0.4975 0.2358, 0.317 -0.4832 0.2358, 0.3327 -0.4545 0.2358, 0.3617 -0.3612 0.2358, 0.3551 -0.3887 0.2358, 0.3503 -0.4088 0.2358, 0.3393 -0.4373 0.2358, 0.3657 -0.2874 0.2358, 0.3666 -0.3124 0.2358, 0.3639 -0.3384 0.2358, 0.3604 -0.2366 0.2358, 0.3649 -0.2634 0.2358, 0.3481 -0.187 0.2358, 0.3568 -0.2151 0.2358, 0.329 -0.1397 0.2358, 0.3423 -0.1683 0.2358, 0.3035 -0.0954 0.2358, 0.3216 -0.1239 0.2358, 0.2721 -0.0551 0.2358, 0.2953 -0.0826 0.2358, 0.2354 -0.0196 0.2358, 0.2636 -0.0452 0.2358, 0.1941 0.0105 0.2358, 0.2273 -0.0123 0.2358, 0.149 0.0346 0.2358, 0.1869 0.0154 0.2358, 0.101 0.0522 0.2358, 0.1432 0.0375 0.2358, -0.0489 0.0634 0.2358, -0.0 0.0666 0.2358, 0.0489 0.0634 0.2358, 0.051 0.0629 0.2358, 0.0969 0.0536 0.2358, -0.0509 0.0623 0.2766, -0.0245 0.0658 0.2766, -0.0731 0.0593 0.2766, -0.1009 0.0517 0.2766, -0.1203 0.0463 0.2766, -0.1489 0.0342 0.2766, -0.1654 0.0272 0.2766, -0.194 0.0103 0.2766, -0.2076 0.0022 0.2766, -0.2354 -0.0197 0.2766, -0.246 -0.0281 0.2766, -0.2722 -0.0551 0.2766, -0.2801 -0.0633 0.2766, -0.3037 -0.0953 0.2766, -0.3092 -0.1028 0.2766, -0.3293 -0.1396 0.2766, -0.3327 -0.1458 0.2766, -0.3486 -0.1869 0.2766, -0.3503 -0.1915 0.2766, -0.361 -0.2365 0.2766, -0.3617 -0.2391 0.2766, -0.3665 -0.2874 0.2766, -0.3666 -0.2879 0.2766, -0.3649 -0.3369 0.2766, -0.3647 -0.3385 0.2766, -0.3568 -0.3852 0.2766, -0.3557 -0.3888 0.2766, -0.3423 -0.432 0.2766, -0.3398 -0.4374 0.2766, -0.3217 -0.4764 0.2766, -0.3173 -0.4833 0.2766, -0.2953 -0.5177 0.2766, -0.2886 -0.5256 0.2766, -0.2637 -0.5551 0.2766, -0.2544 -0.5635 0.2766, -0.2273 -0.588 0.2766, -0.2152 -0.5963 0.2766, -0.1869 -0.6157 0.2766, -0.1719 -0.6233 0.2766, -0.1432 -0.6378 0.2766, -0.1252 -0.6441 0.2766, -0.0969 -0.6539 0.2766, -0.0761 -0.6581 0.2766, -0.0489 -0.6637 0.2766, -0.0255 -0.6652 0.2766, -0.0 -0.6669 0.2766, 0.0255 -0.6652 0.2766, 0.0489 -0.6637 0.2766, 0.0761 -0.6581 0.2766, 0.0969 -0.6539 0.2766, 0.1252 -0.6441 0.2766, 0.1432 -0.6378 0.2766, 0.1718 -0.6233 0.2766, 0.1869 -0.6157 0.2766, 0.2152 -0.5963 0.2766, 0.2273 -0.588 0.2766, 0.2544 -0.5635 0.2766, 0.2636 -0.5551 0.2766, 0.2886 -0.5256 0.2766, 0.2953 -0.5177 0.2766, 0.3172 -0.4833 0.2766, 0.3216 -0.4764 0.2766, 0.3397 -0.4374 0.2766, 0.3423 -0.432 0.2766, 0.3556 -0.3888 0.2766, 0.3568 -0.3852 0.2766, 0.3647 -0.3385 0.2766, 0.3649 -0.3369 0.2766, 0.3666 -0.2879 0.2766, -0.0 0.0666 0.2766, 0.0245 0.0658 0.2766, 0.0509 0.0623 0.2766, 0.073 0.0593 0.2766, 0.1009 0.0517 0.2766, 0.1203 0.0463 0.2766, 0.1489 0.0342 0.2766, 0.1654 0.0272 0.2766, 0.194 0.0103 0.2766, 0.2076 0.0022 0.2766, 0.2353 -0.0197 0.2766, 0.246 -0.0281 0.2766, 0.2721 -0.0551 0.2766, 0.2801 -0.0633 0.2766, 0.3037 -0.0953 0.2766, 0.3091 -0.1028 0.2766, 0.3293 -0.1396 0.2766, 0.3327 -0.1458 0.2766, 0.3485 -0.1869 0.2766, 0.3503 -0.1915 0.2766, 0.361 -0.2365 0.2766, 0.3617 -0.2391 0.2766, 0.3665 -0.2874 0.2766, -0.3926 -0.3133 0.3006, -0.3935 -0.287 0.3006, -0.3909 -0.2608 0.3006, -0.3882 -0.2347 0.3006, -0.3821 -0.2091 0.3006, -0.376 -0.1835 0.3006, -0.3666 -0.159 0.3006, -0.3571 -0.1344 0.3006, -0.3445 -0.1114 0.3006, -0.3319 -0.0883 0.3006, -0.3163 -0.0671 0.3006, -0.3007 -0.046 0.3006, -0.2824 -0.0271 0.3006, -0.2641 -0.0082 0.3006, -0.2435 0.0081 0.3006, -0.2228 0.0244 0.3006, -0.2002 0.0378 0.3006, -0.1776 0.0512 0.3006, -0.1534 0.0615 0.3006, -0.1292 0.0718 0.3006, -0.1038 0.0787 0.3006, -0.0784 0.0857 0.3006, -0.0524 0.0892 0.3006, -0.0263 0.0927 0.3006, -0.0 0.0936 0.3006, 0.0263 0.0927 0.3006, 0.0523 0.0892 0.3006, 0.0784 0.0857 0.3006, 0.1038 0.0787 0.3006, 0.1291 0.0718 0.3006, 0.1533 0.0615 0.3006, 0.1776 0.0512 0.3006, 0.2002 0.0378 0.3006, 0.2228 0.0244 0.3006, 0.2434 0.0081 0.3006, 0.2641 -0.0082 0.3006, 0.2824 -0.0271 0.3006, 0.3006 -0.046 0.3006, 0.3162 -0.0671 0.3006, 0.3318 -0.0883 0.3006, 0.3445 -0.1114 0.3006, 0.3571 -0.1344 0.3006, 0.3666 -0.159 0.3006, 0.376 -0.1835 0.3006, 0.3821 -0.2091 0.3006, 0.3882 -0.2347 0.3006, 0.3908 -0.2608 0.3006, 0.3935 -0.287 0.3006, 0.3926 -0.3133 0.3006, 0.3917 -0.3396 0.3006, 0.3873 -0.3655 0.3006, 0.383 -0.3914 0.3006, 0.3752 -0.4165 0.3006, 0.3674 -0.4416 0.3006, 0.3563 -0.4655 0.3006, 0.3452 -0.4894 0.3006, 0.3311 -0.5115 0.3006, 0.3169 -0.5337 0.3006, 0.3 -0.5538 0.3006, 0.283 -0.5738 0.3006, 0.2635 -0.5915 0.3006, 0.244 -0.6091 0.3006, 0.2223 -0.624 0.3006, 0.2006 -0.6389 0.3006, 0.1772 -0.6508 0.3006, 0.1537 -0.6626 0.3006, 0.1288 -0.6712 0.3006, 0.104 -0.6799 0.3006, 0.0782 -0.6851 0.3006, 0.0525 -0.6903 0.3006, 0.0262 -0.6921 0.3006, -0.0 -0.6939 0.3006, -0.0262 -0.6921 0.3006, -0.0525 -0.6903 0.3006, -0.0783 -0.6851 0.3006, -0.104 -0.6799 0.3006, -0.1289 -0.6712 0.3006, -0.1537 -0.6626 0.3006, -0.1772 -0.6508 0.3006, -0.2006 -0.6389 0.3006, -0.2223 -0.624 0.3006, -0.244 -0.6091 0.3006, -0.2635 -0.5915 0.3006, -0.283 -0.5738 0.3006, -0.3 -0.5538 0.3006, -0.317 -0.5337 0.3006, -0.3311 -0.5115 0.3006, -0.3453 -0.4894 0.3006, -0.3563 -0.4655 0.3006, -0.3674 -0.4416 0.3006, -0.3752 -0.4165 0.3006, -0.383 -0.3914 0.3006, -0.3874 -0.3655 0.3006, -0.3917 -0.3396 0.3006, -0.0525 0.09 0.4543, -0.0 0.0936 0.4543, -0.104 0.0796 0.4543, -0.1537 0.0623 0.4543, -0.2006 0.0386 0.4543, -0.244 0.0088 0.4543, -0.283 -0.0265 0.4543, -0.317 -0.0666 0.4543, -0.3453 -0.1109 0.4543, -0.3674 -0.1587 0.4543, -0.383 -0.2089 0.4543, -0.3917 -0.2607 0.4543, -0.3935 -0.3133 0.4543, -0.3882 -0.3656 0.4543, -0.376 -0.4168 0.4543, -0.3571 -0.4659 0.4543, -0.3319 -0.512 0.4543, -0.3007 -0.5543 0.4543, -0.2641 -0.5921 0.4543, -0.2228 -0.6247 0.4543, -0.1776 -0.6515 0.4543, -0.1292 -0.6721 0.4543, -0.0784 -0.686 0.4543, -0.0263 -0.693 0.4543, 0.0263 -0.693 0.4543, 0.0784 -0.686 0.4543, 0.1291 -0.6721 0.4543, 0.1776 -0.6515 0.4543, 0.2228 -0.6247 0.4543, 0.2641 -0.5921 0.4543, 0.3006 -0.5543 0.4543, 0.3318 -0.512 0.4543, 0.3571 -0.4659 0.4543, 0.376 -0.4168 0.4543, 0.3882 -0.3656 0.4543, 0.3935 -0.3133 0.4543, 0.3917 -0.2607 0.4543, 0.383 -0.2089 0.4543, 0.3674 -0.1587 0.4543, 0.3452 -0.1109 0.4543, 0.3169 -0.0666 0.4543, 0.283 -0.0265 0.4543, 0.244 0.0088 0.4543, 0.2006 0.0386 0.4543, 0.1537 0.0623 0.4543, 0.104 0.0796 0.4543, 0.0525 0.09 0.4543, 0.4331 0.0542 0.0591, 0.5118 0.0542 0.0591, 0.4331 -0.6545 0.0591, 0.5118 -0.6545 0.0591, 0.4331 -0.6545 0.0, 0.5118 -0.6545 0.0, 0.4331 0.0542 0.0, 0.5118 0.0542 0.0, -0.5118 0.0542 0.0591, -0.4331 0.0542 0.0591, -0.5118 -0.6151 0.0591, -0.4331 -0.6545 0.0591, -0.4725 -0.6545 0.0591, -0.4331 -0.6545 0.0, -0.4725 -0.6545 0.0, -0.4331 0.0542 0.0, -0.5118 0.0542 0.0
            ]
        }
        coordIndex [
            0,1,2,-1,0,2,3,-1,4,3,2,-1,5,4,2,-1,6,5,2,-1,7,6,2,-1,8,7,2,-1,9,8,2,-1,10,9,2,-1,11,10,2,-1,12,11,2,-1,13,12,2,-1,14,13,2,-1,15,14,2,-1,16,15,2,-1,17,16,2,-1,18,17,2,-1,19,18,2,-1,20,19,2,-1,21,20,2,-1,22,21,2,-1,23,22,2,-1,24,23,2,-1,25,24,2,-1,1,25,2,-1,26,27,28,-1,28,29,26,-1,26,29,30,-1,26,30,31,-1,30,32,31,-1,31,32,33,-1,31,33,34,-1,33,35,34,-1,34,35,36,-1,34,36,37,-1,36,38,37,-1,37,38,39,-1,37,39,40,-1,39,41,40,-1,40,41,42,-1,40,42,43,-1,42,44,43,-1,43,44,45,-1,43,45,46,-1,45,47,46,-1,46,47,48,-1,46,48,49,-1,48,50,49,-1,49,50,51,-1,49,51,52,-1,51,53,52,-1,52,53,54,-1,52,54,55,-1,54,56,55,-1,55,56,57,-1,55,57,58,-1,57,59,58,-1,58,59,60,-1,58,60,61,-1,60,62,61,-1,61,62,63,-1,61,63,64,-1,63,65,64,-1,64,65,66,-1,64,66,67,-1,66,68,67,-1,67,68,69,-1,67,69,70,-1,69,71,70,-1,70,71,72,-1,70,72,73,-1,72,74,73,-1,73,74,75,-1,73,75,76,-1,75,77,76,-1,76,77,78,-1,76,78,79,-1,78,80,79,-1,79,80,81,-1,79,81,82,-1,81,83,82,-1,82,83,84,-1,82,84,85,-1,84,86,85,-1,85,86,87,-1,85,87,88,-1,87,89,88,-1,88,89,90,-1,88,90,91,-1,90,92,91,-1,91,92,93,-1,91,93,94,-1,94,93,95,-1,94,95,96,-1,96,95,97,-1,96,97,27,-1,27,97,98,-1,27,98,28,-1,94,99,91,-1,91,99,100,-1,91,100,88,-1,88,100,101,-1,88,101,85,-1,85,101,102,-1,85,102,82,-1,82,102,103,-1,82,103,79,-1,79,103,104,-1,79,104,76,-1,76,104,105,-1,76,105,73,-1,73,105,106,-1,73,106,70,-1,70,106,107,-1,70,107,67,-1,67,107,108,-1,67,108,64,-1,64,108,109,-1,64,109,61,-1,61,109,110,-1,61,110,58,-1,58,110,111,-1,58,111,55,-1,55,111,112,-1,55,112,52,-1,52,112,113,-1,52,113,49,-1,49,113,114,-1,49,114,46,-1,46,114,115,-1,46,115,43,-1,43,115,116,-1,43,116,40,-1,40,116,117,-1,40,117,37,-1,37,117,118,-1,37,118,34,-1,34,118,119,-1,34,119,31,-1,31,119,120,-1,31,120,26,-1,26,120,121,-1,26,121,27,-1,27,121,122,-1,27,122,96,-1,96,122,123,-1,96,123,94,-1,94,123,99,-1,99,124,100,-1,100,124,125,-1,100,125,101,-1,101,125,126,-1,101,126,102,-1,102,126,127,-1,102,127,103,-1,103,127,128,-1,103,128,104,-1,104,128,129,-1,104,129,105,-1,105,129,130,-1,105,130,106,-1,106,130,131,-1,106,131,107,-1,107,131,132,-1,107,132,108,-1,108,132,133,-1,108,133,109,-1,109,133,134,-1,109,134,110,-1,110,134,135,-1,110,135,111,-1,111,135,136,-1,111,136,112,-1,112,136,137,-1,112,137,113,-1,113,137,138,-1,113,138,114,-1,114,138,139,-1,114,139,115,-1,115,139,140,-1,115,140,116,-1,116,140,141,-1,116,141,117,-1,117,141,142,-1,117,142,118,-1,118,142,143,-1,118,143,119,-1,119,143,144,-1,119,144,120,-1,120,144,145,-1,120,145,121,-1,121,145,146,-1,121,146,122,-1,122,146,147,-1,122,147,123,-1,123,147,148,-1,123,148,99,-1,99,148,124,-1,124,149,125,-1,125,149,150,-1,125,150,126,-1,126,150,151,-1,126,151,127,-1,127,151,152,-1,127,152,128,-1,128,152,153,-1,128,153,129,-1,129,153,154,-1,129,154,130,-1,130,154,155,-1,130,155,131,-1,131,155,156,-1,131,156,132,-1,132,156,157,-1,132,157,133,-1,133,157,158,-1,133,158,134,-1,134,158,159,-1,134,159,135,-1,135,159,160,-1,135,160,136,-1,136,160,161,-1,136,161,137,-1,137,161,162,-1,137,162,138,-1,138,162,163,-1,138,163,139,-1,139,163,164,-1,139,164,140,-1,140,164,165,-1,140,165,141,-1,141,165,166,-1,141,166,142,-1,142,166,167,-1,142,167,143,-1,143,167,168,-1,143,168,144,-1,144,168,169,-1,144,169,145,-1,145,169,170,-1,145,170,146,-1,146,170,171,-1,146,171,147,-1,147,171,172,-1,147,172,148,-1,148,172,173,-1,148,173,124,-1,124,173,149,-1,149,174,150,-1,150,174,175,-1,150,175,151,-1,151,175,176,-1,151,176,152,-1,152,176,177,-1,152,177,153,-1,153,177,178,-1,153,178,154,-1,154,178,179,-1,154,179,155,-1,155,179,180,-1,155,180,156,-1,156,180,181,-1,156,181,157,-1,157,181,182,-1,157,182,158,-1,158,182,183,-1,158,183,159,-1,159,183,184,-1,159,184,160,-1,160,184,185,-1,160,185,161,-1,161,185,186,-1,161,186,162,-1,162,186,187,-1,162,187,163,-1,163,187,188,-1,163,188,164,-1,164,188,189,-1,164,189,165,-1,165,189,190,-1,165,190,166,-1,166,190,191,-1,166,191,167,-1,167,191,192,-1,167,192,168,-1,168,192,193,-1,168,193,169,-1,169,193,194,-1,169,194,170,-1,170,194,195,-1,170,195,171,-1,171,195,196,-1,171,196,172,-1,172,196,197,-1,172,197,173,-1,173,197,198,-1,173,198,149,-1,149,198,174,-1,174,1,175,-1,175,1,0,-1,175,0,176,-1,176,0,3,-1,176,3,177,-1,177,3,4,-1,177,4,178,-1,178,4,5,-1,178,5,179,-1,179,5,6,-1,179,6,180,-1,180,6,7,-1,180,7,181,-1,181,7,8,-1,181,8,182,-1,182,8,9,-1,182,9,183,-1,183,9,10,-1,183,10,184,-1,184,10,11,-1,184,11,185,-1,185,11,12,-1,185,12,186,-1,186,12,13,-1,186,13,187,-1,187,13,14,-1,187,14,188,-1,188,14,15,-1,188,15,189,-1,189,15,16,-1,189,16,190,-1,190,16,17,-1,190,17,191,-1,191,17,18,-1,191,18,192,-1,192,18,19,-1,192,19,193,-1,193,19,20,-1,193,20,194,-1,194,20,21,-1,194,21,195,-1,195,21,22,-1,195,22,196,-1,196,22,23,-1,196,23,197,-1,197,23,24,-1,197,24,198,-1,198,24,25,-1,198,25,174,-1,174,25,1,-1,71,199,72,-1,72,199,200,-1,72,200,74,-1,68,201,69,-1,69,201,202,-1,69,202,71,-1,71,202,203,-1,71,203,199,-1,65,204,66,-1,66,204,205,-1,66,205,68,-1,68,205,206,-1,68,206,201,-1,62,207,63,-1,63,207,208,-1,63,208,65,-1,65,208,209,-1,65,209,204,-1,59,210,60,-1,60,210,211,-1,60,211,62,-1,62,211,212,-1,62,212,207,-1,56,213,57,-1,57,213,214,-1,57,214,59,-1,59,214,215,-1,59,215,210,-1,53,216,54,-1,54,216,217,-1,54,217,56,-1,56,217,218,-1,56,218,213,-1,48,219,50,-1,50,219,220,-1,50,220,51,-1,51,220,221,-1,51,221,53,-1,53,221,222,-1,53,222,216,-1,45,223,47,-1,47,223,224,-1,47,224,48,-1,48,224,225,-1,48,225,219,-1,42,226,44,-1,44,226,227,-1,44,227,45,-1,45,227,228,-1,45,228,223,-1,39,229,41,-1,41,229,230,-1,41,230,42,-1,42,230,231,-1,42,231,226,-1,36,232,38,-1,38,232,233,-1,38,233,39,-1,39,233,234,-1,39,234,229,-1,33,235,35,-1,35,235,236,-1,35,236,36,-1,36,236,237,-1,36,237,232,-1,30,238,32,-1,32,238,239,-1,32,239,33,-1,33,239,240,-1,33,240,235,-1,28,241,29,-1,29,241,242,-1,29,242,30,-1,30,242,243,-1,30,243,238,-1,244,245,28,-1,245,246,28,-1,28,246,247,-1,28,247,241,-1,28,98,244,-1,244,98,97,-1,244,97,248,-1,248,97,95,-1,92,249,93,-1,93,249,250,-1,93,250,95,-1,95,250,251,-1,95,251,248,-1,89,252,90,-1,90,252,253,-1,90,253,92,-1,92,253,254,-1,92,254,249,-1,84,255,86,-1,86,255,256,-1,86,256,87,-1,256,257,87,-1,87,257,258,-1,87,258,89,-1,89,258,259,-1,89,259,252,-1,200,260,74,-1,74,260,261,-1,74,261,75,-1,75,261,262,-1,75,262,77,-1,77,262,263,-1,77,263,78,-1,78,263,264,-1,78,264,80,-1,80,264,265,-1,80,265,81,-1,81,265,266,-1,81,266,83,-1,83,266,267,-1,83,267,84,-1,84,267,268,-1,84,268,255,-1,262,261,269,-1,200,199,270,-1,202,201,271,-1,205,204,272,-1,208,207,273,-1,211,210,274,-1,214,213,275,-1,217,216,276,-1,221,220,277,-1,225,224,278,-1,228,227,279,-1,231,230,280,-1,234,233,281,-1,237,236,282,-1,240,239,283,-1,243,242,284,-1,247,246,285,-1,244,248,286,-1,250,249,287,-1,253,252,288,-1,258,257,289,-1,255,268,290,-1,266,265,291,-1,292,293,294,-1,294,293,295,-1,294,295,296,-1,296,295,297,-1,296,297,298,-1,298,297,299,-1,298,299,300,-1,300,299,301,-1,300,301,302,-1,302,301,303,-1,302,303,304,-1,304,303,305,-1,304,305,306,-1,306,305,307,-1,306,307,308,-1,308,307,309,-1,308,309,310,-1,310,309,291,-1,310,291,264,-1,264,291,265,-1,267,266,311,-1,311,266,291,-1,311,291,312,-1,312,291,309,-1,312,309,313,-1,313,309,307,-1,313,307,314,-1,314,307,305,-1,314,305,315,-1,315,305,303,-1,315,303,316,-1,316,303,301,-1,316,301,317,-1,317,301,299,-1,317,299,318,-1,318,299,297,-1,318,297,319,-1,319,297,295,-1,319,295,320,-1,320,295,293,-1,320,321,319,-1,319,321,322,-1,319,322,318,-1,318,322,323,-1,318,323,317,-1,317,323,324,-1,317,324,316,-1,316,324,325,-1,316,325,315,-1,315,325,326,-1,315,326,314,-1,314,326,327,-1,314,327,313,-1,313,327,328,-1,313,328,312,-1,312,328,329,-1,312,329,311,-1,311,329,290,-1,311,290,267,-1,267,290,268,-1,256,255,330,-1,330,255,290,-1,330,290,331,-1,331,290,329,-1,331,329,332,-1,332,329,328,-1,332,328,333,-1,333,328,327,-1,333,327,334,-1,334,327,326,-1,334,326,335,-1,335,326,325,-1,335,325,336,-1,336,325,324,-1,336,324,337,-1,337,324,323,-1,337,323,338,-1,338,323,322,-1,338,322,339,-1,339,322,321,-1,339,340,338,-1,338,340,341,-1,338,341,337,-1,337,341,342,-1,337,342,336,-1,336,342,343,-1,336,343,335,-1,335,343,344,-1,335,344,334,-1,334,344,345,-1,334,345,333,-1,333,345,346,-1,333,346,332,-1,332,346,347,-1,332,347,331,-1,331,347,348,-1,331,348,330,-1,330,348,289,-1,330,289,256,-1,256,289,257,-1,259,258,349,-1,349,258,289,-1,349,289,350,-1,350,289,348,-1,350,348,351,-1,351,348,347,-1,351,347,352,-1,352,347,346,-1,352,346,353,-1,353,346,345,-1,353,345,354,-1,354,345,344,-1,354,344,355,-1,355,344,343,-1,355,343,356,-1,356,343,342,-1,356,342,357,-1,357,342,341,-1,357,341,358,-1,358,341,340,-1,358,359,357,-1,357,359,360,-1,357,360,356,-1,356,360,361,-1,356,361,355,-1,355,361,362,-1,355,362,354,-1,354,362,363,-1,354,363,353,-1,353,363,364,-1,353,364,352,-1,352,364,365,-1,352,365,351,-1,351,365,366,-1,351,366,350,-1,350,366,367,-1,350,367,349,-1,349,367,288,-1,349,288,259,-1,259,288,252,-1,254,253,368,-1,368,253,288,-1,368,288,369,-1,369,288,367,-1,369,367,370,-1,370,367,366,-1,370,366,371,-1,371,366,365,-1,371,365,372,-1,372,365,364,-1,372,364,373,-1,373,364,363,-1,373,363,374,-1,374,363,362,-1,374,362,375,-1,375,362,361,-1,375,361,376,-1,376,361,360,-1,376,360,377,-1,377,360,359,-1,377,378,376,-1,376,378,379,-1,376,379,375,-1,375,379,380,-1,375,380,374,-1,374,380,381,-1,374,381,373,-1,373,381,382,-1,373,382,372,-1,372,382,383,-1,372,383,371,-1,371,383,384,-1,371,384,370,-1,370,384,385,-1,370,385,369,-1,369,385,386,-1,369,386,368,-1,368,386,287,-1,368,287,254,-1,254,287,249,-1,251,250,387,-1,387,250,287,-1,387,287,388,-1,388,287,386,-1,388,386,389,-1,389,386,385,-1,389,385,390,-1,390,385,384,-1,390,384,391,-1,391,384,383,-1,391,383,392,-1,392,383,382,-1,392,382,393,-1,393,382,381,-1,393,381,394,-1,394,381,380,-1,394,380,395,-1,395,380,379,-1,395,379,396,-1,396,379,378,-1,396,397,395,-1,395,397,398,-1,395,398,394,-1,394,398,399,-1,394,399,393,-1,393,399,400,-1,393,400,392,-1,392,400,401,-1,392,401,391,-1,391,401,402,-1,391,402,390,-1,390,402,403,-1,390,403,389,-1,389,403,404,-1,389,404,388,-1,388,404,405,-1,388,405,387,-1,387,405,286,-1,387,286,251,-1,251,286,248,-1,245,244,406,-1,406,244,286,-1,406,286,407,-1,407,286,405,-1,407,405,408,-1,408,405,404,-1,408,404,409,-1,409,404,403,-1,409,403,410,-1,410,403,402,-1,410,402,411,-1,411,402,401,-1,411,401,412,-1,412,401,400,-1,412,400,413,-1,413,400,399,-1,413,399,414,-1,414,399,398,-1,414,398,415,-1,415,398,397,-1,415,416,414,-1,414,416,417,-1,414,417,413,-1,413,417,418,-1,413,418,412,-1,412,418,419,-1,412,419,411,-1,411,419,420,-1,411,420,410,-1,410,420,421,-1,410,421,409,-1,409,421,422,-1,409,422,408,-1,408,422,423,-1,408,423,407,-1,407,423,424,-1,407,424,406,-1,406,424,285,-1,406,285,245,-1,245,285,246,-1,241,247,425,-1,425,247,285,-1,425,285,426,-1,426,285,424,-1,426,424,427,-1,427,424,423,-1,427,423,428,-1,428,423,422,-1,428,422,429,-1,429,422,421,-1,429,421,430,-1,430,421,420,-1,430,420,431,-1,431,420,419,-1,431,419,432,-1,432,419,418,-1,432,418,433,-1,433,418,417,-1,433,417,434,-1,434,417,416,-1,434,435,433,-1,433,435,436,-1,433,436,432,-1,432,436,437,-1,432,437,431,-1,431,437,438,-1,431,438,430,-1,430,438,439,-1,430,439,429,-1,429,439,440,-1,429,440,428,-1,428,440,441,-1,428,441,427,-1,427,441,442,-1,427,442,426,-1,426,442,443,-1,426,443,425,-1,425,443,284,-1,425,284,241,-1,241,284,242,-1,238,243,444,-1,444,243,284,-1,444,284,445,-1,445,284,443,-1,445,443,446,-1,446,443,442,-1,446,442,447,-1,447,442,441,-1,447,441,448,-1,448,441,440,-1,448,440,449,-1,449,440,439,-1,449,439,450,-1,450,439,438,-1,450,438,451,-1,451,438,437,-1,451,437,452,-1,452,437,436,-1,452,436,453,-1,453,436,435,-1,453,454,452,-1,452,454,455,-1,452,455,451,-1,451,455,456,-1,451,456,450,-1,450,456,457,-1,450,457,449,-1,449,457,458,-1,449,458,448,-1,448,458,459,-1,448,459,447,-1,447,459,460,-1,447,460,446,-1,446,460,461,-1,446,461,445,-1,445,461,462,-1,445,462,444,-1,444,462,283,-1,444,283,238,-1,238,283,239,-1,235,240,463,-1,463,240,283,-1,463,283,464,-1,464,283,462,-1,464,462,465,-1,465,462,461,-1,465,461,466,-1,466,461,460,-1,466,460,467,-1,467,460,459,-1,467,459,468,-1,468,459,458,-1,468,458,469,-1,469,458,457,-1,469,457,470,-1,470,457,456,-1,470,456,471,-1,471,456,455,-1,471,455,472,-1,472,455,454,-1,472,473,471,-1,471,473,474,-1,471,474,470,-1,470,474,475,-1,470,475,469,-1,469,475,476,-1,469,476,468,-1,468,476,477,-1,468,477,467,-1,467,477,478,-1,467,478,466,-1,466,478,479,-1,466,479,465,-1,465,479,480,-1,465,480,464,-1,464,480,481,-1,464,481,463,-1,463,481,282,-1,463,282,235,-1,235,282,236,-1,232,237,482,-1,482,237,282,-1,482,282,483,-1,483,282,481,-1,483,481,484,-1,484,481,480,-1,484,480,485,-1,485,480,479,-1,485,479,486,-1,486,479,478,-1,486,478,487,-1,487,478,477,-1,487,477,488,-1,488,477,476,-1,488,476,489,-1,489,476,475,-1,489,475,490,-1,490,475,474,-1,490,474,491,-1,491,474,473,-1,491,492,490,-1,490,492,493,-1,490,493,489,-1,489,493,494,-1,489,494,488,-1,488,494,495,-1,488,495,487,-1,487,495,496,-1,487,496,486,-1,486,496,497,-1,486,497,485,-1,485,497,498,-1,485,498,484,-1,484,498,499,-1,484,499,483,-1,483,499,500,-1,483,500,482,-1,482,500,281,-1,482,281,232,-1,232,281,233,-1,229,234,501,-1,501,234,281,-1,501,281,502,-1,502,281,500,-1,502,500,503,-1,503,500,499,-1,503,499,504,-1,504,499,498,-1,504,498,505,-1,505,498,497,-1,505,497,506,-1,506,497,496,-1,506,496,507,-1,507,496,495,-1,507,495,508,-1,508,495,494,-1,508,494,509,-1,509,494,493,-1,509,493,510,-1,510,493,492,-1,510,511,509,-1,509,511,512,-1,509,512,508,-1,508,512,513,-1,508,513,507,-1,507,513,514,-1,507,514,506,-1,506,514,515,-1,506,515,505,-1,505,515,516,-1,505,516,504,-1,504,516,517,-1,504,517,503,-1,503,517,518,-1,503,518,502,-1,502,518,519,-1,502,519,501,-1,501,519,280,-1,501,280,229,-1,229,280,230,-1,226,231,520,-1,520,231,280,-1,520,280,521,-1,521,280,519,-1,521,519,522,-1,522,519,518,-1,522,518,523,-1,523,518,517,-1,523,517,524,-1,524,517,516,-1,524,516,525,-1,525,516,515,-1,525,515,526,-1,526,515,514,-1,526,514,527,-1,527,514,513,-1,527,513,528,-1,528,513,512,-1,528,512,529,-1,529,512,511,-1,529,530,528,-1,528,530,531,-1,528,531,527,-1,527,531,532,-1,527,532,526,-1,526,532,533,-1,526,533,525,-1,525,533,534,-1,525,534,524,-1,524,534,535,-1,524,535,523,-1,523,535,536,-1,523,536,522,-1,522,536,537,-1,522,537,521,-1,521,537,538,-1,521,538,520,-1,520,538,279,-1,520,279,226,-1,226,279,227,-1,223,228,539,-1,539,228,279,-1,539,279,540,-1,540,279,538,-1,540,538,541,-1,541,538,537,-1,541,537,542,-1,542,537,536,-1,542,536,543,-1,543,536,535,-1,543,535,544,-1,544,535,534,-1,544,534,545,-1,545,534,533,-1,545,533,546,-1,546,533,532,-1,546,532,547,-1,547,532,531,-1,547,531,548,-1,548,531,530,-1,548,549,547,-1,547,549,550,-1,547,550,546,-1,546,550,551,-1,546,551,545,-1,545,551,552,-1,545,552,544,-1,544,552,553,-1,544,553,543,-1,543,553,554,-1,543,554,542,-1,542,554,555,-1,542,555,541,-1,541,555,556,-1,541,556,540,-1,540,556,557,-1,540,557,539,-1,539,557,278,-1,539,278,223,-1,223,278,224,-1,219,225,558,-1,558,225,278,-1,558,278,559,-1,559,278,557,-1,559,557,560,-1,560,557,556,-1,560,556,561,-1,561,556,555,-1,561,555,562,-1,562,555,554,-1,562,554,563,-1,563,554,553,-1,563,553,564,-1,564,553,552,-1,564,552,565,-1,565,552,551,-1,565,551,566,-1,566,551,550,-1,566,550,567,-1,567,550,549,-1,567,568,566,-1,566,568,569,-1,566,569,565,-1,565,569,570,-1,565,570,564,-1,564,570,571,-1,564,571,563,-1,563,571,572,-1,563,572,562,-1,562,572,573,-1,562,573,561,-1,561,573,574,-1,561,574,560,-1,560,574,575,-1,560,575,559,-1,559,575,576,-1,559,576,558,-1,558,576,277,-1,558,277,219,-1,219,277,220,-1,222,221,577,-1,577,221,277,-1,577,277,578,-1,578,277,576,-1,578,576,579,-1,579,576,575,-1,579,575,580,-1,580,575,574,-1,580,574,581,-1,581,574,573,-1,581,573,582,-1,582,573,572,-1,582,572,583,-1,583,572,571,-1,583,571,584,-1,584,571,570,-1,584,570,585,-1,585,570,569,-1,585,569,586,-1,586,569,568,-1,586,587,585,-1,585,587,588,-1,585,588,584,-1,584,588,589,-1,584,589,583,-1,583,589,590,-1,583,590,582,-1,582,590,591,-1,582,591,581,-1,581,591,592,-1,581,592,580,-1,580,592,593,-1,580,593,579,-1,579,593,594,-1,579,594,578,-1,578,594,595,-1,578,595,577,-1,577,595,276,-1,577,276,222,-1,222,276,216,-1,218,217,596,-1,596,217,276,-1,596,276,597,-1,597,276,595,-1,597,595,598,-1,598,595,594,-1,598,594,599,-1,599,594,593,-1,599,593,600,-1,600,593,592,-1,600,592,601,-1,601,592,591,-1,601,591,602,-1,602,591,590,-1,602,590,603,-1,603,590,589,-1,603,589,604,-1,604,589,588,-1,604,588,605,-1,605,588,587,-1,605,606,604,-1,604,606,607,-1,604,607,603,-1,603,607,608,-1,603,608,602,-1,602,608,609,-1,602,609,601,-1,601,609,610,-1,601,610,600,-1,600,610,611,-1,600,611,599,-1,599,611,612,-1,599,612,598,-1,598,612,613,-1,598,613,597,-1,597,613,614,-1,597,614,596,-1,596,614,275,-1,596,275,218,-1,218,275,213,-1,215,214,615,-1,615,214,275,-1,615,275,616,-1,616,275,614,-1,616,614,617,-1,617,614,613,-1,617,613,618,-1,618,613,612,-1,618,612,619,-1,619,612,611,-1,619,611,620,-1,620,611,610,-1,620,610,621,-1,621,610,609,-1,621,609,622,-1,622,609,608,-1,622,608,623,-1,623,608,607,-1,623,607,624,-1,624,607,606,-1,624,625,623,-1,623,625,626,-1,623,626,622,-1,622,626,627,-1,622,627,621,-1,621,627,628,-1,621,628,620,-1,620,628,629,-1,620,629,619,-1,619,629,630,-1,619,630,618,-1,618,630,631,-1,618,631,617,-1,617,631,632,-1,617,632,616,-1,616,632,633,-1,616,633,615,-1,615,633,274,-1,615,274,215,-1,215,274,210,-1,212,211,634,-1,634,211,274,-1,634,274,635,-1,635,274,633,-1,635,633,636,-1,636,633,632,-1,636,632,637,-1,637,632,631,-1,637,631,638,-1,638,631,630,-1,638,630,639,-1,639,630,629,-1,639,629,640,-1,640,629,628,-1,640,628,641,-1,641,628,627,-1,641,627,642,-1,642,627,626,-1,642,626,643,-1,643,626,625,-1,643,644,642,-1,642,644,645,-1,642,645,641,-1,641,645,646,-1,641,646,640,-1,640,646,647,-1,640,647,639,-1,639,647,648,-1,639,648,638,-1,638,648,649,-1,638,649,637,-1,637,649,650,-1,637,650,636,-1,636,650,651,-1,636,651,635,-1,635,651,652,-1,635,652,634,-1,634,652,273,-1,634,273,212,-1,212,273,207,-1,209,208,653,-1,653,208,273,-1,653,273,654,-1,654,273,652,-1,654,652,655,-1,655,652,651,-1,655,651,656,-1,656,651,650,-1,656,650,657,-1,657,650,649,-1,657,649,658,-1,658,649,648,-1,658,648,659,-1,659,648,647,-1,659,647,660,-1,660,647,646,-1,660,646,661,-1,661,646,645,-1,661,645,662,-1,662,645,644,-1,662,663,661,-1,661,663,664,-1,661,664,660,-1,660,664,665,-1,660,665,659,-1,659,665,666,-1,659,666,658,-1,658,666,667,-1,658,667,657,-1,657,667,668,-1,657,668,656,-1,656,668,669,-1,656,669,655,-1,655,669,670,-1,655,670,654,-1,654,670,671,-1,654,671,653,-1,653,671,272,-1,653,272,209,-1,209,272,204,-1,206,205,672,-1,672,205,272,-1,672,272,673,-1,673,272,671,-1,673,671,674,-1,674,671,670,-1,674,670,675,-1,675,670,669,-1,675,669,676,-1,676,669,668,-1,676,668,677,-1,677,668,667,-1,677,667,678,-1,678,667,666,-1,678,666,679,-1,679,666,665,-1,679,665,680,-1,680,665,664,-1,680,664,681,-1,681,664,663,-1,681,682,680,-1,680,682,683,-1,680,683,679,-1,679,683,684,-1,679,684,678,-1,678,684,685,-1,678,685,677,-1,677,685,686,-1,677,686,676,-1,676,686,687,-1,676,687,675,-1,675,687,688,-1,675,688,674,-1,674,688,689,-1,674,689,673,-1,673,689,690,-1,673,690,672,-1,672,690,271,-1,672,271,206,-1,206,271,201,-1,203,202,691,-1,691,202,271,-1,691,271,692,-1,692,271,690,-1,692,690,693,-1,693,690,689,-1,693,689,694,-1,694,689,688,-1,694,688,695,-1,695,688,687,-1,695,687,696,-1,696,687,686,-1,696,686,697,-1,697,686,685,-1,697,685,698,-1,698,685,684,-1,698,684,699,-1,699,684,683,-1,699,683,700,-1,700,683,682,-1,700,701,699,-1,699,701,702,-1,699,702,698,-1,698,702,703,-1,698,703,697,-1,697,703,704,-1,697,704,696,-1,696,704,705,-1,696,705,695,-1,695,705,706,-1,695,706,694,-1,694,706,707,-1,694,707,693,-1,693,707,708,-1,693,708,692,-1,692,708,709,-1,692,709,691,-1,691,709,270,-1,691,270,203,-1,203,270,199,-1,260,200,710,-1,710,200,270,-1,710,270,711,-1,711,270,709,-1,711,709,712,-1,712,709,708,-1,712,708,713,-1,713,708,707,-1,713,707,714,-1,714,707,706,-1,714,706,715,-1,715,706,705,-1,715,705,716,-1,716,705,704,-1,716,704,717,-1,717,704,703,-1,717,703,718,-1,718,703,702,-1,718,702,719,-1,719,702,701,-1,719,720,718,-1,718,720,721,-1,718,721,717,-1,717,721,722,-1,717,722,716,-1,716,722,723,-1,716,723,715,-1,715,723,724,-1,715,724,714,-1,714,724,725,-1,714,725,713,-1,713,725,726,-1,713,726,712,-1,712,726,727,-1,712,727,711,-1,711,727,728,-1,711,728,710,-1,710,728,269,-1,710,269,260,-1,260,269,261,-1,263,262,729,-1,729,262,269,-1,729,269,730,-1,730,269,728,-1,730,728,731,-1,731,728,727,-1,731,727,732,-1,732,727,726,-1,732,726,733,-1,733,726,725,-1,733,725,734,-1,734,725,724,-1,734,724,735,-1,735,724,723,-1,735,723,736,-1,736,723,722,-1,736,722,737,-1,737,722,721,-1,737,721,738,-1,738,721,720,-1,738,292,737,-1,737,292,294,-1,737,294,736,-1,736,294,296,-1,736,296,735,-1,735,296,298,-1,735,298,734,-1,734,298,300,-1,734,300,733,-1,733,300,302,-1,733,302,732,-1,732,302,304,-1,732,304,731,-1,731,304,306,-1,731,306,730,-1,730,306,308,-1,730,308,729,-1,729,308,310,-1,729,310,263,-1,263,310,264,-1,663,662,739,-1,740,643,625,-1,739,662,741,-1,625,624,740,-1,740,624,606,-1,740,606,605,-1,740,742,643,-1,643,742,741,-1,643,741,644,-1,644,741,662,-1,605,587,740,-1,740,587,586,-1,740,586,743,-1,743,586,568,-1,743,568,744,-1,744,568,567,-1,744,567,745,-1,745,567,549,-1,745,549,746,-1,746,549,548,-1,746,548,747,-1,747,548,530,-1,747,530,748,-1,749,701,750,-1,750,701,700,-1,750,700,751,-1,751,700,682,-1,751,682,739,-1,739,682,681,-1,739,681,663,-1,752,396,753,-1,753,396,378,-1,753,378,754,-1,754,378,377,-1,754,377,755,-1,755,377,359,-1,755,359,756,-1,756,359,358,-1,756,358,757,-1,757,358,340,-1,757,340,758,-1,759,453,760,-1,760,453,435,-1,760,435,761,-1,761,435,434,-1,761,434,762,-1,762,434,416,-1,762,416,763,-1,763,416,415,-1,763,415,752,-1,752,415,397,-1,752,397,396,-1,530,529,748,-1,748,529,511,-1,748,511,764,-1,764,511,510,-1,764,510,765,-1,765,510,492,-1,765,492,766,-1,766,492,491,-1,766,491,767,-1,767,491,473,-1,767,473,768,-1,768,473,472,-1,768,472,759,-1,759,472,454,-1,759,454,453,-1,340,339,758,-1,758,339,321,-1,758,321,769,-1,769,321,320,-1,769,320,770,-1,770,320,293,-1,770,293,771,-1,771,293,292,-1,771,292,772,-1,772,292,738,-1,772,738,773,-1,773,738,720,-1,773,720,749,-1,749,720,719,-1,749,719,701,-1,739,774,775,-1,739,775,751,-1,751,775,776,-1,751,776,750,-1,750,776,777,-1,750,777,749,-1,749,777,778,-1,749,778,773,-1,773,778,779,-1,773,779,772,-1,772,779,780,-1,772,780,771,-1,771,780,781,-1,771,781,770,-1,770,781,782,-1,770,782,769,-1,769,782,783,-1,769,783,758,-1,758,783,784,-1,758,784,757,-1,757,784,785,-1,757,785,756,-1,756,785,786,-1,756,786,755,-1,755,786,787,-1,755,787,754,-1,754,787,788,-1,754,788,753,-1,753,788,789,-1,753,789,752,-1,752,789,790,-1,752,790,763,-1,763,790,791,-1,763,791,762,-1,762,791,792,-1,762,792,761,-1,761,792,793,-1,761,793,760,-1,760,793,794,-1,760,794,759,-1,759,794,795,-1,759,795,768,-1,768,795,796,-1,768,796,767,-1,767,796,797,-1,767,797,766,-1,766,797,798,-1,766,798,765,-1,765,798,799,-1,765,799,764,-1,764,799,800,-1,764,800,748,-1,748,800,801,-1,748,801,747,-1,747,801,802,-1,747,802,746,-1,746,802,803,-1,746,803,745,-1,745,803,804,-1,745,804,744,-1,744,804,805,-1,744,805,743,-1,743,805,806,-1,743,806,740,-1,807,808,809,-1,810,774,811,-1,811,774,807,-1,811,807,812,-1,812,807,809,-1,813,814,806,-1,806,814,815,-1,806,815,808,-1,808,815,816,-1,808,816,809,-1,810,817,774,-1,774,817,818,-1,774,818,775,-1,775,818,819,-1,775,819,776,-1,776,819,820,-1,776,820,777,-1,783,821,784,-1,784,821,822,-1,784,822,785,-1,785,822,823,-1,785,823,786,-1,786,823,824,-1,786,824,787,-1,787,824,825,-1,787,825,788,-1,788,825,826,-1,788,826,789,-1,820,827,777,-1,777,827,828,-1,777,828,778,-1,778,828,829,-1,778,829,779,-1,779,829,830,-1,779,830,780,-1,780,830,831,-1,780,831,781,-1,781,831,832,-1,781,832,782,-1,782,832,833,-1,782,833,783,-1,783,833,834,-1,783,834,821,-1,826,835,789,-1,789,835,836,-1,789,836,790,-1,790,836,837,-1,790,837,791,-1,791,837,838,-1,791,838,792,-1,792,838,839,-1,792,839,793,-1,793,839,840,-1,793,840,794,-1,800,841,801,-1,801,841,842,-1,801,842,802,-1,802,842,843,-1,802,843,803,-1,803,843,844,-1,803,844,804,-1,804,844,845,-1,804,845,805,-1,805,845,846,-1,805,846,806,-1,806,846,847,-1,806,847,813,-1,840,848,794,-1,794,848,849,-1,794,849,795,-1,795,849,850,-1,795,850,796,-1,796,850,851,-1,796,851,797,-1,797,851,852,-1,797,852,798,-1,798,852,853,-1,798,853,799,-1,799,853,854,-1,799,854,800,-1,800,854,855,-1,800,855,841,-1,856,857,858,-1,858,857,859,-1,858,859,860,-1,859,861,860,-1,860,861,862,-1,860,862,863,-1,863,862,864,-1,863,864,865,-1,864,866,865,-1,865,866,867,-1,865,867,868,-1,867,869,868,-1,868,869,870,-1,868,870,871,-1,871,870,872,-1,871,872,873,-1,872,874,873,-1,873,874,875,-1,873,875,876,-1,876,875,877,-1,876,877,878,-1,877,879,878,-1,878,879,880,-1,878,880,881,-1,880,882,881,-1,881,882,883,-1,881,883,884,-1,884,883,885,-1,884,885,886,-1,885,887,886,-1,886,887,888,-1,886,888,889,-1,889,888,890,-1,889,890,891,-1,890,892,891,-1,891,892,893,-1,891,893,894,-1,893,895,894,-1,894,895,896,-1,894,896,897,-1,897,896,898,-1,897,898,899,-1,898,900,899,-1,899,900,901,-1,899,901,902,-1,902,901,903,-1,902,903,904,-1,903,905,904,-1,904,905,906,-1,904,906,907,-1,906,908,907,-1,907,908,909,-1,907,909,910,-1,910,909,911,-1,910,911,912,-1,911,913,912,-1,912,913,914,-1,912,914,915,-1,915,914,916,-1,915,916,917,-1,916,918,917,-1,917,918,919,-1,917,919,920,-1,919,921,920,-1,920,921,922,-1,920,922,923,-1,923,922,924,-1,923,924,925,-1,925,924,926,-1,925,926,927,-1,926,928,927,-1,927,928,929,-1,927,929,930,-1,929,931,930,-1,930,931,932,-1,930,932,933,-1,932,934,933,-1,933,934,935,-1,933,935,936,-1,936,935,937,-1,936,937,938,-1,938,937,939,-1,938,939,940,-1,939,941,940,-1,940,941,942,-1,940,942,943,-1,942,944,943,-1,943,944,945,-1,943,945,946,-1,945,947,946,-1,946,947,948,-1,946,948,949,-1,949,948,950,-1,949,950,951,-1,951,950,952,-1,951,952,953,-1,952,954,953,-1,953,954,955,-1,953,955,956,-1,955,957,956,-1,956,957,958,-1,956,958,959,-1,958,960,959,-1,959,960,961,-1,959,961,962,-1,962,961,963,-1,962,963,964,-1,963,965,964,-1,964,965,966,-1,964,966,967,-1,967,966,968,-1,967,968,969,-1,968,970,969,-1,969,970,971,-1,969,971,972,-1,972,971,973,-1,972,973,974,-1,974,973,975,-1,974,975,856,-1,856,975,976,-1,856,976,857,-1,972,977,969,-1,969,977,978,-1,969,978,967,-1,967,978,979,-1,967,979,964,-1,964,979,980,-1,964,980,962,-1,962,980,981,-1,962,981,959,-1,959,981,982,-1,959,982,956,-1,956,982,983,-1,956,983,953,-1,953,983,984,-1,953,984,951,-1,951,984,985,-1,951,985,949,-1,949,985,986,-1,949,986,946,-1,946,986,987,-1,946,987,943,-1,943,987,988,-1,943,988,940,-1,940,988,989,-1,940,989,938,-1,938,989,990,-1,938,990,936,-1,936,990,991,-1,936,991,933,-1,933,991,992,-1,933,992,930,-1,930,992,993,-1,930,993,927,-1,927,993,994,-1,927,994,925,-1,925,994,995,-1,925,995,923,-1,923,995,996,-1,923,996,920,-1,920,996,997,-1,920,997,917,-1,917,997,998,-1,917,998,915,-1,915,998,999,-1,915,999,912,-1,912,999,1000,-1,912,1000,910,-1,910,1000,1001,-1,910,1001,907,-1,907,1001,1002,-1,907,1002,904,-1,904,1002,1003,-1,904,1003,902,-1,902,1003,1004,-1,902,1004,899,-1,899,1004,1005,-1,899,1005,897,-1,897,1005,1006,-1,897,1006,894,-1,894,1006,1007,-1,894,1007,891,-1,891,1007,1008,-1,891,1008,889,-1,889,1008,1009,-1,889,1009,886,-1,886,1009,1010,-1,886,1010,884,-1,884,1010,1011,-1,884,1011,881,-1,881,1011,1012,-1,881,1012,878,-1,878,1012,1013,-1,878,1013,876,-1,876,1013,1014,-1,876,1014,873,-1,873,1014,1015,-1,873,1015,871,-1,871,1015,1016,-1,871,1016,868,-1,868,1016,1017,-1,868,1017,865,-1,865,1017,1018,-1,865,1018,863,-1,863,1018,1019,-1,863,1019,860,-1,860,1019,1020,-1,860,1020,858,-1,858,1020,1021,-1,858,1021,856,-1,856,1021,1022,-1,856,1022,974,-1,974,1022,1023,-1,974,1023,972,-1,972,1023,977,-1,977,1024,978,-1,978,1024,1025,-1,978,1025,979,-1,979,1025,1026,-1,979,1026,980,-1,980,1026,1027,-1,980,1027,981,-1,981,1027,1028,-1,981,1028,982,-1,982,1028,1029,-1,982,1029,983,-1,983,1029,1030,-1,983,1030,984,-1,984,1030,1031,-1,984,1031,985,-1,985,1031,1032,-1,985,1032,986,-1,986,1032,1033,-1,986,1033,987,-1,987,1033,1034,-1,987,1034,988,-1,988,1034,1035,-1,988,1035,989,-1,989,1035,1036,-1,989,1036,990,-1,990,1036,1037,-1,990,1037,991,-1,991,1037,1038,-1,991,1038,992,-1,992,1038,1039,-1,992,1039,993,-1,993,1039,1040,-1,993,1040,994,-1,994,1040,1041,-1,994,1041,995,-1,995,1041,1042,-1,995,1042,996,-1,996,1042,1043,-1,996,1043,997,-1,997,1043,1044,-1,997,1044,998,-1,998,1044,1045,-1,998,1045,999,-1,999,1045,1046,-1,999,1046,1000,-1,1000,1046,1047,-1,1000,1047,1001,-1,1001,1047,1048,-1,1001,1048,1002,-1,1002,1048,1049,-1,1002,1049,1003,-1,1003,1049,1050,-1,1003,1050,1004,-1,1004,1050,1051,-1,1004,1051,1005,-1,1005,1051,1052,-1,1005,1052,1006,-1,1006,1052,1053,-1,1006,1053,1007,-1,1007,1053,1054,-1,1007,1054,1008,-1,1008,1054,1055,-1,1008,1055,1009,-1,1009,1055,1056,-1,1009,1056,1010,-1,1010,1056,1057,-1,1010,1057,1011,-1,1011,1057,1058,-1,1011,1058,1012,-1,1012,1058,1059,-1,1012,1059,1013,-1,1013,1059,1060,-1,1013,1060,1014,-1,1014,1060,1061,-1,1014,1061,1015,-1,1015,1061,1062,-1,1015,1062,1016,-1,1016,1062,1063,-1,1016,1063,1017,-1,1017,1063,1064,-1,1017,1064,1018,-1,1018,1064,1065,-1,1018,1065,1019,-1,1019,1065,1066,-1,1019,1066,1020,-1,1020,1066,1067,-1,1020,1067,1021,-1,1021,1067,1068,-1,1021,1068,1022,-1,1022,1068,1069,-1,1022,1069,1023,-1,1023,1069,1070,-1,1023,1070,977,-1,977,1070,1024,-1,1024,1071,1025,-1,1025,1071,1072,-1,1025,1072,1026,-1,1026,1072,1073,-1,1026,1073,1027,-1,1027,1073,1074,-1,1027,1074,1028,-1,1028,1074,1075,-1,1028,1075,1029,-1,1029,1075,1076,-1,1029,1076,1030,-1,1030,1076,1077,-1,1030,1077,1031,-1,1031,1077,1078,-1,1031,1078,1032,-1,1032,1078,1079,-1,1032,1079,1033,-1,1033,1079,1080,-1,1033,1080,1034,-1,1034,1080,1081,-1,1034,1081,1035,-1,1035,1081,1082,-1,1035,1082,1036,-1,1036,1082,1083,-1,1036,1083,1037,-1,1037,1083,1084,-1,1037,1084,1038,-1,1038,1084,1085,-1,1038,1085,1039,-1,1039,1085,1086,-1,1039,1086,1040,-1,1040,1086,1087,-1,1040,1087,1041,-1,1041,1087,1088,-1,1041,1088,1042,-1,1042,1088,1089,-1,1042,1089,1043,-1,1043,1089,1090,-1,1043,1090,1044,-1,1044,1090,1091,-1,1044,1091,1045,-1,1045,1091,1092,-1,1045,1092,1046,-1,1046,1092,1093,-1,1046,1093,1047,-1,1047,1093,1094,-1,1047,1094,1048,-1,1048,1094,1095,-1,1048,1095,1049,-1,1049,1095,1096,-1,1049,1096,1050,-1,1050,1096,1097,-1,1050,1097,1051,-1,1051,1097,1098,-1,1051,1098,1052,-1,1052,1098,1099,-1,1052,1099,1053,-1,1053,1099,1100,-1,1053,1100,1054,-1,1054,1100,1101,-1,1054,1101,1055,-1,1055,1101,1102,-1,1055,1102,1056,-1,1056,1102,1103,-1,1056,1103,1057,-1,1057,1103,1104,-1,1057,1104,1058,-1,1058,1104,1105,-1,1058,1105,1059,-1,1059,1105,1106,-1,1059,1106,1060,-1,1060,1106,1107,-1,1060,1107,1061,-1,1061,1107,1108,-1,1061,1108,1062,-1,1062,1108,1109,-1,1062,1109,1063,-1,1063,1109,1110,-1,1063,1110,1064,-1,1064,1110,1111,-1,1064,1111,1065,-1,1065,1111,1112,-1,1065,1112,1066,-1,1066,1112,1113,-1,1066,1113,1067,-1,1067,1113,1114,-1,1067,1114,1068,-1,1068,1114,1115,-1,1068,1115,1069,-1,1069,1115,1116,-1,1069,1116,1070,-1,1070,1116,1117,-1,1070,1117,1024,-1,1024,1117,1071,-1,1071,1118,1072,-1,1072,1118,1119,-1,1072,1119,1073,-1,1073,1119,1120,-1,1073,1120,1074,-1,1074,1120,1121,-1,1074,1121,1075,-1,1075,1121,1122,-1,1075,1122,1076,-1,1076,1122,1123,-1,1076,1123,1077,-1,1077,1123,1124,-1,1077,1124,1078,-1,1078,1124,1125,-1,1078,1125,1079,-1,1079,1125,1126,-1,1079,1126,1080,-1,1080,1126,1127,-1,1080,1127,1081,-1,1081,1127,1128,-1,1081,1128,1082,-1,1082,1128,1129,-1,1082,1129,1083,-1,1083,1129,1130,-1,1083,1130,1084,-1,1084,1130,1131,-1,1084,1131,1085,-1,1085,1131,1132,-1,1085,1132,1086,-1,1086,1132,1133,-1,1086,1133,1087,-1,1087,1133,1134,-1,1087,1134,1088,-1,1088,1134,1135,-1,1088,1135,1089,-1,1089,1135,1136,-1,1089,1136,1090,-1,1090,1136,1137,-1,1090,1137,1091,-1,1091,1137,1138,-1,1091,1138,1092,-1,1092,1138,1139,-1,1092,1139,1093,-1,1093,1139,1140,-1,1093,1140,1094,-1,1094,1140,1141,-1,1094,1141,1095,-1,1095,1141,1142,-1,1095,1142,1096,-1,1096,1142,1143,-1,1096,1143,1097,-1,1097,1143,1144,-1,1097,1144,1098,-1,1098,1144,1145,-1,1098,1145,1099,-1,1099,1145,1146,-1,1099,1146,1100,-1,1100,1146,1147,-1,1100,1147,1101,-1,1101,1147,1148,-1,1101,1148,1102,-1,1102,1148,1149,-1,1102,1149,1103,-1,1103,1149,1150,-1,1103,1150,1104,-1,1104,1150,1151,-1,1104,1151,1105,-1,1105,1151,1152,-1,1105,1152,1106,-1,1106,1152,1153,-1,1106,1153,1107,-1,1107,1153,1154,-1,1107,1154,1108,-1,1108,1154,1155,-1,1108,1155,1109,-1,1109,1155,1156,-1,1109,1156,1110,-1,1110,1156,1157,-1,1110,1157,1111,-1,1111,1157,1158,-1,1111,1158,1112,-1,1112,1158,1159,-1,1112,1159,1113,-1,1113,1159,1160,-1,1113,1160,1114,-1,1114,1160,1161,-1,1114,1161,1115,-1,1115,1161,1162,-1,1115,1162,1116,-1,1116,1162,1163,-1,1116,1163,1117,-1,1117,1163,1164,-1,1117,1164,1071,-1,1071,1164,1118,-1,1118,1165,1119,-1,1119,1165,1166,-1,1119,1166,1120,-1,1120,1166,1167,-1,1120,1167,1121,-1,1121,1167,1168,-1,1121,1168,1122,-1,1122,1168,1169,-1,1122,1169,1123,-1,1123,1169,1170,-1,1123,1170,1124,-1,1124,1170,1171,-1,1124,1171,1125,-1,1125,1171,1172,-1,1125,1172,1126,-1,1126,1172,1173,-1,1126,1173,1127,-1,1127,1173,1174,-1,1127,1174,1128,-1,1128,1174,1175,-1,1128,1175,1129,-1,1129,1175,1176,-1,1129,1176,1130,-1,1130,1176,1177,-1,1130,1177,1131,-1,1131,1177,1178,-1,1131,1178,1132,-1,1132,1178,1179,-1,1132,1179,1133,-1,1133,1179,1180,-1,1133,1180,1134,-1,1134,1180,1181,-1,1134,1181,1135,-1,1135,1181,1182,-1,1135,1182,1136,-1,1136,1182,1183,-1,1136,1183,1137,-1,1137,1183,1184,-1,1137,1184,1138,-1,1138,1184,1185,-1,1138,1185,1139,-1,1139,1185,1186,-1,1139,1186,1140,-1,1140,1186,1187,-1,1140,1187,1141,-1,1141,1187,1188,-1,1141,1188,1142,-1,1142,1188,1189,-1,1142,1189,1143,-1,1143,1189,1190,-1,1143,1190,1144,-1,1144,1190,1191,-1,1144,1191,1145,-1,1145,1191,1192,-1,1145,1192,1146,-1,1146,1192,1193,-1,1146,1193,1147,-1,1147,1193,1194,-1,1147,1194,1148,-1,1148,1194,1195,-1,1148,1195,1149,-1,1149,1195,1196,-1,1149,1196,1150,-1,1150,1196,1197,-1,1150,1197,1151,-1,1151,1197,1198,-1,1151,1198,1152,-1,1152,1198,1199,-1,1152,1199,1153,-1,1153,1199,1200,-1,1153,1200,1154,-1,1154,1200,1201,-1,1154,1201,1155,-1,1155,1201,1202,-1,1155,1202,1156,-1,1156,1202,1203,-1,1156,1203,1157,-1,1157,1203,1204,-1,1157,1204,1158,-1,1158,1204,1205,-1,1158,1205,1159,-1,1159,1205,1206,-1,1159,1206,1160,-1,1160,1206,1207,-1,1160,1207,1161,-1,1161,1207,1208,-1,1161,1208,1162,-1,1162,1208,1209,-1,1162,1209,1163,-1,1163,1209,1210,-1,1163,1210,1164,-1,1164,1210,1211,-1,1164,1211,1118,-1,1118,1211,1165,-1,1165,830,1166,-1,1166,830,829,-1,1166,829,1167,-1,1167,829,828,-1,1167,828,1168,-1,1168,828,827,-1,1168,827,1169,-1,1169,827,820,-1,1169,820,1170,-1,1170,820,819,-1,1170,819,1171,-1,1171,819,818,-1,1171,818,1172,-1,1172,818,817,-1,1172,817,1173,-1,1173,817,810,-1,1173,810,1174,-1,1174,810,811,-1,1174,811,1175,-1,1175,811,812,-1,1175,812,1176,-1,1176,812,809,-1,1176,809,1177,-1,1177,809,816,-1,1177,816,1178,-1,1178,816,815,-1,1178,815,1179,-1,1179,815,814,-1,1179,814,1180,-1,1180,814,813,-1,1180,813,1181,-1,1181,813,847,-1,1181,847,1182,-1,1182,847,846,-1,1182,846,1183,-1,1183,846,845,-1,1183,845,1184,-1,1184,845,844,-1,1184,844,1185,-1,1185,844,843,-1,1185,843,1186,-1,1186,843,842,-1,1186,842,1187,-1,1187,842,841,-1,1187,841,1188,-1,1188,841,855,-1,1188,855,1189,-1,1189,855,854,-1,1189,854,1190,-1,1190,854,853,-1,1190,853,1191,-1,1191,853,852,-1,1191,852,1192,-1,1192,852,851,-1,1192,851,1193,-1,1193,851,850,-1,1193,850,1194,-1,1194,850,849,-1,1194,849,1195,-1,1195,849,848,-1,1195,848,1196,-1,1196,848,840,-1,1196,840,1197,-1,1197,840,839,-1,1197,839,1198,-1,1198,839,838,-1,1198,838,1199,-1,1199,838,837,-1,1199,837,1200,-1,1200,837,836,-1,1200,836,1201,-1,1201,836,835,-1,1201,835,1202,-1,1202,835,826,-1,1202,826,1203,-1,1203,826,825,-1,1203,825,1204,-1,1204,825,824,-1,1204,824,1205,-1,1205,824,823,-1,1205,823,1206,-1,1206,823,822,-1,1206,822,1207,-1,1207,822,821,-1,1207,821,1208,-1,1208,821,834,-1,1208,834,1209,-1,1209,834,833,-1,1209,833,1210,-1,1210,833,832,-1,1210,832,1211,-1,1211,832,831,-1,1211,831,1165,-1,1165,831,830,-1,1212,866,864,-1,1212,1213,866,-1,866,1213,1214,-1,866,1214,867,-1,867,1214,1215,-1,867,1215,869,-1,869,1215,1216,-1,869,1216,870,-1,870,1216,1217,-1,870,1217,872,-1,872,1217,1218,-1,872,1218,874,-1,874,1218,1219,-1,874,1219,875,-1,875,1219,1220,-1,1221,885,1222,-1,1222,885,883,-1,1222,883,1223,-1,1223,883,882,-1,1223,882,1224,-1,1224,882,880,-1,1224,880,1225,-1,1225,880,879,-1,1225,879,1220,-1,1220,879,877,-1,1220,877,875,-1,1226,898,1227,-1,1227,898,896,-1,1227,896,1228,-1,1228,896,895,-1,1228,895,1229,-1,1229,895,893,-1,1229,893,1230,-1,1230,893,892,-1,1230,892,1231,-1,1231,892,890,-1,1231,890,1232,-1,1232,890,888,-1,1232,888,1221,-1,1221,888,887,-1,1221,887,885,-1,1233,913,1234,-1,1234,913,911,-1,1234,911,1235,-1,1235,911,909,-1,1235,909,1236,-1,1236,909,908,-1,1236,908,1237,-1,1237,908,906,-1,1237,906,1238,-1,1238,906,905,-1,1238,905,1239,-1,1239,905,903,-1,1239,903,1240,-1,1240,903,901,-1,1240,901,1226,-1,1226,901,900,-1,1226,900,898,-1,1241,918,1242,-1,1242,918,916,-1,1242,916,1233,-1,1233,916,914,-1,1233,914,913,-1,934,932,1243,-1,1243,932,931,-1,1243,931,1244,-1,1244,931,929,-1,1244,929,1245,-1,1245,929,928,-1,1245,928,1246,-1,1246,928,926,-1,1246,926,1247,-1,1247,926,924,-1,1247,924,1248,-1,1248,924,922,-1,1248,922,1249,-1,1249,922,921,-1,1249,921,1241,-1,1241,921,919,-1,1241,919,918,-1,1243,1250,934,-1,934,1250,1251,-1,934,1251,935,-1,935,1251,1252,-1,935,1252,937,-1,937,1252,1253,-1,1254,944,1255,-1,1255,944,942,-1,1255,942,1256,-1,1256,942,941,-1,1256,941,1253,-1,1253,941,939,-1,1253,939,937,-1,1257,950,1258,-1,1258,950,948,-1,1258,948,1259,-1,1259,948,947,-1,1259,947,1254,-1,1254,947,945,-1,1254,945,944,-1,1260,970,1261,-1,1261,970,968,-1,1261,968,1262,-1,1262,968,966,-1,1262,966,1263,-1,1263,966,965,-1,1263,965,1264,-1,1264,965,963,-1,1264,963,1265,-1,1265,963,961,-1,1265,961,1266,-1,1266,961,960,-1,1266,960,1267,-1,1267,960,958,-1,1267,958,1268,-1,1268,958,957,-1,1268,957,1269,-1,1269,957,955,-1,1269,955,1270,-1,1270,955,954,-1,1270,954,1257,-1,1257,954,952,-1,1257,952,950,-1,864,862,1212,-1,1212,862,861,-1,1212,861,1271,-1,1271,861,859,-1,1271,859,1272,-1,1272,859,857,-1,1272,857,1273,-1,1273,857,976,-1,1273,976,1274,-1,1274,976,975,-1,1274,975,1275,-1,1275,975,973,-1,1275,973,1260,-1,1260,973,971,-1,1260,971,970,-1,1224,1225,1276,-1,1220,1219,1277,-1,1217,1216,1278,-1,1215,1214,1279,-1,1212,1271,1280,-1,1272,1273,1281,-1,1260,1261,1282,-1,1262,1263,1283,-1,1265,1266,1284,-1,1267,1268,1285,-1,1270,1257,1286,-1,1258,1259,1287,-1,1256,1253,1288,-1,1252,1251,1289,-1,1243,1244,1290,-1,1245,1246,1291,-1,1248,1249,1292,-1,1241,1242,1293,-1,1235,1236,1294,-1,1237,1238,1295,-1,1240,1226,1296,-1,1227,1228,1297,-1,1298,1299,1300,-1,1300,1299,1301,-1,1302,1301,1299,-1,1302,1299,1303,-1,1303,1299,1298,-1,1303,1298,1304,-1,1305,1301,1302,-1,1305,1302,1306,-1,1306,1302,1303,-1,1306,1303,1307,-1,1307,1303,1304,-1,1307,1304,1308,-1,1309,1301,1305,-1,1309,1305,1310,-1,1310,1305,1306,-1,1310,1306,1311,-1,1311,1306,1307,-1,1311,1307,1312,-1,1312,1307,1308,-1,1312,1308,1313,-1,1314,1301,1309,-1,1314,1309,1315,-1,1315,1309,1310,-1,1315,1310,1316,-1,1316,1310,1311,-1,1316,1311,1317,-1,1317,1311,1312,-1,1317,1312,1318,-1,1318,1312,1313,-1,1318,1313,1319,-1,1320,1301,1314,-1,1320,1314,1321,-1,1321,1314,1315,-1,1321,1315,1322,-1,1322,1315,1316,-1,1322,1316,1323,-1,1323,1316,1317,-1,1323,1317,1324,-1,1324,1317,1318,-1,1324,1318,1325,-1,1325,1318,1319,-1,1325,1319,1326,-1,1327,1301,1320,-1,1327,1320,1328,-1,1328,1320,1321,-1,1328,1321,1329,-1,1329,1321,1322,-1,1329,1322,1330,-1,1330,1322,1323,-1,1330,1323,1331,-1,1331,1323,1324,-1,1331,1324,1332,-1,1332,1324,1325,-1,1332,1325,1333,-1,1333,1325,1326,-1,1333,1326,1334,-1,1335,1301,1327,-1,1335,1327,1336,-1,1336,1327,1328,-1,1336,1328,1337,-1,1337,1328,1329,-1,1337,1329,1338,-1,1338,1329,1330,-1,1338,1330,1339,-1,1339,1330,1331,-1,1339,1331,1340,-1,1340,1331,1332,-1,1340,1332,1341,-1,1341,1332,1333,-1,1341,1333,1342,-1,1342,1333,1334,-1,1342,1334,1343,-1,1344,1345,1346,-1,1230,1231,1345,-1,1345,1231,1232,-1,1345,1232,1346,-1,1346,1232,1221,-1,1346,1221,1222,-1,1229,1230,1347,-1,1347,1230,1345,-1,1347,1345,1348,-1,1348,1345,1344,-1,1348,1344,1349,-1,1228,1229,1297,-1,1297,1229,1347,-1,1297,1347,1350,-1,1350,1347,1348,-1,1350,1348,1351,-1,1351,1348,1349,-1,1351,1349,1352,-1,1226,1227,1296,-1,1296,1227,1297,-1,1296,1297,1353,-1,1353,1297,1350,-1,1353,1350,1354,-1,1354,1350,1351,-1,1354,1351,1355,-1,1355,1351,1352,-1,1355,1352,1356,-1,1239,1240,1357,-1,1357,1240,1296,-1,1357,1296,1358,-1,1358,1296,1353,-1,1358,1353,1359,-1,1359,1353,1354,-1,1359,1354,1360,-1,1360,1354,1355,-1,1360,1355,1361,-1,1361,1355,1356,-1,1361,1356,1362,-1,1238,1239,1295,-1,1295,1239,1357,-1,1295,1357,1363,-1,1363,1357,1358,-1,1363,1358,1364,-1,1364,1358,1359,-1,1364,1359,1365,-1,1365,1359,1360,-1,1365,1360,1366,-1,1366,1360,1361,-1,1366,1361,1367,-1,1367,1361,1362,-1,1367,1362,1368,-1,1236,1237,1294,-1,1294,1237,1295,-1,1294,1295,1369,-1,1369,1295,1363,-1,1369,1363,1370,-1,1370,1363,1364,-1,1370,1364,1371,-1,1371,1364,1365,-1,1371,1365,1372,-1,1372,1365,1366,-1,1372,1366,1373,-1,1373,1366,1367,-1,1373,1367,1374,-1,1374,1367,1368,-1,1374,1368,1375,-1,1234,1235,1376,-1,1376,1235,1294,-1,1376,1294,1377,-1,1377,1294,1369,-1,1377,1369,1378,-1,1378,1369,1370,-1,1378,1370,1379,-1,1379,1370,1371,-1,1379,1371,1380,-1,1380,1371,1372,-1,1380,1372,1381,-1,1381,1372,1373,-1,1381,1373,1382,-1,1382,1373,1374,-1,1382,1374,1383,-1,1383,1374,1375,-1,1383,1375,1384,-1,1384,1385,1383,-1,1383,1385,1386,-1,1383,1386,1382,-1,1382,1386,1387,-1,1382,1387,1381,-1,1381,1387,1388,-1,1381,1388,1380,-1,1380,1388,1389,-1,1380,1389,1379,-1,1379,1389,1390,-1,1379,1390,1378,-1,1378,1390,1391,-1,1378,1391,1377,-1,1377,1391,1392,-1,1377,1392,1376,-1,1376,1392,1393,-1,1376,1393,1234,-1,1234,1393,1233,-1,1242,1233,1293,-1,1293,1233,1393,-1,1293,1393,1394,-1,1394,1393,1392,-1,1394,1392,1395,-1,1395,1392,1391,-1,1395,1391,1396,-1,1396,1391,1390,-1,1396,1390,1397,-1,1397,1390,1389,-1,1397,1389,1398,-1,1398,1389,1388,-1,1398,1388,1399,-1,1399,1388,1387,-1,1399,1387,1400,-1,1400,1387,1386,-1,1400,1386,1401,-1,1401,1386,1385,-1,1401,1385,1301,-1,1384,1301,1385,-1,1222,1343,1346,-1,1346,1343,1334,-1,1346,1334,1344,-1,1344,1334,1326,-1,1344,1326,1349,-1,1349,1326,1319,-1,1349,1319,1352,-1,1352,1319,1313,-1,1352,1313,1356,-1,1356,1313,1308,-1,1356,1308,1362,-1,1362,1308,1304,-1,1362,1304,1368,-1,1368,1304,1298,-1,1368,1298,1375,-1,1375,1298,1300,-1,1375,1300,1384,-1,1384,1300,1301,-1,1249,1241,1292,-1,1292,1241,1293,-1,1292,1293,1402,-1,1402,1293,1394,-1,1402,1394,1403,-1,1403,1394,1395,-1,1403,1395,1404,-1,1404,1395,1396,-1,1404,1396,1405,-1,1405,1396,1397,-1,1405,1397,1406,-1,1406,1397,1398,-1,1406,1398,1407,-1,1407,1398,1399,-1,1407,1399,1408,-1,1408,1399,1400,-1,1408,1400,1409,-1,1409,1400,1401,-1,1409,1401,1301,-1,1247,1248,1410,-1,1410,1248,1292,-1,1410,1292,1411,-1,1411,1292,1402,-1,1411,1402,1412,-1,1412,1402,1403,-1,1412,1403,1413,-1,1413,1403,1404,-1,1413,1404,1414,-1,1414,1404,1405,-1,1414,1405,1415,-1,1415,1405,1406,-1,1415,1406,1416,-1,1416,1406,1407,-1,1416,1407,1417,-1,1417,1407,1408,-1,1417,1408,1418,-1,1418,1408,1409,-1,1418,1409,1301,-1,1246,1247,1291,-1,1291,1247,1410,-1,1291,1410,1419,-1,1419,1410,1411,-1,1419,1411,1420,-1,1420,1411,1412,-1,1420,1412,1421,-1,1421,1412,1413,-1,1421,1413,1422,-1,1422,1413,1414,-1,1422,1414,1423,-1,1423,1414,1415,-1,1423,1415,1424,-1,1424,1415,1416,-1,1424,1416,1425,-1,1425,1416,1417,-1,1425,1417,1426,-1,1426,1417,1418,-1,1426,1418,1301,-1,1244,1245,1290,-1,1290,1245,1291,-1,1290,1291,1427,-1,1427,1291,1419,-1,1427,1419,1428,-1,1428,1419,1420,-1,1428,1420,1429,-1,1429,1420,1421,-1,1429,1421,1430,-1,1430,1421,1422,-1,1430,1422,1431,-1,1431,1422,1423,-1,1431,1423,1432,-1,1432,1423,1424,-1,1432,1424,1433,-1,1433,1424,1425,-1,1433,1425,1434,-1,1434,1425,1426,-1,1434,1426,1301,-1,1250,1243,1435,-1,1435,1243,1290,-1,1435,1290,1436,-1,1436,1290,1427,-1,1436,1427,1437,-1,1437,1427,1428,-1,1437,1428,1438,-1,1438,1428,1429,-1,1438,1429,1439,-1,1439,1429,1430,-1,1439,1430,1440,-1,1440,1430,1431,-1,1440,1431,1441,-1,1441,1431,1432,-1,1441,1432,1442,-1,1442,1432,1433,-1,1442,1433,1443,-1,1443,1433,1434,-1,1443,1434,1301,-1,1251,1250,1289,-1,1289,1250,1435,-1,1289,1435,1444,-1,1444,1435,1436,-1,1444,1436,1445,-1,1445,1436,1437,-1,1445,1437,1446,-1,1446,1437,1438,-1,1446,1438,1447,-1,1447,1438,1439,-1,1447,1439,1448,-1,1448,1439,1440,-1,1448,1440,1449,-1,1449,1440,1441,-1,1449,1441,1450,-1,1450,1441,1442,-1,1450,1442,1451,-1,1451,1442,1443,-1,1451,1443,1301,-1,1253,1252,1288,-1,1288,1252,1289,-1,1288,1289,1452,-1,1452,1289,1444,-1,1452,1444,1453,-1,1453,1444,1445,-1,1453,1445,1454,-1,1454,1445,1446,-1,1454,1446,1455,-1,1455,1446,1447,-1,1455,1447,1456,-1,1456,1447,1448,-1,1456,1448,1457,-1,1457,1448,1449,-1,1457,1449,1458,-1,1458,1449,1450,-1,1458,1450,1459,-1,1459,1450,1451,-1,1459,1451,1301,-1,1255,1256,1460,-1,1460,1256,1288,-1,1460,1288,1461,-1,1461,1288,1452,-1,1461,1452,1462,-1,1462,1452,1453,-1,1462,1453,1463,-1,1463,1453,1454,-1,1463,1454,1464,-1,1464,1454,1455,-1,1464,1455,1465,-1,1465,1455,1456,-1,1465,1456,1466,-1,1466,1456,1457,-1,1466,1457,1467,-1,1467,1457,1458,-1,1467,1458,1468,-1,1468,1458,1459,-1,1468,1459,1301,-1,1254,1255,1469,-1,1469,1255,1460,-1,1469,1460,1470,-1,1470,1460,1461,-1,1470,1461,1471,-1,1471,1461,1462,-1,1471,1462,1472,-1,1472,1462,1463,-1,1472,1463,1473,-1,1473,1463,1464,-1,1473,1464,1474,-1,1474,1464,1465,-1,1474,1465,1475,-1,1475,1465,1466,-1,1475,1466,1476,-1,1476,1466,1467,-1,1476,1467,1477,-1,1477,1467,1468,-1,1477,1468,1301,-1,1259,1254,1287,-1,1287,1254,1469,-1,1287,1469,1478,-1,1478,1469,1470,-1,1478,1470,1479,-1,1479,1470,1471,-1,1479,1471,1480,-1,1480,1471,1472,-1,1480,1472,1481,-1,1481,1472,1473,-1,1481,1473,1482,-1,1482,1473,1474,-1,1482,1474,1483,-1,1483,1474,1475,-1,1483,1475,1484,-1,1484,1475,1476,-1,1484,1476,1485,-1,1485,1476,1477,-1,1485,1477,1301,-1,1257,1258,1286,-1,1286,1258,1287,-1,1286,1287,1486,-1,1486,1287,1478,-1,1486,1478,1487,-1,1487,1478,1479,-1,1487,1479,1488,-1,1488,1479,1480,-1,1488,1480,1489,-1,1489,1480,1481,-1,1489,1481,1490,-1,1490,1481,1482,-1,1490,1482,1491,-1,1491,1482,1483,-1,1491,1483,1492,-1,1492,1483,1484,-1,1492,1484,1493,-1,1493,1484,1485,-1,1493,1485,1301,-1,1269,1270,1494,-1,1494,1270,1286,-1,1494,1286,1495,-1,1495,1286,1486,-1,1495,1486,1496,-1,1496,1486,1487,-1,1496,1487,1497,-1,1497,1487,1488,-1,1497,1488,1498,-1,1498,1488,1489,-1,1498,1489,1499,-1,1499,1489,1490,-1,1499,1490,1500,-1,1500,1490,1491,-1,1500,1491,1501,-1,1501,1491,1492,-1,1501,1492,1502,-1,1502,1492,1493,-1,1502,1493,1301,-1,1268,1269,1285,-1,1285,1269,1494,-1,1285,1494,1503,-1,1503,1494,1495,-1,1503,1495,1504,-1,1504,1495,1496,-1,1504,1496,1505,-1,1505,1496,1497,-1,1505,1497,1506,-1,1506,1497,1498,-1,1506,1498,1507,-1,1507,1498,1499,-1,1507,1499,1508,-1,1508,1499,1500,-1,1508,1500,1509,-1,1509,1500,1501,-1,1509,1501,1510,-1,1510,1501,1502,-1,1510,1502,1301,-1,1266,1267,1284,-1,1284,1267,1285,-1,1284,1285,1511,-1,1511,1285,1503,-1,1511,1503,1512,-1,1512,1503,1504,-1,1512,1504,1513,-1,1513,1504,1505,-1,1513,1505,1514,-1,1514,1505,1506,-1,1514,1506,1515,-1,1515,1506,1507,-1,1515,1507,1516,-1,1516,1507,1508,-1,1516,1508,1517,-1,1517,1508,1509,-1,1517,1509,1518,-1,1518,1509,1510,-1,1518,1510,1301,-1,1264,1265,1519,-1,1519,1265,1284,-1,1519,1284,1520,-1,1520,1284,1511,-1,1520,1511,1521,-1,1521,1511,1512,-1,1521,1512,1522,-1,1522,1512,1513,-1,1522,1513,1523,-1,1523,1513,1514,-1,1523,1514,1524,-1,1524,1514,1515,-1,1524,1515,1525,-1,1525,1515,1516,-1,1525,1516,1526,-1,1526,1516,1517,-1,1526,1517,1527,-1,1527,1517,1518,-1,1527,1518,1301,-1,1263,1264,1283,-1,1283,1264,1519,-1,1283,1519,1528,-1,1528,1519,1520,-1,1528,1520,1529,-1,1529,1520,1521,-1,1529,1521,1530,-1,1530,1521,1522,-1,1530,1522,1531,-1,1531,1522,1523,-1,1531,1523,1532,-1,1532,1523,1524,-1,1532,1524,1533,-1,1533,1524,1525,-1,1533,1525,1534,-1,1534,1525,1526,-1,1534,1526,1535,-1,1535,1526,1527,-1,1535,1527,1301,-1,1261,1262,1282,-1,1282,1262,1283,-1,1282,1283,1536,-1,1536,1283,1528,-1,1536,1528,1537,-1,1537,1528,1529,-1,1537,1529,1538,-1,1538,1529,1530,-1,1538,1530,1539,-1,1539,1530,1531,-1,1539,1531,1540,-1,1540,1531,1532,-1,1540,1532,1541,-1,1541,1532,1533,-1,1541,1533,1542,-1,1542,1533,1534,-1,1542,1534,1543,-1,1543,1534,1535,-1,1543,1535,1301,-1,1275,1260,1544,-1,1544,1260,1282,-1,1544,1282,1545,-1,1545,1282,1536,-1,1545,1536,1546,-1,1546,1536,1537,-1,1546,1537,1547,-1,1547,1537,1538,-1,1547,1538,1548,-1,1548,1538,1539,-1,1548,1539,1549,-1,1549,1539,1540,-1,1549,1540,1550,-1,1550,1540,1541,-1,1550,1541,1551,-1,1551,1541,1542,-1,1551,1542,1552,-1,1552,1542,1543,-1,1552,1543,1301,-1,1274,1275,1553,-1,1553,1275,1544,-1,1553,1544,1554,-1,1554,1544,1545,-1,1554,1545,1555,-1,1555,1545,1546,-1,1555,1546,1556,-1,1556,1546,1547,-1,1556,1547,1557,-1,1557,1547,1548,-1,1557,1548,1558,-1,1558,1548,1549,-1,1558,1549,1559,-1,1559,1549,1550,-1,1559,1550,1560,-1,1560,1550,1551,-1,1560,1551,1561,-1,1561,1551,1552,-1,1561,1552,1301,-1,1273,1274,1281,-1,1281,1274,1553,-1,1281,1553,1562,-1,1562,1553,1554,-1,1562,1554,1563,-1,1563,1554,1555,-1,1563,1555,1564,-1,1564,1555,1556,-1,1564,1556,1565,-1,1565,1556,1557,-1,1565,1557,1566,-1,1566,1557,1558,-1,1566,1558,1567,-1,1567,1558,1559,-1,1567,1559,1568,-1,1568,1559,1560,-1,1568,1560,1569,-1,1569,1560,1561,-1,1569,1561,1301,-1,1271,1272,1280,-1,1280,1272,1281,-1,1280,1281,1570,-1,1570,1281,1562,-1,1570,1562,1571,-1,1571,1562,1563,-1,1571,1563,1572,-1,1572,1563,1564,-1,1572,1564,1573,-1,1573,1564,1565,-1,1573,1565,1574,-1,1574,1565,1566,-1,1574,1566,1575,-1,1575,1566,1567,-1,1575,1567,1576,-1,1576,1567,1568,-1,1576,1568,1577,-1,1577,1568,1569,-1,1577,1569,1301,-1,1213,1212,1578,-1,1578,1212,1280,-1,1578,1280,1579,-1,1579,1280,1570,-1,1579,1570,1580,-1,1580,1570,1571,-1,1580,1571,1581,-1,1581,1571,1572,-1,1581,1572,1582,-1,1582,1572,1573,-1,1582,1573,1583,-1,1583,1573,1574,-1,1583,1574,1584,-1,1584,1574,1575,-1,1584,1575,1585,-1,1585,1575,1576,-1,1585,1576,1586,-1,1586,1576,1577,-1,1586,1577,1301,-1,1214,1213,1279,-1,1279,1213,1578,-1,1279,1578,1587,-1,1587,1578,1579,-1,1587,1579,1588,-1,1588,1579,1580,-1,1588,1580,1589,-1,1589,1580,1581,-1,1589,1581,1590,-1,1590,1581,1582,-1,1590,1582,1591,-1,1591,1582,1583,-1,1591,1583,1592,-1,1592,1583,1584,-1,1592,1584,1593,-1,1593,1584,1585,-1,1593,1585,1594,-1,1594,1585,1586,-1,1594,1586,1301,-1,1216,1215,1278,-1,1278,1215,1279,-1,1278,1279,1595,-1,1595,1279,1587,-1,1595,1587,1596,-1,1596,1587,1588,-1,1596,1588,1597,-1,1597,1588,1589,-1,1597,1589,1598,-1,1598,1589,1590,-1,1598,1590,1599,-1,1599,1590,1591,-1,1599,1591,1600,-1,1600,1591,1592,-1,1600,1592,1601,-1,1601,1592,1593,-1,1601,1593,1602,-1,1602,1593,1594,-1,1602,1594,1301,-1,1218,1217,1603,-1,1603,1217,1278,-1,1603,1278,1604,-1,1604,1278,1595,-1,1604,1595,1605,-1,1605,1595,1596,-1,1605,1596,1606,-1,1606,1596,1597,-1,1606,1597,1607,-1,1607,1597,1598,-1,1607,1598,1608,-1,1608,1598,1599,-1,1608,1599,1609,-1,1609,1599,1600,-1,1609,1600,1610,-1,1610,1600,1601,-1,1610,1601,1611,-1,1611,1601,1602,-1,1611,1602,1301,-1,1219,1218,1277,-1,1277,1218,1603,-1,1277,1603,1612,-1,1612,1603,1604,-1,1612,1604,1613,-1,1613,1604,1605,-1,1613,1605,1614,-1,1614,1605,1606,-1,1614,1606,1615,-1,1615,1606,1607,-1,1615,1607,1616,-1,1616,1607,1608,-1,1616,1608,1617,-1,1617,1608,1609,-1,1617,1609,1618,-1,1618,1609,1610,-1,1618,1610,1619,-1,1619,1610,1611,-1,1619,1611,1301,-1,1225,1220,1276,-1,1276,1220,1277,-1,1276,1277,1620,-1,1620,1277,1612,-1,1620,1612,1621,-1,1621,1612,1613,-1,1621,1613,1622,-1,1622,1613,1614,-1,1622,1614,1623,-1,1623,1614,1615,-1,1623,1615,1624,-1,1624,1615,1616,-1,1624,1616,1625,-1,1625,1616,1617,-1,1625,1617,1626,-1,1626,1617,1618,-1,1626,1618,1627,-1,1627,1618,1619,-1,1627,1619,1301,-1,1223,1224,1628,-1,1628,1224,1276,-1,1628,1276,1629,-1,1629,1276,1620,-1,1629,1620,1630,-1,1630,1620,1621,-1,1630,1621,1631,-1,1631,1621,1622,-1,1631,1622,1632,-1,1632,1622,1623,-1,1632,1623,1633,-1,1633,1623,1624,-1,1633,1624,1634,-1,1634,1624,1625,-1,1634,1625,1635,-1,1635,1625,1626,-1,1635,1626,1636,-1,1636,1626,1627,-1,1636,1627,1301,-1,1222,1223,1343,-1,1343,1223,1628,-1,1343,1628,1342,-1,1342,1628,1629,-1,1342,1629,1341,-1,1341,1629,1630,-1,1341,1630,1340,-1,1340,1630,1631,-1,1340,1631,1339,-1,1339,1631,1632,-1,1339,1632,1338,-1,1338,1632,1633,-1,1338,1633,1337,-1,1337,1633,1634,-1,1337,1634,1336,-1,1336,1634,1635,-1,1336,1635,1335,-1,1335,1635,1636,-1,1335,1636,1301,-1,741,807,739,-1,739,807,774,-1,808,742,806,-1,806,742,740,-1,808,807,742,-1,742,807,741,-1,1637,1638,1639,-1,1639,1638,1640,-1,1639,1640,1641,-1,1642,1643,1644,-1,1644,1643,1645,-1,1644,1645,1646,-1,1647,1648,1649,-1,1649,1648,1650,-1,1649,1650,1651,-1,1651,1650,1652,-1,1651,1652,1642,-1,1642,1652,1653,-1,1642,1653,1643,-1,1639,1654,1637,-1,1637,1654,1655,-1,1637,1655,1656,-1,1657,1658,1659,-1,1659,1658,1660,-1,1659,1660,1661,-1,1661,1660,1662,-1,1661,1662,1663,-1,1664,1665,1666,-1,1666,1665,1667,-1,1666,1667,1668,-1,1668,1667,1669,-1,1668,1669,1670,-1,1669,1671,1670,-1,1670,1671,1672,-1,1670,1672,1673,-1,1673,1672,1674,-1,1673,1674,1641,-1,1641,1674,1675,-1,1641,1675,1639,-1,1656,1676,1637,-1,1637,1676,1677,-1,1637,1677,1678,-1,1678,1677,1679,-1,1678,1679,1680,-1,1681,1682,1683,-1,1683,1682,1684,-1,1683,1684,1685,-1,1685,1684,1686,-1,1685,1686,1687,-1,1686,1688,1687,-1,1687,1688,1689,-1,1687,1689,1690,-1,1690,1689,1691,-1,1690,1691,1692,-1,1692,1691,1693,-1,1692,1693,1657,-1,1657,1693,1694,-1,1657,1694,1658,-1,1662,1695,1663,-1,1663,1695,1696,-1,1663,1696,1697,-1,1697,1696,1698,-1,1697,1698,1699,-1,1699,1698,1700,-1,1699,1700,1647,-1,1647,1700,1701,-1,1647,1701,1648,-1,1645,1702,1646,-1,1646,1702,1703,-1,1646,1703,1704,-1,1704,1703,1705,-1,1704,1705,1706,-1,1706,1705,1707,-1,1706,1707,1708,-1,1707,1709,1708,-1,1708,1709,1710,-1,1708,1710,1711,-1,1711,1710,1712,-1,1711,1712,1713,-1,1713,1712,1714,-1,1713,1714,1715,-1,1716,1717,1718,-1,1718,1717,1719,-1,1718,1719,1664,-1,1664,1719,1720,-1,1664,1720,1665,-1,1679,1721,1680,-1,1680,1721,1722,-1,1680,1722,1723,-1,1723,1722,1724,-1,1723,1724,1725,-1,1725,1724,1726,-1,1725,1726,1727,-1,1726,1728,1727,-1,1727,1728,1729,-1,1727,1729,1730,-1,1730,1729,1731,-1,1730,1731,1681,-1,1681,1731,1732,-1,1681,1732,1682,-1,1714,1733,1715,-1,1715,1733,1734,-1,1715,1734,1735,-1,1735,1734,1736,-1,1735,1736,1737,-1,1737,1736,1738,-1,1737,1738,1739,-1,1738,1740,1739,-1,1739,1740,1741,-1,1739,1741,1742,-1,1742,1741,1743,-1,1742,1743,1744,-1,1744,1743,1745,-1,1744,1745,1746,-1,1745,1747,1746,-1,1746,1747,1748,-1,1746,1748,1749,-1,1749,1748,1750,-1,1749,1750,1751,-1,1751,1750,1752,-1,1751,1752,1716,-1,1716,1752,1753,-1,1716,1753,1717,-1,1754,1755,1756,-1,1756,1755,1757,-1,1756,1757,1758,-1,1756,1759,1754,-1,1754,1759,1760,-1,1754,1760,1761,-1,1762,1763,1757,-1,1757,1763,1764,-1,1757,1764,1758,-1,1765,1766,1767,-1,1767,1766,1768,-1,1767,1768,1769,-1,1768,1770,1769,-1,1769,1770,1771,-1,1769,1771,1772,-1,1772,1771,1773,-1,1772,1773,1774,-1,1774,1773,1775,-1,1774,1775,1776,-1,1777,1778,1779,-1,1779,1778,1780,-1,1779,1780,1781,-1,1781,1780,1782,-1,1781,1782,1783,-1,1782,1784,1783,-1,1783,1784,1785,-1,1783,1785,1786,-1,1786,1785,1787,-1,1786,1787,1788,-1,1788,1787,1789,-1,1788,1789,1765,-1,1765,1789,1790,-1,1765,1790,1766,-1,1775,1791,1776,-1,1776,1791,1792,-1,1776,1792,1793,-1,1793,1792,1794,-1,1793,1794,1795,-1,1795,1794,1796,-1,1795,1796,1797,-1,1760,1798,1761,-1,1761,1798,1799,-1,1761,1799,1800,-1,1800,1799,1801,-1,1800,1801,1802,-1,1801,1803,1802,-1,1802,1803,1804,-1,1802,1804,1805,-1,1805,1804,1806,-1,1805,1806,1807,-1,1807,1806,1808,-1,1807,1808,1809,-1,1808,1810,1809,-1,1809,1810,1811,-1,1809,1811,1812,-1,1812,1811,1813,-1,1812,1813,1814,-1,1815,1816,1817,-1,1817,1816,1818,-1,1817,1818,1819,-1,1819,1818,1820,-1,1819,1820,1821,-1,1820,1822,1821,-1,1821,1822,1823,-1,1821,1823,1824,-1,1824,1823,1825,-1,1824,1825,1826,-1,1826,1825,1827,-1,1826,1827,1828,-1,1829,1830,1757,-1,1757,1830,1831,-1,1757,1831,1762,-1,1796,1832,1797,-1,1797,1832,1833,-1,1797,1833,1834,-1,1834,1833,1835,-1,1834,1835,1836,-1,1836,1835,1837,-1,1836,1837,1815,-1,1815,1837,1838,-1,1815,1838,1816,-1,1827,1839,1828,-1,1828,1839,1840,-1,1828,1840,1841,-1,1841,1840,1842,-1,1841,1842,1843,-1,1842,1844,1843,-1,1843,1844,1845,-1,1843,1845,1846,-1,1846,1845,1847,-1,1846,1847,1848,-1,1848,1847,1830,-1,1848,1830,1849,-1,1849,1830,1829,-1,1850,1851,1852,-1,1852,1851,1853,-1,1852,1853,1854,-1,1854,1853,1855,-1,1854,1855,1777,-1,1777,1855,1856,-1,1777,1856,1778,-1,1813,1857,1814,-1,1814,1857,1858,-1,1814,1858,1859,-1,1859,1858,1860,-1,1859,1860,1861,-1,1861,1860,1862,-1,1861,1862,1863,-1,1862,1864,1863,-1,1863,1864,1865,-1,1863,1865,1866,-1,1866,1865,1867,-1,1866,1867,1868,-1,1868,1867,1869,-1,1868,1869,1850,-1,1850,1869,1870,-1,1850,1870,1851,-1,1871,1872,1873,-1,1873,1872,1874,-1,1873,1874,1875,-1,1875,1874,1876,-1,1875,1876,1877,-1,1878,1879,1880,-1,1880,1879,1881,-1,1880,1881,1882,-1,1882,1881,1883,-1,1882,1883,1884,-1,1885,1886,1887,-1,1887,1886,1888,-1,1887,1888,1889,-1,1889,1888,1890,-1,1889,1890,1891,-1,1892,1893,1894,-1,1894,1893,1895,-1,1894,1895,1896,-1,1896,1895,1897,-1,1896,1897,1898,-1,1899,1900,1901,-1,1901,1900,1902,-1,1901,1902,1903,-1,1903,1902,1904,-1,1903,1904,1871,-1,1871,1904,1905,-1,1871,1905,1872,-1,1883,1906,1884,-1,1884,1906,1907,-1,1884,1907,1908,-1,1908,1907,1909,-1,1908,1909,1910,-1,1910,1909,1911,-1,1910,1911,1885,-1,1885,1911,1912,-1,1885,1912,1886,-1,1890,1913,1891,-1,1891,1913,1914,-1,1891,1914,1915,-1,1915,1914,1916,-1,1915,1916,1917,-1,1917,1916,1918,-1,1917,1918,1919,-1,1920,1921,1922,-1,1922,1921,1923,-1,1922,1923,1924,-1,1924,1923,1925,-1,1924,1925,1926,-1,1876,1927,1877,-1,1877,1927,1928,-1,1877,1928,1929,-1,1929,1928,1930,-1,1929,1930,1931,-1,1931,1930,1932,-1,1931,1932,1933,-1,1932,1934,1933,-1,1933,1934,1935,-1,1933,1935,1936,-1,1936,1935,1937,-1,1936,1937,1938,-1,1938,1937,1939,-1,1938,1939,1940,-1,1941,1942,1943,-1,1943,1942,1944,-1,1943,1944,1945,-1,1945,1944,1946,-1,1945,1946,1878,-1,1878,1946,1947,-1,1878,1947,1879,-1,1925,1948,1926,-1,1926,1948,1949,-1,1926,1949,1950,-1,1950,1949,1951,-1,1950,1951,1952,-1,1952,1951,1953,-1,1952,1953,1892,-1,1892,1953,1954,-1,1892,1954,1893,-1,1897,1955,1898,-1,1898,1955,1956,-1,1898,1956,1957,-1,1957,1956,1958,-1,1957,1958,1899,-1,1899,1958,1959,-1,1899,1959,1900,-1,1939,1960,1940,-1,1940,1960,1961,-1,1940,1961,1962,-1,1962,1961,1963,-1,1962,1963,1964,-1,1964,1963,1965,-1,1964,1965,1966,-1,1965,1967,1966,-1,1966,1967,1968,-1,1966,1968,1969,-1,1969,1968,1970,-1,1969,1970,1971,-1,1971,1970,1972,-1,1971,1972,1941,-1,1941,1972,1973,-1,1941,1973,1942,-1,1918,1974,1919,-1,1919,1974,1975,-1,1919,1975,1976,-1,1976,1975,1977,-1,1976,1977,1978,-1,1978,1977,1979,-1,1978,1979,1920,-1,1920,1979,1980,-1,1920,1980,1921,-1,1981,1982,1983,-1,1984,1985,1986,-1,1987,1988,1989,-1,1990,1991,1992,-1,1993,1994,1995,-1,1996,1997,1998,-1,1999,2000,2001,-1,2002,2003,2004,-1,2005,2006,2007,-1,2008,2009,2010,-1,2011,2012,2013,-1,2014,2015,2016,-1,2017,2018,2019,-1,2020,2021,2022,-1,2023,2024,2025,-1,2026,2027,2028,-1,2029,2030,2031,-1,2032,2033,2034,-1,2035,2036,2037,-1,2038,2039,2040,-1,2041,2042,2043,-1,2044,2045,2046,-1,2047,2048,2049,-1,2050,2051,2052,-1,2053,2054,2055,-1,1956,1955,2056,-1,2056,1955,2057,-1,2056,2057,2058,-1,2058,2057,2059,-1,2058,2059,2060,-1,2060,2059,2061,-1,2060,2061,2062,-1,2062,2061,2063,-1,2062,2063,2064,-1,2064,2063,2055,-1,1895,1893,2065,-1,2065,1893,2066,-1,2065,2066,2067,-1,2067,2066,2068,-1,2067,2068,2069,-1,2069,2068,2070,-1,2069,2070,2071,-1,2071,2070,2072,-1,2071,2072,2073,-1,2073,2072,2052,-1,1953,1951,2074,-1,2074,1951,2075,-1,2074,2075,2076,-1,2076,2075,2077,-1,2076,2077,2078,-1,2078,2077,2079,-1,2078,2079,2080,-1,2080,2079,2081,-1,2080,2081,2082,-1,2082,2081,2049,-1,1948,1925,2083,-1,2083,1925,2084,-1,2083,2084,2085,-1,2085,2084,2086,-1,2085,2086,2087,-1,2087,2086,2088,-1,2087,2088,2089,-1,2089,2088,2090,-1,2089,2090,2091,-1,2091,2090,2046,-1,1921,1980,2092,-1,2092,1980,2093,-1,2092,2093,2094,-1,2094,2093,2095,-1,2094,2095,2096,-1,2096,2095,2097,-1,2096,2097,2098,-1,2098,2097,2099,-1,2098,2099,2100,-1,2100,2099,2043,-1,1977,1975,2101,-1,2101,1975,2102,-1,2101,2102,2103,-1,2103,2102,2104,-1,2103,2104,2105,-1,2105,2104,2106,-1,2105,2106,2107,-1,2107,2106,2108,-1,2107,2108,2109,-1,2109,2108,2040,-1,1890,1888,2110,-1,2110,1888,2111,-1,2110,2111,2112,-1,2112,2111,2113,-1,2112,2113,2114,-1,2114,2113,2115,-1,2114,2115,2116,-1,2116,2115,2117,-1,2116,2117,2118,-1,2118,2117,2028,-1,1912,1911,2119,-1,2119,1911,2120,-1,2119,2120,2121,-1,2121,2120,2122,-1,2121,2122,2123,-1,2123,2122,2124,-1,2123,2124,2125,-1,2125,2124,2126,-1,2125,2126,2127,-1,2127,2126,2025,-1,1907,1906,2128,-1,2128,1906,2129,-1,2128,2129,2130,-1,2130,2129,2131,-1,2130,2131,2132,-1,2132,2131,2133,-1,2132,2133,2134,-1,2134,2133,2135,-1,2134,2135,2136,-1,2136,2135,2022,-1,1881,1879,2137,-1,2137,1879,2138,-1,2137,2138,2139,-1,2139,2138,2140,-1,2139,2140,2141,-1,2141,2140,2142,-1,2141,2142,2143,-1,2143,2142,2144,-1,2143,2144,2145,-1,2145,2144,2019,-1,1946,1944,2146,-1,2146,1944,2147,-1,2146,2147,2148,-1,2148,2147,2149,-1,2148,2149,2150,-1,2150,2149,2151,-1,2150,2151,2152,-1,2152,2151,2153,-1,2152,2153,2154,-1,2154,2153,2016,-1,1973,1972,2155,-1,2155,1972,2156,-1,2155,2156,2157,-1,2157,2156,2158,-1,2157,2158,2159,-1,2159,2158,2160,-1,2159,2160,2161,-1,2161,2160,2162,-1,2161,2162,2163,-1,2163,2162,2013,-1,1961,1960,2164,-1,2164,1960,2165,-1,2164,2165,2166,-1,2166,2165,2167,-1,2166,2167,2168,-1,2168,2167,2169,-1,2168,2169,2170,-1,2170,2169,2171,-1,2170,2171,2172,-1,2172,2171,2001,-1,1937,1935,2173,-1,2173,1935,2174,-1,2173,2174,2175,-1,2175,2174,2176,-1,2175,2176,2177,-1,2177,2176,2178,-1,2177,2178,2179,-1,2179,2178,2180,-1,2179,2180,2181,-1,2181,2180,1998,-1,1932,1930,2182,-1,2182,1930,2183,-1,2182,2183,2184,-1,2184,2183,2185,-1,2184,2185,2186,-1,2186,2185,2187,-1,2186,2187,2188,-1,2188,2187,2189,-1,2188,2189,2190,-1,2190,2189,1995,-1,1927,1876,2191,-1,2191,1876,2192,-1,2191,2192,2193,-1,2193,2192,2194,-1,2193,2194,2195,-1,2195,2194,2196,-1,2195,2196,2197,-1,2197,2196,2198,-1,2197,2198,2199,-1,2199,2198,1992,-1,1872,1905,2200,-1,2200,1905,2201,-1,2200,2201,2202,-1,2202,2201,2203,-1,2202,2203,2204,-1,2204,2203,2205,-1,2204,2205,2206,-1,2206,2205,2207,-1,2206,2207,2208,-1,2208,2207,1989,-1,1958,1956,2209,-1,2209,1956,2056,-1,2209,2056,2210,-1,2210,2056,2058,-1,2210,2058,2211,-1,2211,2058,2060,-1,2211,2060,2212,-1,2212,2060,2062,-1,2212,2062,2213,-1,2213,2062,2064,-1,2213,2064,2214,-1,2214,2064,2215,-1,2055,2054,2064,-1,2064,2054,2216,-1,2064,2216,2215,-1,2217,2053,2218,-1,2218,2053,2055,-1,2218,2055,2219,-1,2219,2055,2063,-1,2219,2063,2220,-1,2220,2063,2061,-1,2220,2061,2221,-1,2221,2061,2059,-1,2221,2059,2222,-1,2222,2059,2057,-1,2222,2057,1897,-1,1897,2057,1955,-1,1897,1895,2222,-1,2222,1895,2065,-1,2222,2065,2221,-1,2221,2065,2067,-1,2221,2067,2220,-1,2220,2067,2069,-1,2220,2069,2219,-1,2219,2069,2071,-1,2219,2071,2218,-1,2218,2071,2073,-1,2218,2073,2217,-1,2217,2073,2223,-1,2052,2051,2073,-1,2073,2051,2224,-1,2073,2224,2223,-1,2225,2050,2226,-1,2226,2050,2052,-1,2226,2052,2227,-1,2227,2052,2072,-1,2227,2072,2228,-1,2228,2072,2070,-1,2228,2070,2229,-1,2229,2070,2068,-1,2229,2068,2230,-1,2230,2068,2066,-1,2230,2066,1954,-1,1954,2066,1893,-1,1954,1953,2230,-1,2230,1953,2074,-1,2230,2074,2229,-1,2229,2074,2076,-1,2229,2076,2228,-1,2228,2076,2078,-1,2228,2078,2227,-1,2227,2078,2080,-1,2227,2080,2226,-1,2226,2080,2082,-1,2226,2082,2225,-1,2225,2082,2231,-1,2049,2048,2082,-1,2082,2048,2232,-1,2082,2232,2231,-1,2233,2047,2234,-1,2234,2047,2049,-1,2234,2049,2235,-1,2235,2049,2081,-1,2235,2081,2236,-1,2236,2081,2079,-1,2236,2079,2237,-1,2237,2079,2077,-1,2237,2077,2238,-1,2238,2077,2075,-1,2238,2075,1949,-1,1949,2075,1951,-1,1949,1948,2238,-1,2238,1948,2083,-1,2238,2083,2237,-1,2237,2083,2085,-1,2237,2085,2236,-1,2236,2085,2087,-1,2236,2087,2235,-1,2235,2087,2089,-1,2235,2089,2234,-1,2234,2089,2091,-1,2234,2091,2233,-1,2233,2091,2239,-1,2046,2045,2091,-1,2091,2045,2240,-1,2091,2240,2239,-1,2241,2044,2242,-1,2242,2044,2046,-1,2242,2046,2243,-1,2243,2046,2090,-1,2243,2090,2244,-1,2244,2090,2088,-1,2244,2088,2245,-1,2245,2088,2086,-1,2245,2086,2246,-1,2246,2086,2084,-1,2246,2084,1923,-1,1923,2084,1925,-1,1923,1921,2246,-1,2246,1921,2092,-1,2246,2092,2245,-1,2245,2092,2094,-1,2245,2094,2244,-1,2244,2094,2096,-1,2244,2096,2243,-1,2243,2096,2098,-1,2243,2098,2242,-1,2242,2098,2100,-1,2242,2100,2241,-1,2241,2100,2247,-1,2043,2042,2100,-1,2100,2042,2248,-1,2100,2248,2247,-1,2249,2041,2250,-1,2250,2041,2043,-1,2250,2043,2251,-1,2251,2043,2099,-1,2251,2099,2252,-1,2252,2099,2097,-1,2252,2097,2253,-1,2253,2097,2095,-1,2253,2095,2254,-1,2254,2095,2093,-1,2254,2093,1979,-1,1979,2093,1980,-1,1979,1977,2254,-1,2254,1977,2101,-1,2254,2101,2253,-1,2253,2101,2103,-1,2253,2103,2252,-1,2252,2103,2105,-1,2252,2105,2251,-1,2251,2105,2107,-1,2251,2107,2250,-1,2250,2107,2109,-1,2250,2109,2249,-1,2249,2109,2255,-1,2040,2039,2109,-1,2109,2039,2256,-1,2109,2256,2255,-1,2257,2038,2258,-1,2258,2038,2040,-1,2258,2040,2259,-1,2259,2040,2108,-1,2259,2108,2260,-1,2260,2108,2106,-1,2260,2106,2261,-1,2261,2106,2104,-1,2261,2104,2262,-1,2262,2104,2102,-1,2262,2102,1974,-1,1974,2102,1975,-1,1974,1918,2262,-1,2262,1918,2263,-1,2262,2263,2261,-1,2261,2263,2264,-1,2261,2264,2260,-1,2260,2264,2265,-1,2260,2265,2259,-1,2259,2265,2266,-1,2259,2266,2258,-1,2258,2266,2037,-1,2258,2037,2257,-1,2257,2037,2036,-1,2033,2035,2034,-1,2034,2035,2037,-1,2034,2037,2267,-1,2267,2037,2266,-1,2267,2266,2268,-1,2268,2266,2265,-1,2268,2265,2269,-1,2269,2265,2264,-1,2269,2264,2270,-1,2270,2264,2263,-1,2270,2263,1916,-1,1916,2263,1918,-1,2030,2032,2031,-1,2031,2032,2034,-1,2031,2034,2271,-1,2271,2034,2267,-1,2271,2267,2272,-1,2272,2267,2268,-1,2272,2268,2273,-1,2273,2268,2269,-1,2273,2269,2274,-1,2274,2269,2270,-1,2274,2270,1914,-1,1914,2270,1916,-1,2275,2029,2276,-1,2276,2029,2031,-1,2276,2031,2277,-1,2277,2031,2271,-1,2277,2271,2278,-1,2278,2271,2272,-1,2278,2272,2279,-1,2279,2272,2273,-1,2279,2273,2280,-1,2280,2273,2274,-1,2280,2274,1913,-1,1913,2274,1914,-1,1913,1890,2280,-1,2280,1890,2110,-1,2280,2110,2279,-1,2279,2110,2112,-1,2279,2112,2278,-1,2278,2112,2114,-1,2278,2114,2277,-1,2277,2114,2116,-1,2277,2116,2276,-1,2276,2116,2118,-1,2276,2118,2275,-1,2275,2118,2281,-1,2028,2027,2118,-1,2118,2027,2282,-1,2118,2282,2281,-1,2283,2026,2284,-1,2284,2026,2028,-1,2284,2028,2285,-1,2285,2028,2117,-1,2285,2117,2286,-1,2286,2117,2115,-1,2286,2115,2287,-1,2287,2115,2113,-1,2287,2113,2288,-1,2288,2113,2111,-1,2288,2111,1886,-1,1886,2111,1888,-1,1886,1912,2288,-1,2288,1912,2119,-1,2288,2119,2287,-1,2287,2119,2121,-1,2287,2121,2286,-1,2286,2121,2123,-1,2286,2123,2285,-1,2285,2123,2125,-1,2285,2125,2284,-1,2284,2125,2127,-1,2284,2127,2283,-1,2283,2127,2289,-1,2025,2024,2127,-1,2127,2024,2290,-1,2127,2290,2289,-1,2291,2023,2292,-1,2292,2023,2025,-1,2292,2025,2293,-1,2293,2025,2126,-1,2293,2126,2294,-1,2294,2126,2124,-1,2294,2124,2295,-1,2295,2124,2122,-1,2295,2122,2296,-1,2296,2122,2120,-1,2296,2120,1909,-1,1909,2120,1911,-1,1909,1907,2296,-1,2296,1907,2128,-1,2296,2128,2295,-1,2295,2128,2130,-1,2295,2130,2294,-1,2294,2130,2132,-1,2294,2132,2293,-1,2293,2132,2134,-1,2293,2134,2292,-1,2292,2134,2136,-1,2292,2136,2291,-1,2291,2136,2297,-1,2022,2021,2136,-1,2136,2021,2298,-1,2136,2298,2297,-1,2299,2020,2300,-1,2300,2020,2022,-1,2300,2022,2301,-1,2301,2022,2135,-1,2301,2135,2302,-1,2302,2135,2133,-1,2302,2133,2303,-1,2303,2133,2131,-1,2303,2131,2304,-1,2304,2131,2129,-1,2304,2129,1883,-1,1883,2129,1906,-1,1883,1881,2304,-1,2304,1881,2137,-1,2304,2137,2303,-1,2303,2137,2139,-1,2303,2139,2302,-1,2302,2139,2141,-1,2302,2141,2301,-1,2301,2141,2143,-1,2301,2143,2300,-1,2300,2143,2145,-1,2300,2145,2299,-1,2299,2145,2305,-1,2019,2018,2145,-1,2145,2018,2306,-1,2145,2306,2305,-1,2307,2017,2308,-1,2308,2017,2019,-1,2308,2019,2309,-1,2309,2019,2144,-1,2309,2144,2310,-1,2310,2144,2142,-1,2310,2142,2311,-1,2311,2142,2140,-1,2311,2140,2312,-1,2312,2140,2138,-1,2312,2138,1947,-1,1947,2138,1879,-1,1947,1946,2312,-1,2312,1946,2146,-1,2312,2146,2311,-1,2311,2146,2148,-1,2311,2148,2310,-1,2310,2148,2150,-1,2310,2150,2309,-1,2309,2150,2152,-1,2309,2152,2308,-1,2308,2152,2154,-1,2308,2154,2307,-1,2307,2154,2313,-1,2016,2015,2154,-1,2154,2015,2314,-1,2154,2314,2313,-1,2315,2014,2316,-1,2316,2014,2016,-1,2316,2016,2317,-1,2317,2016,2153,-1,2317,2153,2318,-1,2318,2153,2151,-1,2318,2151,2319,-1,2319,2151,2149,-1,2319,2149,2320,-1,2320,2149,2147,-1,2320,2147,1942,-1,1942,2147,1944,-1,1942,1973,2320,-1,2320,1973,2155,-1,2320,2155,2319,-1,2319,2155,2157,-1,2319,2157,2318,-1,2318,2157,2159,-1,2318,2159,2317,-1,2317,2159,2161,-1,2317,2161,2316,-1,2316,2161,2163,-1,2316,2163,2315,-1,2315,2163,2321,-1,2013,2012,2163,-1,2163,2012,2322,-1,2163,2322,2321,-1,2323,2011,2324,-1,2324,2011,2013,-1,2324,2013,2325,-1,2325,2013,2162,-1,2325,2162,2326,-1,2326,2162,2160,-1,2326,2160,2327,-1,2327,2160,2158,-1,2327,2158,2328,-1,2328,2158,2156,-1,2328,2156,1970,-1,1970,2156,1972,-1,1970,1968,2328,-1,2328,1968,2329,-1,2328,2329,2327,-1,2327,2329,2330,-1,2327,2330,2326,-1,2326,2330,2331,-1,2326,2331,2325,-1,2325,2331,2332,-1,2325,2332,2324,-1,2324,2332,2010,-1,2324,2010,2323,-1,2323,2010,2009,-1,2006,2008,2007,-1,2007,2008,2010,-1,2007,2010,2333,-1,2333,2010,2332,-1,2333,2332,2334,-1,2334,2332,2331,-1,2334,2331,2335,-1,2335,2331,2330,-1,2335,2330,2336,-1,2336,2330,2329,-1,2336,2329,1967,-1,1967,2329,1968,-1,1967,1965,2336,-1,2336,1965,2337,-1,2336,2337,2335,-1,2335,2337,2338,-1,2335,2338,2334,-1,2334,2338,2339,-1,2334,2339,2333,-1,2333,2339,2340,-1,2333,2340,2007,-1,2007,2340,2004,-1,2007,2004,2005,-1,2005,2004,2003,-1,2341,2002,2342,-1,2342,2002,2004,-1,2342,2004,2343,-1,2343,2004,2340,-1,2343,2340,2344,-1,2344,2340,2339,-1,2344,2339,2345,-1,2345,2339,2338,-1,2345,2338,2346,-1,2346,2338,2337,-1,2346,2337,1963,-1,1963,2337,1965,-1,1963,1961,2346,-1,2346,1961,2164,-1,2346,2164,2345,-1,2345,2164,2166,-1,2345,2166,2344,-1,2344,2166,2168,-1,2344,2168,2343,-1,2343,2168,2170,-1,2343,2170,2342,-1,2342,2170,2172,-1,2342,2172,2341,-1,2341,2172,2347,-1,2001,2000,2172,-1,2172,2000,2348,-1,2172,2348,2347,-1,2349,1999,2350,-1,2350,1999,2001,-1,2350,2001,2351,-1,2351,2001,2171,-1,2351,2171,2352,-1,2352,2171,2169,-1,2352,2169,2353,-1,2353,2169,2167,-1,2353,2167,2354,-1,2354,2167,2165,-1,2354,2165,1939,-1,1939,2165,1960,-1,1939,1937,2354,-1,2354,1937,2173,-1,2354,2173,2353,-1,2353,2173,2175,-1,2353,2175,2352,-1,2352,2175,2177,-1,2352,2177,2351,-1,2351,2177,2179,-1,2351,2179,2350,-1,2350,2179,2181,-1,2350,2181,2349,-1,2349,2181,2355,-1,1998,1997,2181,-1,2181,1997,2356,-1,2181,2356,2355,-1,2357,1996,2358,-1,2358,1996,1998,-1,2358,1998,2359,-1,2359,1998,2180,-1,2359,2180,2360,-1,2360,2180,2178,-1,2360,2178,2361,-1,2361,2178,2176,-1,2361,2176,2362,-1,2362,2176,2174,-1,2362,2174,1934,-1,1934,2174,1935,-1,1934,1932,2362,-1,2362,1932,2182,-1,2362,2182,2361,-1,2361,2182,2184,-1,2361,2184,2360,-1,2360,2184,2186,-1,2360,2186,2359,-1,2359,2186,2188,-1,2359,2188,2358,-1,2358,2188,2190,-1,2358,2190,2357,-1,2357,2190,2363,-1,1995,1994,2190,-1,2190,1994,2364,-1,2190,2364,2363,-1,2365,1993,2366,-1,2366,1993,1995,-1,2366,1995,2367,-1,2367,1995,2189,-1,2367,2189,2368,-1,2368,2189,2187,-1,2368,2187,2369,-1,2369,2187,2185,-1,2369,2185,2370,-1,2370,2185,2183,-1,2370,2183,1928,-1,1928,2183,1930,-1,1928,1927,2370,-1,2370,1927,2191,-1,2370,2191,2369,-1,2369,2191,2193,-1,2369,2193,2368,-1,2368,2193,2195,-1,2368,2195,2367,-1,2367,2195,2197,-1,2367,2197,2366,-1,2366,2197,2199,-1,2366,2199,2365,-1,2365,2199,2371,-1,1992,1991,2199,-1,2199,1991,2372,-1,2199,2372,2371,-1,2373,1990,2374,-1,2374,1990,1992,-1,2374,1992,2375,-1,2375,1992,2198,-1,2375,2198,2376,-1,2376,2198,2196,-1,2376,2196,2377,-1,2377,2196,2194,-1,2377,2194,2378,-1,2378,2194,2192,-1,2378,2192,1874,-1,1874,2192,1876,-1,1874,1872,2378,-1,2378,1872,2200,-1,2378,2200,2377,-1,2377,2200,2202,-1,2377,2202,2376,-1,2376,2202,2204,-1,2376,2204,2375,-1,2375,2204,2206,-1,2375,2206,2374,-1,2374,2206,2208,-1,2374,2208,2373,-1,2373,2208,2379,-1,1989,1988,2208,-1,2208,1988,2380,-1,2208,2380,2379,-1,2381,1987,2382,-1,2382,1987,1989,-1,2382,1989,2383,-1,2383,1989,2207,-1,2383,2207,2384,-1,2384,2207,2205,-1,2384,2205,2385,-1,2385,2205,2203,-1,2385,2203,2386,-1,2386,2203,2201,-1,2386,2201,1904,-1,1904,2201,1905,-1,1904,1902,2386,-1,2386,1902,2387,-1,2386,2387,2385,-1,2385,2387,2388,-1,2385,2388,2384,-1,2384,2388,2389,-1,2384,2389,2383,-1,2383,2389,2390,-1,2383,2390,2382,-1,2382,2390,1986,-1,2382,1986,2381,-1,2381,1986,1985,-1,1982,1984,1983,-1,1983,1984,1986,-1,1983,1986,2391,-1,2391,1986,2390,-1,2391,2390,2392,-1,2392,2390,2389,-1,2392,2389,2393,-1,2393,2389,2388,-1,2393,2388,2394,-1,2394,2388,2387,-1,2394,2387,1900,-1,1900,2387,1902,-1,2395,1981,2396,-1,2396,1981,1983,-1,2396,1983,2397,-1,2397,1983,2391,-1,2397,2391,2398,-1,2398,2391,2392,-1,2398,2392,2399,-1,2399,2392,2393,-1,2399,2393,2400,-1,2400,2393,2394,-1,2400,2394,1959,-1,1959,2394,1900,-1,1959,1958,2400,-1,2400,1958,2209,-1,2400,2209,2399,-1,2399,2209,2210,-1,2399,2210,2398,-1,2398,2210,2211,-1,2398,2211,2397,-1,2397,2211,2212,-1,2397,2212,2396,-1,2396,2212,2213,-1,2396,2213,2395,-1,2395,2213,2214,-1,2018,2017,2401,-1,1982,2402,1984,-1,1984,2402,2403,-1,1984,2403,1985,-1,1985,2403,2404,-1,1985,2404,2381,-1,2381,2404,1987,-1,1987,2404,2405,-1,1987,2405,1988,-1,1988,2405,2406,-1,1988,2406,2380,-1,2407,2349,2408,-1,2408,2349,2355,-1,2406,2409,2380,-1,2380,2409,2410,-1,2380,2410,2379,-1,2379,2410,2411,-1,2379,2411,2373,-1,2373,2411,2412,-1,2373,2412,1990,-1,1990,2412,2413,-1,1990,2413,1991,-1,1991,2413,2414,-1,1991,2414,2372,-1,2372,2414,2415,-1,2372,2415,2371,-1,2371,2415,2416,-1,2371,2416,2365,-1,2365,2416,2417,-1,2365,2417,1993,-1,1993,2417,2418,-1,1993,2418,1994,-1,1994,2418,2419,-1,1994,2419,2364,-1,2364,2419,2420,-1,2364,2420,2363,-1,2363,2420,2421,-1,2363,2421,2357,-1,2357,2421,2422,-1,2357,2422,1996,-1,1996,2422,2423,-1,1996,2423,1997,-1,1997,2423,2424,-1,1997,2424,2356,-1,2356,2424,2425,-1,2356,2425,2355,-1,2355,2425,2426,-1,2355,2426,2408,-1,2341,2427,2002,-1,2002,2427,2428,-1,2002,2428,2429,-1,2341,2347,2427,-1,2427,2347,2348,-1,2427,2348,2430,-1,2430,2348,2000,-1,2430,2000,2407,-1,2407,2000,1999,-1,2407,1999,2349,-1,2429,2431,2002,-1,2002,2431,2432,-1,2002,2432,2003,-1,2003,2432,2433,-1,2003,2433,2005,-1,2005,2433,2434,-1,2005,2434,2006,-1,2006,2434,2435,-1,2006,2435,2008,-1,2008,2435,2436,-1,2008,2436,2009,-1,2009,2436,2437,-1,2009,2437,2323,-1,2323,2437,2438,-1,2323,2438,2011,-1,2011,2438,2439,-1,2011,2439,2012,-1,2012,2439,2440,-1,2012,2440,2322,-1,2322,2440,2441,-1,2322,2441,2321,-1,2321,2441,2442,-1,2321,2442,2315,-1,2315,2442,2443,-1,2315,2443,2014,-1,2014,2443,2444,-1,2014,2444,2015,-1,2401,2017,2445,-1,2444,2446,2015,-1,2015,2446,2447,-1,2015,2447,2314,-1,2314,2447,2448,-1,2314,2448,2313,-1,2313,2448,2445,-1,2313,2445,2307,-1,2307,2445,2017,-1,2401,2449,2018,-1,2018,2449,2450,-1,2018,2450,2306,-1,2306,2450,2451,-1,2306,2451,2305,-1,2305,2451,2452,-1,2305,2452,2299,-1,2299,2452,2453,-1,2299,2453,2020,-1,2020,2453,2454,-1,2020,2454,2021,-1,2021,2454,2455,-1,2021,2455,2298,-1,2298,2455,2456,-1,2298,2456,2297,-1,2297,2456,2457,-1,2297,2457,2291,-1,2291,2457,2458,-1,2291,2458,2023,-1,2023,2458,2024,-1,2458,2459,2024,-1,2024,2459,2460,-1,2024,2460,2290,-1,2290,2460,2461,-1,2290,2461,2289,-1,2289,2461,2462,-1,2289,2462,2283,-1,2283,2462,2463,-1,2283,2463,2026,-1,2026,2463,2464,-1,2026,2464,2027,-1,2027,2464,2465,-1,2027,2465,2282,-1,2282,2465,2466,-1,2282,2466,2281,-1,2281,2466,2275,-1,2466,2467,2275,-1,2275,2467,2468,-1,2275,2468,2029,-1,2029,2468,2469,-1,2029,2469,2030,-1,2030,2469,2470,-1,2030,2470,2032,-1,2032,2470,2471,-1,2032,2471,2033,-1,2048,2047,2472,-1,2472,2047,2233,-1,2472,2233,2473,-1,2473,2233,2239,-1,2471,2474,2033,-1,2033,2474,2475,-1,2033,2475,2035,-1,2035,2475,2476,-1,2035,2476,2036,-1,2036,2476,2477,-1,2036,2477,2257,-1,2257,2477,2478,-1,2257,2478,2038,-1,2038,2478,2479,-1,2038,2479,2039,-1,2039,2479,2480,-1,2039,2480,2256,-1,2256,2480,2481,-1,2256,2481,2255,-1,2255,2481,2482,-1,2255,2482,2249,-1,2249,2482,2483,-1,2249,2483,2041,-1,2041,2483,2484,-1,2041,2484,2042,-1,2042,2484,2485,-1,2042,2485,2248,-1,2248,2485,2486,-1,2248,2486,2247,-1,2247,2486,2487,-1,2247,2487,2241,-1,2241,2487,2488,-1,2241,2488,2044,-1,2044,2488,2489,-1,2044,2489,2045,-1,2045,2489,2490,-1,2045,2490,2240,-1,2240,2490,2491,-1,2240,2491,2239,-1,2239,2491,2492,-1,2239,2492,2473,-1,2472,2493,2048,-1,2048,2493,2494,-1,2048,2494,2232,-1,2232,2494,2495,-1,2232,2495,2231,-1,2231,2495,2496,-1,2231,2496,2225,-1,2225,2496,2497,-1,2225,2497,2050,-1,2050,2497,2498,-1,2050,2498,2051,-1,2051,2498,2499,-1,2051,2499,2224,-1,2224,2499,2500,-1,2224,2500,2223,-1,2223,2500,2501,-1,2223,2501,2217,-1,2217,2501,2502,-1,2217,2502,2053,-1,2053,2502,2503,-1,2053,2503,2054,-1,2054,2503,2504,-1,2054,2504,2216,-1,2216,2504,2505,-1,2216,2505,2215,-1,2215,2505,2506,-1,2215,2506,2214,-1,2214,2506,2507,-1,2214,2507,2395,-1,2395,2507,2508,-1,2395,2508,1981,-1,1981,2508,2509,-1,1981,2509,1982,-1,1982,2509,2510,-1,1982,2510,2402,-1,2506,2505,2511,-1,2505,2504,2511,-1,2511,2504,2503,-1,2511,2503,2512,-1,2512,2503,2502,-1,2512,2502,2513,-1,2502,2501,2513,-1,2513,2501,2500,-1,2513,2500,2514,-1,2500,2499,2514,-1,2514,2499,2498,-1,2514,2498,2515,-1,2515,2498,2497,-1,2515,2497,2516,-1,2497,2496,2516,-1,2516,2496,2495,-1,2516,2495,2517,-1,2495,2494,2517,-1,2517,2494,2493,-1,2517,2493,2518,-1,2518,2493,2472,-1,2518,2472,2519,-1,2472,2473,2519,-1,2519,2473,2492,-1,2519,2492,2520,-1,2520,2492,2491,-1,2520,2491,2521,-1,2521,2491,2490,-1,2521,2490,2522,-1,2522,2490,2489,-1,2489,2488,2522,-1,2522,2488,2487,-1,2522,2487,2523,-1,2523,2487,2486,-1,2523,2486,2524,-1,2486,2485,2524,-1,2524,2485,2484,-1,2524,2484,2525,-1,2484,2483,2525,-1,2525,2483,2482,-1,2525,2482,2526,-1,2526,2482,2481,-1,2526,2481,2527,-1,2481,2480,2527,-1,2527,2480,2479,-1,2527,2479,2528,-1,2528,2479,2478,-1,2528,2478,2477,-1,2476,2529,2477,-1,2477,2529,2530,-1,2477,2530,2528,-1,2476,2475,2529,-1,2529,2475,2474,-1,2529,2474,2531,-1,2531,2474,2471,-1,2531,2471,2532,-1,2471,2470,2532,-1,2532,2470,2469,-1,2532,2469,2533,-1,2469,2468,2533,-1,2533,2468,2467,-1,2533,2467,2534,-1,2534,2467,2466,-1,2534,2466,2535,-1,2466,2465,2535,-1,2535,2465,2464,-1,2535,2464,2536,-1,2464,2463,2536,-1,2536,2463,2462,-1,2536,2462,2537,-1,2537,2462,2461,-1,2537,2461,2538,-1,2461,2460,2538,-1,2538,2460,2459,-1,2538,2459,2539,-1,2539,2459,2458,-1,2539,2458,2540,-1,2540,2458,2457,-1,2540,2457,2541,-1,2541,2457,2456,-1,2456,2455,2541,-1,2541,2455,2454,-1,2541,2454,2542,-1,2542,2454,2453,-1,2542,2453,2543,-1,2453,2452,2543,-1,2543,2452,2451,-1,2543,2451,2544,-1,2451,2450,2544,-1,2544,2450,2449,-1,2544,2449,2545,-1,2545,2449,2401,-1,2545,2401,2546,-1,2401,2445,2546,-1,2546,2445,2448,-1,2546,2448,2547,-1,2547,2448,2447,-1,2547,2447,2446,-1,2444,2548,2446,-1,2446,2548,2549,-1,2446,2549,2547,-1,2444,2443,2548,-1,2548,2443,2442,-1,2548,2442,2550,-1,2550,2442,2441,-1,2550,2441,2551,-1,2551,2441,2440,-1,2551,2440,2552,-1,2552,2440,2439,-1,2439,2438,2552,-1,2552,2438,2437,-1,2552,2437,2553,-1,2553,2437,2436,-1,2553,2436,2554,-1,2436,2435,2554,-1,2554,2435,2434,-1,2554,2434,2555,-1,2434,2433,2555,-1,2555,2433,2432,-1,2555,2432,2556,-1,2556,2432,2431,-1,2556,2431,2557,-1,2431,2429,2557,-1,2557,2429,2428,-1,2557,2428,2558,-1,2558,2428,2427,-1,2558,2427,2559,-1,2559,2427,2430,-1,2559,2430,2560,-1,2560,2430,2407,-1,2407,2408,2560,-1,2560,2408,2426,-1,2560,2426,2561,-1,2561,2426,2425,-1,2561,2425,2562,-1,2425,2424,2562,-1,2562,2424,2423,-1,2562,2423,2563,-1,2423,2422,2563,-1,2563,2422,2421,-1,2563,2421,2564,-1,2564,2421,2420,-1,2564,2420,2565,-1,2420,2419,2565,-1,2565,2419,2418,-1,2565,2418,2566,-1,2566,2418,2417,-1,2566,2417,2416,-1,2415,2567,2416,-1,2416,2567,2568,-1,2416,2568,2566,-1,2415,2414,2567,-1,2567,2414,2413,-1,2567,2413,2569,-1,2569,2413,2412,-1,2569,2412,2570,-1,2570,2412,2411,-1,2570,2411,2571,-1,2571,2411,2410,-1,2410,2409,2571,-1,2571,2409,2406,-1,2571,2406,2572,-1,2572,2406,2405,-1,2572,2405,2573,-1,2405,2404,2573,-1,2573,2404,2403,-1,2573,2403,2574,-1,2403,2402,2574,-1,2574,2402,2510,-1,2574,2510,2575,-1,2575,2510,2509,-1,2575,2509,2576,-1,2511,2577,2506,-1,2506,2577,2578,-1,2506,2578,2507,-1,2507,2578,2576,-1,2507,2576,2508,-1,2508,2576,2509,-1,2578,2579,2576,-1,2576,2579,2580,-1,2576,2580,2575,-1,2575,2580,2581,-1,2575,2581,2574,-1,2574,2581,2582,-1,2574,2582,2573,-1,2573,2582,2583,-1,2573,2583,2572,-1,2572,2583,2584,-1,2572,2584,2571,-1,2571,2584,2585,-1,2571,2585,2570,-1,2570,2585,2586,-1,2570,2586,2569,-1,2569,2586,2587,-1,2569,2587,2567,-1,2567,2587,2588,-1,2567,2588,2568,-1,2568,2588,2589,-1,2568,2589,2566,-1,2566,2589,2590,-1,2566,2590,2565,-1,2565,2590,2591,-1,2565,2591,2564,-1,2564,2591,2592,-1,2564,2592,2563,-1,2563,2592,2593,-1,2563,2593,2562,-1,2562,2593,2594,-1,2562,2594,2561,-1,2561,2594,2595,-1,2561,2595,2560,-1,2560,2595,2596,-1,2560,2596,2559,-1,2559,2596,2597,-1,2559,2597,2558,-1,2558,2597,2598,-1,2558,2598,2557,-1,2557,2598,2599,-1,2557,2599,2556,-1,2556,2599,2600,-1,2556,2600,2555,-1,2555,2600,2601,-1,2555,2601,2554,-1,2554,2601,2602,-1,2554,2602,2553,-1,2553,2602,2603,-1,2553,2603,2552,-1,2552,2603,2604,-1,2552,2604,2551,-1,2551,2604,2605,-1,2551,2605,2550,-1,2550,2605,2606,-1,2550,2606,2548,-1,2548,2606,2607,-1,2548,2607,2549,-1,2549,2607,2608,-1,2549,2608,2547,-1,2547,2608,2609,-1,2547,2609,2546,-1,2546,2609,2610,-1,2546,2610,2545,-1,2545,2610,2611,-1,2545,2611,2544,-1,2544,2611,2612,-1,2544,2612,2543,-1,2543,2612,2613,-1,2543,2613,2542,-1,2542,2613,2614,-1,2542,2614,2541,-1,2541,2614,2615,-1,2541,2615,2540,-1,2540,2615,2616,-1,2540,2616,2539,-1,2539,2616,2617,-1,2539,2617,2538,-1,2538,2617,2618,-1,2538,2618,2537,-1,2537,2618,2619,-1,2537,2619,2536,-1,2536,2619,2620,-1,2536,2620,2535,-1,2535,2620,2621,-1,2535,2621,2534,-1,2534,2621,2622,-1,2534,2622,2533,-1,2533,2622,2623,-1,2533,2623,2532,-1,2532,2623,2624,-1,2532,2624,2531,-1,2531,2624,2625,-1,2531,2625,2529,-1,2529,2625,2626,-1,2529,2626,2530,-1,2530,2626,2627,-1,2530,2627,2528,-1,2528,2627,2628,-1,2528,2628,2527,-1,2527,2628,2629,-1,2527,2629,2526,-1,2526,2629,2630,-1,2526,2630,2525,-1,2525,2630,2631,-1,2525,2631,2524,-1,2524,2631,2632,-1,2524,2632,2523,-1,2523,2632,2633,-1,2523,2633,2522,-1,2522,2633,2634,-1,2522,2634,2521,-1,2521,2634,2635,-1,2521,2635,2520,-1,2520,2635,2636,-1,2520,2636,2519,-1,2519,2636,2637,-1,2519,2637,2518,-1,2518,2637,2638,-1,2518,2638,2517,-1,2517,2638,2639,-1,2517,2639,2516,-1,2516,2639,2640,-1,2516,2640,2515,-1,2515,2640,2641,-1,2515,2641,2514,-1,2514,2641,2642,-1,2514,2642,2513,-1,2513,2642,2643,-1,2513,2643,2512,-1,2512,2643,2644,-1,2512,2644,2511,-1,2511,2644,2645,-1,2511,2645,2577,-1,2577,2645,2646,-1,2577,2646,2578,-1,2578,2646,2579,-1,2646,2647,2579,-1,2579,2647,2648,-1,2579,2648,2580,-1,2580,2648,2649,-1,2580,2649,2581,-1,2581,2649,2650,-1,2581,2650,2582,-1,2582,2650,2651,-1,2582,2651,2583,-1,2583,2651,2652,-1,2583,2652,2584,-1,2584,2652,2653,-1,2584,2653,2585,-1,2585,2653,2654,-1,2585,2654,2586,-1,2586,2654,2655,-1,2586,2655,2587,-1,2587,2655,2656,-1,2587,2656,2588,-1,2588,2656,2657,-1,2588,2657,2589,-1,2589,2657,2658,-1,2589,2658,2590,-1,2590,2658,2659,-1,2590,2659,2591,-1,2591,2659,2660,-1,2591,2660,2592,-1,2592,2660,2661,-1,2592,2661,2593,-1,2593,2661,2662,-1,2593,2662,2594,-1,2594,2662,2663,-1,2594,2663,2595,-1,2595,2663,2664,-1,2595,2664,2596,-1,2596,2664,2665,-1,2596,2665,2597,-1,2597,2665,2666,-1,2597,2666,2598,-1,2598,2666,2667,-1,2598,2667,2599,-1,2599,2667,2668,-1,2599,2668,2600,-1,2600,2668,2669,-1,2600,2669,2601,-1,2601,2669,2670,-1,2601,2670,2602,-1,2602,2670,2671,-1,2602,2671,2603,-1,2603,2671,2672,-1,2603,2672,2604,-1,2604,2672,2673,-1,2604,2673,2605,-1,2605,2673,2674,-1,2605,2674,2606,-1,2606,2674,2675,-1,2606,2675,2607,-1,2607,2675,2676,-1,2607,2676,2608,-1,2608,2676,2677,-1,2608,2677,2609,-1,2609,2677,2678,-1,2609,2678,2610,-1,2610,2678,2679,-1,2610,2679,2611,-1,2611,2679,2680,-1,2611,2680,2612,-1,2612,2680,2681,-1,2612,2681,2613,-1,2613,2681,2682,-1,2613,2682,2614,-1,2614,2682,2683,-1,2614,2683,2615,-1,2615,2683,2684,-1,2615,2684,2616,-1,2616,2684,2685,-1,2616,2685,2617,-1,2617,2685,2686,-1,2617,2686,2618,-1,2618,2686,2687,-1,2618,2687,2619,-1,2619,2687,2688,-1,2619,2688,2620,-1,2620,2688,2689,-1,2620,2689,2621,-1,2621,2689,2690,-1,2621,2690,2622,-1,2622,2690,2691,-1,2622,2691,2623,-1,2623,2691,2692,-1,2623,2692,2624,-1,2624,2692,2693,-1,2624,2693,2625,-1,2625,2693,2694,-1,2625,2694,2626,-1,2626,2694,2695,-1,2626,2695,2627,-1,2627,2695,2696,-1,2627,2696,2628,-1,2628,2696,2697,-1,2628,2697,2629,-1,2629,2697,2698,-1,2629,2698,2630,-1,2630,2698,2699,-1,2630,2699,2631,-1,2631,2699,2700,-1,2631,2700,2632,-1,2632,2700,2701,-1,2632,2701,2633,-1,2633,2701,2702,-1,2633,2702,2634,-1,2634,2702,2703,-1,2634,2703,2635,-1,2635,2703,2704,-1,2635,2704,2636,-1,2636,2704,2705,-1,2636,2705,2637,-1,2637,2705,2706,-1,2637,2706,2638,-1,2638,2706,2707,-1,2638,2707,2639,-1,2639,2707,2708,-1,2639,2708,2640,-1,2640,2708,2709,-1,2640,2709,2641,-1,2641,2709,2710,-1,2641,2710,2642,-1,2642,2710,2711,-1,2642,2711,2643,-1,2643,2711,2712,-1,2643,2712,2644,-1,2644,2712,2713,-1,2644,2713,2645,-1,2645,2713,2714,-1,2645,2714,2646,-1,2646,2714,2647,-1,2714,2715,2647,-1,2647,2715,2716,-1,2647,2716,2648,-1,2648,2716,2717,-1,2648,2717,2649,-1,2649,2717,2718,-1,2649,2718,2650,-1,2650,2718,2719,-1,2650,2719,2651,-1,2651,2719,2720,-1,2651,2720,2652,-1,2652,2720,2721,-1,2652,2721,2653,-1,2653,2721,2722,-1,2653,2722,2654,-1,2654,2722,2723,-1,2654,2723,2655,-1,2655,2723,2724,-1,2655,2724,2656,-1,2656,2724,2725,-1,2656,2725,2657,-1,2657,2725,2726,-1,2657,2726,2658,-1,2658,2726,2727,-1,2658,2727,2659,-1,2659,2727,2728,-1,2659,2728,2660,-1,2660,2728,2729,-1,2660,2729,2661,-1,2661,2729,2730,-1,2661,2730,2662,-1,2662,2730,2731,-1,2662,2731,2663,-1,2663,2731,2732,-1,2663,2732,2664,-1,2664,2732,2733,-1,2664,2733,2665,-1,2665,2733,2734,-1,2665,2734,2666,-1,2666,2734,2735,-1,2666,2735,2667,-1,2667,2735,2736,-1,2667,2736,2668,-1,2668,2736,2737,-1,2668,2737,2669,-1,2669,2737,2738,-1,2669,2738,2670,-1,2670,2738,2739,-1,2670,2739,2671,-1,2671,2739,2740,-1,2671,2740,2672,-1,2672,2740,2741,-1,2672,2741,2673,-1,2673,2741,2742,-1,2673,2742,2674,-1,2674,2742,2743,-1,2674,2743,2675,-1,2675,2743,2744,-1,2675,2744,2676,-1,2676,2744,2745,-1,2676,2745,2677,-1,2677,2745,2746,-1,2677,2746,2678,-1,2678,2746,2747,-1,2678,2747,2679,-1,2679,2747,2748,-1,2679,2748,2680,-1,2680,2748,2749,-1,2680,2749,2681,-1,2681,2749,2750,-1,2681,2750,2682,-1,2682,2750,2751,-1,2682,2751,2683,-1,2683,2751,2752,-1,2683,2752,2684,-1,2684,2752,2753,-1,2684,2753,2685,-1,2685,2753,2754,-1,2685,2754,2686,-1,2686,2754,2755,-1,2686,2755,2687,-1,2687,2755,2756,-1,2687,2756,2688,-1,2688,2756,2757,-1,2688,2757,2689,-1,2689,2757,2758,-1,2689,2758,2690,-1,2690,2758,2759,-1,2690,2759,2691,-1,2691,2759,2760,-1,2691,2760,2692,-1,2692,2760,2761,-1,2692,2761,2693,-1,2693,2761,2762,-1,2693,2762,2694,-1,2694,2762,2763,-1,2694,2763,2695,-1,2695,2763,2764,-1,2695,2764,2696,-1,2696,2764,2765,-1,2696,2765,2697,-1,2697,2765,2766,-1,2697,2766,2698,-1,2698,2766,2767,-1,2698,2767,2699,-1,2699,2767,2768,-1,2699,2768,2700,-1,2700,2768,2769,-1,2700,2769,2701,-1,2701,2769,2770,-1,2701,2770,2702,-1,2702,2770,2771,-1,2702,2771,2703,-1,2703,2771,2772,-1,2703,2772,2704,-1,2704,2772,2773,-1,2704,2773,2705,-1,2705,2773,2774,-1,2705,2774,2706,-1,2706,2774,2775,-1,2706,2775,2707,-1,2707,2775,2776,-1,2707,2776,2708,-1,2708,2776,2777,-1,2708,2777,2709,-1,2709,2777,2778,-1,2709,2778,2710,-1,2710,2778,2779,-1,2710,2779,2711,-1,2711,2779,2780,-1,2711,2780,2712,-1,2712,2780,2781,-1,2712,2781,2713,-1,2713,2781,2782,-1,2713,2782,2714,-1,2714,2782,2715,-1,2782,2783,2715,-1,2715,2783,2784,-1,2715,2784,2716,-1,2716,2784,2785,-1,2716,2785,2717,-1,2717,2785,2786,-1,2717,2786,2718,-1,2718,2786,2787,-1,2718,2787,2719,-1,2719,2787,2788,-1,2719,2788,2720,-1,2720,2788,2789,-1,2720,2789,2721,-1,2721,2789,2790,-1,2721,2790,2722,-1,2722,2790,2791,-1,2722,2791,2723,-1,2723,2791,2792,-1,2723,2792,2724,-1,2724,2792,2793,-1,2724,2793,2725,-1,2725,2793,2794,-1,2725,2794,2726,-1,2726,2794,2795,-1,2726,2795,2727,-1,2727,2795,2796,-1,2727,2796,2728,-1,2728,2796,2797,-1,2728,2797,2729,-1,2729,2797,2798,-1,2729,2798,2730,-1,2730,2798,2799,-1,2730,2799,2731,-1,2731,2799,2800,-1,2731,2800,2732,-1,2732,2800,2801,-1,2732,2801,2733,-1,2733,2801,2802,-1,2733,2802,2734,-1,2734,2802,2803,-1,2734,2803,2735,-1,2735,2803,2804,-1,2735,2804,2736,-1,2736,2804,2805,-1,2736,2805,2737,-1,2737,2805,2806,-1,2737,2806,2738,-1,2738,2806,2807,-1,2738,2807,2739,-1,2739,2807,2808,-1,2739,2808,2740,-1,2740,2808,2809,-1,2740,2809,2741,-1,2741,2809,2810,-1,2741,2810,2742,-1,2742,2810,2811,-1,2742,2811,2743,-1,2743,2811,2812,-1,2743,2812,2744,-1,2744,2812,2813,-1,2744,2813,2745,-1,2745,2813,2814,-1,2745,2814,2746,-1,2746,2814,2815,-1,2746,2815,2747,-1,2747,2815,2816,-1,2747,2816,2748,-1,2748,2816,2817,-1,2748,2817,2749,-1,2749,2817,2818,-1,2749,2818,2750,-1,2750,2818,2819,-1,2750,2819,2751,-1,2751,2819,2820,-1,2751,2820,2752,-1,2752,2820,2821,-1,2752,2821,2753,-1,2753,2821,2822,-1,2753,2822,2754,-1,2754,2822,2823,-1,2754,2823,2755,-1,2755,2823,2824,-1,2755,2824,2756,-1,2756,2824,2825,-1,2756,2825,2757,-1,2757,2825,2826,-1,2757,2826,2758,-1,2758,2826,2827,-1,2758,2827,2759,-1,2759,2827,2828,-1,2759,2828,2760,-1,2760,2828,2829,-1,2760,2829,2761,-1,2761,2829,2830,-1,2761,2830,2762,-1,2762,2830,2831,-1,2762,2831,2763,-1,2763,2831,2832,-1,2763,2832,2764,-1,2764,2832,2833,-1,2764,2833,2765,-1,2765,2833,2834,-1,2765,2834,2766,-1,2766,2834,2835,-1,2766,2835,2767,-1,2767,2835,2836,-1,2767,2836,2768,-1,2768,2836,2837,-1,2768,2837,2769,-1,2769,2837,2838,-1,2769,2838,2770,-1,2770,2838,2839,-1,2770,2839,2771,-1,2771,2839,2840,-1,2771,2840,2772,-1,2772,2840,2841,-1,2772,2841,2773,-1,2773,2841,2842,-1,2773,2842,2774,-1,2774,2842,2843,-1,2774,2843,2775,-1,2775,2843,2844,-1,2775,2844,2776,-1,2776,2844,2845,-1,2776,2845,2777,-1,2777,2845,2846,-1,2777,2846,2778,-1,2778,2846,2847,-1,2778,2847,2779,-1,2779,2847,2848,-1,2779,2848,2780,-1,2780,2848,2849,-1,2780,2849,2781,-1,2781,2849,2850,-1,2781,2850,2782,-1,2782,2850,2783,-1,2850,2851,2783,-1,2783,2851,2852,-1,2783,2852,2784,-1,2784,2852,2853,-1,2784,2853,2785,-1,2785,2853,2854,-1,2785,2854,2786,-1,2786,2854,2855,-1,2786,2855,2787,-1,2787,2855,2856,-1,2787,2856,2788,-1,2788,2856,2857,-1,2788,2857,2789,-1,2789,2857,2858,-1,2789,2858,2790,-1,2790,2858,2859,-1,2790,2859,2791,-1,2791,2859,2860,-1,2791,2860,2792,-1,2792,2860,2861,-1,2792,2861,2793,-1,2793,2861,2862,-1,2793,2862,2794,-1,2794,2862,2863,-1,2794,2863,2795,-1,2795,2863,2864,-1,2795,2864,2796,-1,2796,2864,2865,-1,2796,2865,2797,-1,2797,2865,2866,-1,2797,2866,2798,-1,2798,2866,2867,-1,2798,2867,2799,-1,2799,2867,2868,-1,2799,2868,2800,-1,2800,2868,2869,-1,2800,2869,2801,-1,2801,2869,2870,-1,2801,2870,2802,-1,2802,2870,2871,-1,2802,2871,2803,-1,2803,2871,2872,-1,2803,2872,2804,-1,2804,2872,2873,-1,2804,2873,2805,-1,2805,2873,2874,-1,2805,2874,2806,-1,2806,2874,2875,-1,2806,2875,2807,-1,2807,2875,2876,-1,2807,2876,2808,-1,2808,2876,2877,-1,2808,2877,2809,-1,2809,2877,2878,-1,2809,2878,2810,-1,2810,2878,2879,-1,2810,2879,2811,-1,2811,2879,2880,-1,2811,2880,2812,-1,2812,2880,2881,-1,2812,2881,2813,-1,2813,2881,2882,-1,2813,2882,2814,-1,2814,2882,2883,-1,2814,2883,2815,-1,2815,2883,2884,-1,2815,2884,2816,-1,2816,2884,2885,-1,2816,2885,2817,-1,2817,2885,2886,-1,2817,2886,2818,-1,2818,2886,2887,-1,2818,2887,2819,-1,2819,2887,2888,-1,2819,2888,2820,-1,2820,2888,2889,-1,2820,2889,2821,-1,2821,2889,2890,-1,2821,2890,2822,-1,2822,2890,2891,-1,2822,2891,2823,-1,2823,2891,2892,-1,2823,2892,2824,-1,2824,2892,2893,-1,2824,2893,2825,-1,2825,2893,2894,-1,2825,2894,2826,-1,2826,2894,2895,-1,2826,2895,2827,-1,2827,2895,2896,-1,2827,2896,2828,-1,2828,2896,2897,-1,2828,2897,2829,-1,2829,2897,2898,-1,2829,2898,2830,-1,2830,2898,2899,-1,2830,2899,2831,-1,2831,2899,2900,-1,2831,2900,2832,-1,2832,2900,2901,-1,2832,2901,2833,-1,2833,2901,2902,-1,2833,2902,2834,-1,2834,2902,2903,-1,2834,2903,2835,-1,2835,2903,2904,-1,2835,2904,2836,-1,2836,2904,2905,-1,2836,2905,2837,-1,2837,2905,2906,-1,2837,2906,2838,-1,2838,2906,2907,-1,2838,2907,2839,-1,2839,2907,2908,-1,2839,2908,2840,-1,2840,2908,2909,-1,2840,2909,2841,-1,2841,2909,2910,-1,2841,2910,2842,-1,2842,2910,2911,-1,2842,2911,2843,-1,2843,2911,2912,-1,2843,2912,2844,-1,2844,2912,2913,-1,2844,2913,2845,-1,2845,2913,2914,-1,2845,2914,2846,-1,2846,2914,2915,-1,2846,2915,2847,-1,2847,2915,2916,-1,2847,2916,2848,-1,2848,2916,2917,-1,2848,2917,2849,-1,2849,2917,2918,-1,2849,2918,2850,-1,2850,2918,2851,-1,2918,2919,2851,-1,2851,2919,2920,-1,2851,2920,2852,-1,2852,2920,2921,-1,2852,2921,2853,-1,2853,2921,2922,-1,2853,2922,2854,-1,2854,2922,2923,-1,2854,2923,2855,-1,2855,2923,2924,-1,2855,2924,2856,-1,2856,2924,2925,-1,2856,2925,2857,-1,2857,2925,2926,-1,2857,2926,2858,-1,2858,2926,2927,-1,2858,2927,2859,-1,2859,2927,2928,-1,2859,2928,2860,-1,2860,2928,2929,-1,2860,2929,2861,-1,2861,2929,2930,-1,2861,2930,2862,-1,2862,2930,2931,-1,2862,2931,2863,-1,2863,2931,2932,-1,2863,2932,2864,-1,2864,2932,2933,-1,2864,2933,2865,-1,2865,2933,2934,-1,2865,2934,2866,-1,2866,2934,2935,-1,2866,2935,2867,-1,2867,2935,2936,-1,2867,2936,2868,-1,2868,2936,2937,-1,2868,2937,2869,-1,2869,2937,2938,-1,2869,2938,2870,-1,2870,2938,2939,-1,2870,2939,2871,-1,2871,2939,2940,-1,2871,2940,2872,-1,2872,2940,2941,-1,2872,2941,2873,-1,2873,2941,2942,-1,2873,2942,2874,-1,2874,2942,2943,-1,2874,2943,2875,-1,2875,2943,2944,-1,2875,2944,2876,-1,2876,2944,2945,-1,2876,2945,2877,-1,2877,2945,2946,-1,2877,2946,2878,-1,2878,2946,2947,-1,2878,2947,2879,-1,2879,2947,2948,-1,2879,2948,2880,-1,2880,2948,2949,-1,2880,2949,2881,-1,2881,2949,2950,-1,2881,2950,2882,-1,2882,2950,2951,-1,2882,2951,2883,-1,2883,2951,2952,-1,2883,2952,2884,-1,2884,2952,2953,-1,2884,2953,2885,-1,2885,2953,2954,-1,2885,2954,2886,-1,2886,2954,2955,-1,2886,2955,2887,-1,2887,2955,2956,-1,2887,2956,2888,-1,2888,2956,2957,-1,2888,2957,2889,-1,2889,2957,2958,-1,2889,2958,2890,-1,2890,2958,2959,-1,2890,2959,2891,-1,2891,2959,2960,-1,2891,2960,2892,-1,2892,2960,2961,-1,2892,2961,2893,-1,2893,2961,2962,-1,2893,2962,2894,-1,2894,2962,2963,-1,2894,2963,2895,-1,2895,2963,2964,-1,2895,2964,2896,-1,2896,2964,2965,-1,2896,2965,2897,-1,2897,2965,2966,-1,2897,2966,2898,-1,2898,2966,2967,-1,2898,2967,2899,-1,2899,2967,2968,-1,2899,2968,2900,-1,2900,2968,2969,-1,2900,2969,2901,-1,2901,2969,2970,-1,2901,2970,2902,-1,2902,2970,2971,-1,2902,2971,2903,-1,2903,2971,2972,-1,2903,2972,2904,-1,2904,2972,2973,-1,2904,2973,2905,-1,2905,2973,2974,-1,2905,2974,2906,-1,2906,2974,2975,-1,2906,2975,2907,-1,2907,2975,2976,-1,2907,2976,2908,-1,2908,2976,2977,-1,2908,2977,2909,-1,2909,2977,2978,-1,2909,2978,2910,-1,2910,2978,2979,-1,2910,2979,2911,-1,2911,2979,2980,-1,2911,2980,2912,-1,2912,2980,2981,-1,2912,2981,2913,-1,2913,2981,2982,-1,2913,2982,2914,-1,2914,2982,2983,-1,2914,2983,2915,-1,2915,2983,2984,-1,2915,2984,2916,-1,2916,2984,2985,-1,2916,2985,2917,-1,2917,2985,2986,-1,2917,2986,2918,-1,2918,2986,2919,-1,2986,1643,2919,-1,2919,1643,1653,-1,2919,1653,2920,-1,2920,1653,1652,-1,2920,1652,2921,-1,2921,1652,1650,-1,2921,1650,2922,-1,2922,1650,1648,-1,2922,1648,2923,-1,2923,1648,1701,-1,2923,1701,2924,-1,2924,1701,1700,-1,2924,1700,2925,-1,2925,1700,1698,-1,2925,1698,2926,-1,2926,1698,1696,-1,2926,1696,2927,-1,2927,1696,1695,-1,2927,1695,2928,-1,2928,1695,1662,-1,2928,1662,2929,-1,2929,1662,1660,-1,2929,1660,2930,-1,2930,1660,1658,-1,2930,1658,2931,-1,2931,1658,1694,-1,2931,1694,2932,-1,2932,1694,1693,-1,2932,1693,2933,-1,2933,1693,1691,-1,2933,1691,2934,-1,2934,1691,1689,-1,2934,1689,2935,-1,2935,1689,1688,-1,2935,1688,2936,-1,2936,1688,1686,-1,2936,1686,2937,-1,2937,1686,1684,-1,2937,1684,2938,-1,2938,1684,1682,-1,2938,1682,2939,-1,2939,1682,1732,-1,2939,1732,2940,-1,2940,1732,1731,-1,2940,1731,2941,-1,2941,1731,1729,-1,2941,1729,2942,-1,2942,1729,1728,-1,2942,1728,2943,-1,2943,1728,1726,-1,2943,1726,2944,-1,2944,1726,1724,-1,2944,1724,2945,-1,2945,1724,1722,-1,2945,1722,2946,-1,2946,1722,1721,-1,2946,1721,2947,-1,2947,1721,1679,-1,2947,1679,2948,-1,2948,1679,1677,-1,2948,1677,2949,-1,2949,1677,1676,-1,2949,1676,2950,-1,2950,1676,1656,-1,2950,1656,2951,-1,2951,1656,1655,-1,2951,1655,2952,-1,2952,1655,1654,-1,2952,1654,2953,-1,2953,1654,1639,-1,2953,1639,2954,-1,2954,1639,1675,-1,2954,1675,2955,-1,2955,1675,1674,-1,2955,1674,2956,-1,2956,1674,1672,-1,2956,1672,2957,-1,2957,1672,1671,-1,2957,1671,2958,-1,2958,1671,1669,-1,2958,1669,2959,-1,2959,1669,1667,-1,2959,1667,2960,-1,2960,1667,1665,-1,2960,1665,2961,-1,2961,1665,1720,-1,2961,1720,2962,-1,2962,1720,1719,-1,2962,1719,2963,-1,2963,1719,1717,-1,2963,1717,2964,-1,2964,1717,1753,-1,2964,1753,2965,-1,2965,1753,1752,-1,2965,1752,2966,-1,2966,1752,1750,-1,2966,1750,2967,-1,2967,1750,1748,-1,2967,1748,2968,-1,2968,1748,1747,-1,2968,1747,2969,-1,2969,1747,1745,-1,2969,1745,2970,-1,2970,1745,1743,-1,2970,1743,2971,-1,2971,1743,1741,-1,2971,1741,2972,-1,2972,1741,1740,-1,2972,1740,2973,-1,2973,1740,1738,-1,2973,1738,2974,-1,2974,1738,1736,-1,2974,1736,2975,-1,2975,1736,1734,-1,2975,1734,2976,-1,2976,1734,1733,-1,2976,1733,2977,-1,2977,1733,1714,-1,2977,1714,2978,-1,2978,1714,1712,-1,2978,1712,2979,-1,2979,1712,1710,-1,2979,1710,2980,-1,2980,1710,1709,-1,2980,1709,2981,-1,2981,1709,1707,-1,2981,1707,2982,-1,2982,1707,1705,-1,2982,1705,2983,-1,2983,1705,1703,-1,2983,1703,2984,-1,2984,1703,1702,-1,2984,1702,2985,-1,2985,1702,1645,-1,2985,1645,2986,-1,2986,1645,1643,-1,2987,2988,2989,-1,2990,2991,2992,-1,2993,2994,2995,-1,2996,2997,2998,-1,2999,3000,3001,-1,3002,3003,3004,-1,3005,3006,3007,-1,3008,3009,3010,-1,3011,3012,3013,-1,3014,3015,3016,-1,3017,3018,3019,-1,3020,3021,3022,-1,3023,3024,3025,-1,1771,1770,3026,-1,1773,1771,3027,-1,1775,1773,3028,-1,1791,1775,3029,-1,1792,1791,3030,-1,1794,1792,3031,-1,1796,1794,3032,-1,1832,1796,3033,-1,1833,1832,3034,-1,1835,1833,3035,-1,1837,1835,3036,-1,1838,1837,3037,-1,1816,1838,3038,-1,1818,1816,3039,-1,1820,1818,3040,-1,1822,1820,3041,-1,1823,1822,3042,-1,1825,1823,3043,-1,1827,1825,3044,-1,1839,1827,3045,-1,1840,1839,3046,-1,1842,1840,3047,-1,1844,1842,3048,-1,1845,1844,3049,-1,1847,1845,3050,-1,1830,1847,3051,-1,1831,1830,3052,-1,1782,1780,3053,-1,3053,1780,3054,-1,3053,3054,3055,-1,1860,1858,3056,-1,3056,1858,3057,-1,3056,3057,3058,-1,1760,1759,3059,-1,3059,1759,3060,-1,3059,3060,3061,-1,1764,3024,1758,-1,1758,3024,3023,-1,1758,3023,1756,-1,1784,1782,3062,-1,3062,1782,3053,-1,3062,3053,3063,-1,3063,3053,3055,-1,3063,3055,3064,-1,1862,1860,3065,-1,3065,1860,3056,-1,3065,3056,3066,-1,3066,3056,3058,-1,3066,3058,3067,-1,1798,1760,3068,-1,3068,1760,3059,-1,3068,3059,3069,-1,3069,3059,3061,-1,3069,3061,3070,-1,3071,3025,3072,-1,3072,3025,3024,-1,3072,3024,3073,-1,3073,3024,1764,-1,3073,1764,1763,-1,3074,3075,3076,-1,1785,1784,3077,-1,3077,1784,3062,-1,3077,3062,3078,-1,3078,3062,3063,-1,3078,3063,3079,-1,3079,3063,3064,-1,3079,3064,3080,-1,1864,1862,3081,-1,3081,1862,3065,-1,3081,3065,3082,-1,3082,3065,3066,-1,3082,3066,3083,-1,3083,3066,3067,-1,3083,3067,3084,-1,1799,1798,3085,-1,3085,1798,3068,-1,3085,3068,3086,-1,3086,3068,3069,-1,3086,3069,3087,-1,3087,3069,3070,-1,3087,3070,3088,-1,3089,3071,3090,-1,3090,3071,3072,-1,3090,3072,3091,-1,3091,3072,3073,-1,3091,3073,3092,-1,3092,3073,1763,-1,3092,1763,1762,-1,3093,3094,3075,-1,1787,1785,3095,-1,3095,1785,3077,-1,3095,3077,3096,-1,3096,3077,3078,-1,3096,3078,3097,-1,3097,3078,3079,-1,3097,3079,3098,-1,3098,3079,3080,-1,3098,3080,3099,-1,3100,3101,3102,-1,1865,1864,3103,-1,3103,1864,3081,-1,3103,3081,3104,-1,3104,3081,3082,-1,3104,3082,3105,-1,3105,3082,3083,-1,3105,3083,3106,-1,3106,3083,3084,-1,3106,3084,3107,-1,3108,3109,3110,-1,1801,1799,3111,-1,3111,1799,3085,-1,3111,3085,3112,-1,3112,3085,3086,-1,3112,3086,3113,-1,3113,3086,3087,-1,3113,3087,3114,-1,3114,3087,3088,-1,3114,3088,3115,-1,3116,3117,3118,-1,3119,3089,3120,-1,3120,3089,3090,-1,3120,3090,3121,-1,3121,3090,3091,-1,3121,3091,3122,-1,3122,3091,3092,-1,3122,3092,3123,-1,3123,3092,1762,-1,3123,1762,1831,-1,3124,3094,3125,-1,3125,3094,3093,-1,3125,3093,3126,-1,3127,3128,3129,-1,3129,3128,3130,-1,3129,3130,3131,-1,3131,3130,3074,-1,3131,3074,3132,-1,3132,3074,3076,-1,3132,3076,3133,-1,1766,1790,3134,-1,3134,1790,3135,-1,3134,3135,3136,-1,3136,3135,3137,-1,3136,3137,3138,-1,3138,3137,3139,-1,3138,3139,3140,-1,3140,3139,3141,-1,3140,3141,3142,-1,3142,3141,3143,-1,3144,3101,3145,-1,3145,3101,3100,-1,3145,3100,3146,-1,3147,3148,3149,-1,3149,3148,3146,-1,3149,3146,3150,-1,3150,3146,3100,-1,3150,3100,3151,-1,3151,3100,3102,-1,3151,3102,3152,-1,1855,1853,3153,-1,3153,1853,3154,-1,3153,3154,3155,-1,3155,3154,3156,-1,3155,3156,3157,-1,3157,3156,3158,-1,3157,3158,3159,-1,3159,3158,3160,-1,3159,3160,3161,-1,3161,3160,3162,-1,1870,1869,3163,-1,3163,1869,3164,-1,3163,3164,3165,-1,3165,3164,3166,-1,3165,3166,3167,-1,3167,3166,3168,-1,3167,3168,3169,-1,3169,3168,3170,-1,3169,3170,3171,-1,3171,3170,3172,-1,3173,3109,3174,-1,3174,3109,3108,-1,3174,3108,3175,-1,3176,3177,3178,-1,3178,3177,3175,-1,3178,3175,3179,-1,3179,3175,3108,-1,3179,3108,3180,-1,3180,3108,3110,-1,3180,3110,3181,-1,1811,1810,3182,-1,3182,1810,3183,-1,3182,3183,3184,-1,3184,3183,3185,-1,3184,3185,3186,-1,3186,3185,3187,-1,3186,3187,3188,-1,3188,3187,3189,-1,3188,3189,3190,-1,3190,3189,3191,-1,1806,1804,3192,-1,3192,1804,3193,-1,3192,3193,3194,-1,3194,3193,3195,-1,3194,3195,3196,-1,3196,3195,3197,-1,3196,3197,3198,-1,3198,3197,3199,-1,3198,3199,3200,-1,3200,3199,3201,-1,3202,3117,3203,-1,3203,3117,3116,-1,3203,3116,3204,-1,3205,3206,3207,-1,3207,3206,3204,-1,3207,3204,3208,-1,3208,3204,3116,-1,3208,3116,3209,-1,3209,3116,3118,-1,3209,3118,3210,-1,3211,3212,3126,-1,3126,3212,3213,-1,3126,3213,3125,-1,3125,3213,3214,-1,3125,3214,3124,-1,3124,3214,3215,-1,3075,3074,3093,-1,3093,3074,3130,-1,3093,3130,3126,-1,3126,3130,3128,-1,3126,3128,3211,-1,3216,3217,3218,-1,3218,3217,3127,-1,3218,3127,3219,-1,3219,3127,3129,-1,3219,3129,3220,-1,3220,3129,3131,-1,3220,3131,3221,-1,3221,3131,3132,-1,3221,3132,3222,-1,3222,3132,3133,-1,3222,3133,1768,-1,1768,3133,1770,-1,3217,3223,3127,-1,3127,3223,3224,-1,3127,3224,3128,-1,3128,3224,3225,-1,3128,3225,3211,-1,1768,1766,3222,-1,3222,1766,3134,-1,3222,3134,3221,-1,3221,3134,3136,-1,3221,3136,3220,-1,3220,3136,3138,-1,3220,3138,3219,-1,3219,3138,3140,-1,3219,3140,3218,-1,3218,3140,3142,-1,3218,3142,3216,-1,3226,3227,3228,-1,3228,3227,3143,-1,3228,3143,3229,-1,3229,3143,3141,-1,3229,3141,3230,-1,3230,3141,3139,-1,3230,3139,3231,-1,3231,3139,3137,-1,3231,3137,3232,-1,3232,3137,3135,-1,3232,3135,1789,-1,1789,3135,1790,-1,3227,3233,3143,-1,3143,3233,3234,-1,3143,3234,3142,-1,3142,3234,3235,-1,3142,3235,3216,-1,3236,3226,3099,-1,3099,3226,3228,-1,3099,3228,3098,-1,3098,3228,3229,-1,3098,3229,3097,-1,3097,3229,3230,-1,3097,3230,3096,-1,3096,3230,3231,-1,3096,3231,3095,-1,3095,3231,3232,-1,3095,3232,1787,-1,1787,3232,1789,-1,3054,3152,3055,-1,3055,3152,3102,-1,3055,3102,3064,-1,3064,3102,3101,-1,3064,3101,3080,-1,3080,3101,3144,-1,3080,3144,3099,-1,3099,3144,3237,-1,3099,3237,3236,-1,3148,3238,3146,-1,3146,3238,3239,-1,3146,3239,3145,-1,3145,3239,3240,-1,3145,3240,3144,-1,3144,3240,3241,-1,3144,3241,3237,-1,3021,3147,3022,-1,3022,3147,3149,-1,3022,3149,3242,-1,3242,3149,3150,-1,3242,3150,3243,-1,3243,3150,3151,-1,3243,3151,3244,-1,3244,3151,3152,-1,3244,3152,3245,-1,3245,3152,3054,-1,3245,3054,1778,-1,1778,3054,1780,-1,1778,1856,3245,-1,3245,1856,3246,-1,3245,3246,3244,-1,3244,3246,3247,-1,3244,3247,3243,-1,3243,3247,3248,-1,3243,3248,3242,-1,3242,3248,3249,-1,3242,3249,3022,-1,3022,3249,3019,-1,3022,3019,3020,-1,3020,3019,3018,-1,1856,1855,3246,-1,3246,1855,3153,-1,3246,3153,3247,-1,3247,3153,3155,-1,3247,3155,3248,-1,3248,3155,3157,-1,3248,3157,3249,-1,3249,3157,3159,-1,3249,3159,3019,-1,3019,3159,3161,-1,3019,3161,3017,-1,3250,3251,3252,-1,3252,3251,3162,-1,3252,3162,3253,-1,3253,3162,3160,-1,3253,3160,3254,-1,3254,3160,3158,-1,3254,3158,3255,-1,3255,3158,3156,-1,3255,3156,3256,-1,3256,3156,3154,-1,3256,3154,1851,-1,1851,3154,1853,-1,3251,3257,3162,-1,3162,3257,3258,-1,3162,3258,3161,-1,3161,3258,3259,-1,3161,3259,3017,-1,1851,1870,3256,-1,3256,1870,3163,-1,3256,3163,3255,-1,3255,3163,3165,-1,3255,3165,3254,-1,3254,3165,3167,-1,3254,3167,3253,-1,3253,3167,3169,-1,3253,3169,3252,-1,3252,3169,3171,-1,3252,3171,3250,-1,3260,3261,3262,-1,3262,3261,3172,-1,3262,3172,3263,-1,3263,3172,3170,-1,3263,3170,3264,-1,3264,3170,3168,-1,3264,3168,3265,-1,3265,3168,3166,-1,3265,3166,3266,-1,3266,3166,3164,-1,3266,3164,1867,-1,1867,3164,1869,-1,3261,3267,3172,-1,3172,3267,3268,-1,3172,3268,3171,-1,3171,3268,3269,-1,3171,3269,3250,-1,3270,3260,3107,-1,3107,3260,3262,-1,3107,3262,3106,-1,3106,3262,3263,-1,3106,3263,3105,-1,3105,3263,3264,-1,3105,3264,3104,-1,3104,3264,3265,-1,3104,3265,3103,-1,3103,3265,3266,-1,3103,3266,1865,-1,1865,3266,1867,-1,3057,3181,3058,-1,3058,3181,3110,-1,3058,3110,3067,-1,3067,3110,3109,-1,3067,3109,3084,-1,3084,3109,3173,-1,3084,3173,3107,-1,3107,3173,3271,-1,3107,3271,3270,-1,3177,3272,3175,-1,3175,3272,3273,-1,3175,3273,3174,-1,3174,3273,3274,-1,3174,3274,3173,-1,3173,3274,3275,-1,3173,3275,3271,-1,3015,3176,3016,-1,3016,3176,3178,-1,3016,3178,3276,-1,3276,3178,3179,-1,3276,3179,3277,-1,3277,3179,3180,-1,3277,3180,3278,-1,3278,3180,3181,-1,3278,3181,3279,-1,3279,3181,3057,-1,3279,3057,1857,-1,1857,3057,1858,-1,1857,1813,3279,-1,3279,1813,3280,-1,3279,3280,3278,-1,3278,3280,3281,-1,3278,3281,3277,-1,3277,3281,3282,-1,3277,3282,3276,-1,3276,3282,3283,-1,3276,3283,3016,-1,3016,3283,3013,-1,3016,3013,3014,-1,3014,3013,3012,-1,1813,1811,3280,-1,3280,1811,3182,-1,3280,3182,3281,-1,3281,3182,3184,-1,3281,3184,3282,-1,3282,3184,3186,-1,3282,3186,3283,-1,3283,3186,3188,-1,3283,3188,3013,-1,3013,3188,3190,-1,3013,3190,3011,-1,3284,3285,3286,-1,3286,3285,3191,-1,3286,3191,3287,-1,3287,3191,3189,-1,3287,3189,3288,-1,3288,3189,3187,-1,3288,3187,3289,-1,3289,3187,3185,-1,3289,3185,3290,-1,3290,3185,3183,-1,3290,3183,1808,-1,1808,3183,1810,-1,3285,3291,3191,-1,3191,3291,3292,-1,3191,3292,3190,-1,3190,3292,3293,-1,3190,3293,3011,-1,1808,1806,3290,-1,3290,1806,3192,-1,3290,3192,3289,-1,3289,3192,3194,-1,3289,3194,3288,-1,3288,3194,3196,-1,3288,3196,3287,-1,3287,3196,3198,-1,3287,3198,3286,-1,3286,3198,3200,-1,3286,3200,3284,-1,3294,3295,3296,-1,3296,3295,3201,-1,3296,3201,3297,-1,3297,3201,3199,-1,3297,3199,3298,-1,3298,3199,3197,-1,3298,3197,3299,-1,3299,3197,3195,-1,3299,3195,3300,-1,3300,3195,3193,-1,3300,3193,1803,-1,1803,3193,1804,-1,3295,3301,3201,-1,3201,3301,3302,-1,3201,3302,3200,-1,3200,3302,3303,-1,3200,3303,3284,-1,3304,3294,3115,-1,3115,3294,3296,-1,3115,3296,3114,-1,3114,3296,3297,-1,3114,3297,3113,-1,3113,3297,3298,-1,3113,3298,3112,-1,3112,3298,3299,-1,3112,3299,3111,-1,3111,3299,3300,-1,3111,3300,1801,-1,1801,3300,1803,-1,3060,3210,3061,-1,3061,3210,3118,-1,3061,3118,3070,-1,3070,3118,3117,-1,3070,3117,3088,-1,3088,3117,3202,-1,3088,3202,3115,-1,3115,3202,3305,-1,3115,3305,3304,-1,3206,3306,3204,-1,3204,3306,3307,-1,3204,3307,3203,-1,3203,3307,3308,-1,3203,3308,3202,-1,3202,3308,3309,-1,3202,3309,3305,-1,3310,3205,3119,-1,3119,3205,3207,-1,3119,3207,3089,-1,3089,3207,3208,-1,3089,3208,3071,-1,3071,3208,3209,-1,3071,3209,3025,-1,3025,3209,3210,-1,3025,3210,3023,-1,3023,3210,3060,-1,3023,3060,1756,-1,1756,3060,1759,-1,3311,3312,3313,-1,1831,3052,3123,-1,3123,3052,3314,-1,3123,3314,3122,-1,3122,3314,3315,-1,3122,3315,3121,-1,3121,3315,3316,-1,3121,3316,3120,-1,3120,3316,3311,-1,3120,3311,3119,-1,3119,3311,3313,-1,3119,3313,3310,-1,3317,3318,3319,-1,1830,3051,3052,-1,3052,3051,3320,-1,3052,3320,3314,-1,3314,3320,3321,-1,3314,3321,3315,-1,3315,3321,3322,-1,3315,3322,3316,-1,3316,3322,3317,-1,3316,3317,3311,-1,3311,3317,3319,-1,3311,3319,3312,-1,1847,3050,3051,-1,3051,3050,3323,-1,3051,3323,3320,-1,3320,3323,3324,-1,3320,3324,3321,-1,3321,3324,3325,-1,3321,3325,3322,-1,3322,3325,3010,-1,3322,3010,3317,-1,3317,3010,3009,-1,3317,3009,3318,-1,1845,3049,3050,-1,3050,3049,3326,-1,3050,3326,3323,-1,3323,3326,3327,-1,3323,3327,3324,-1,3324,3327,3328,-1,3324,3328,3325,-1,3325,3328,3329,-1,3325,3329,3010,-1,3010,3329,3330,-1,3010,3330,3008,-1,3331,3332,3333,-1,1844,3048,3049,-1,3049,3048,3334,-1,3049,3334,3326,-1,3326,3334,3335,-1,3326,3335,3327,-1,3327,3335,3336,-1,3327,3336,3328,-1,3328,3336,3331,-1,3328,3331,3329,-1,3329,3331,3333,-1,3329,3333,3330,-1,1842,3047,3048,-1,3048,3047,3337,-1,3048,3337,3334,-1,3334,3337,3338,-1,3334,3338,3335,-1,3335,3338,3339,-1,3335,3339,3336,-1,3336,3339,3007,-1,3336,3007,3331,-1,3331,3007,3006,-1,3331,3006,3332,-1,1840,3046,3047,-1,3047,3046,3340,-1,3047,3340,3337,-1,3337,3340,3341,-1,3337,3341,3338,-1,3338,3341,3342,-1,3338,3342,3339,-1,3339,3342,3343,-1,3339,3343,3007,-1,3007,3343,3344,-1,3007,3344,3005,-1,3345,3346,3347,-1,1839,3045,3046,-1,3046,3045,3348,-1,3046,3348,3340,-1,3340,3348,3349,-1,3340,3349,3341,-1,3341,3349,3350,-1,3341,3350,3342,-1,3342,3350,3345,-1,3342,3345,3343,-1,3343,3345,3347,-1,3343,3347,3344,-1,1827,3044,3045,-1,3045,3044,3351,-1,3045,3351,3348,-1,3348,3351,3352,-1,3348,3352,3349,-1,3349,3352,3353,-1,3349,3353,3350,-1,3350,3353,3004,-1,3350,3004,3345,-1,3345,3004,3003,-1,3345,3003,3346,-1,1825,3043,3044,-1,3044,3043,3354,-1,3044,3354,3351,-1,3351,3354,3355,-1,3351,3355,3352,-1,3352,3355,3356,-1,3352,3356,3353,-1,3353,3356,3357,-1,3353,3357,3004,-1,3004,3357,3358,-1,3004,3358,3002,-1,3359,3360,3361,-1,1823,3042,3043,-1,3043,3042,3362,-1,3043,3362,3354,-1,3354,3362,3363,-1,3354,3363,3355,-1,3355,3363,3364,-1,3355,3364,3356,-1,3356,3364,3359,-1,3356,3359,3357,-1,3357,3359,3361,-1,3357,3361,3358,-1,1822,3041,3042,-1,3042,3041,3365,-1,3042,3365,3362,-1,3362,3365,3366,-1,3362,3366,3363,-1,3363,3366,3367,-1,3363,3367,3364,-1,3364,3367,3001,-1,3364,3001,3359,-1,3359,3001,3000,-1,3359,3000,3360,-1,1820,3040,3041,-1,3041,3040,3368,-1,3041,3368,3365,-1,3365,3368,3369,-1,3365,3369,3366,-1,3366,3369,3370,-1,3366,3370,3367,-1,3367,3370,3371,-1,3367,3371,3001,-1,3001,3371,3372,-1,3001,3372,2999,-1,3373,3374,3375,-1,1818,3039,3040,-1,3040,3039,3376,-1,3040,3376,3368,-1,3368,3376,3377,-1,3368,3377,3369,-1,3369,3377,3378,-1,3369,3378,3370,-1,3370,3378,3373,-1,3370,3373,3371,-1,3371,3373,3375,-1,3371,3375,3372,-1,3379,3380,3381,-1,1816,3038,3039,-1,3039,3038,3382,-1,3039,3382,3376,-1,3376,3382,3383,-1,3376,3383,3377,-1,3377,3383,3384,-1,3377,3384,3378,-1,3378,3384,3379,-1,3378,3379,3373,-1,3373,3379,3381,-1,3373,3381,3374,-1,1838,3037,3038,-1,3038,3037,3385,-1,3038,3385,3382,-1,3382,3385,3386,-1,3382,3386,3383,-1,3383,3386,3387,-1,3383,3387,3384,-1,3384,3387,2998,-1,3384,2998,3379,-1,3379,2998,2997,-1,3379,2997,3380,-1,1837,3036,3037,-1,3037,3036,3388,-1,3037,3388,3385,-1,3385,3388,3389,-1,3385,3389,3386,-1,3386,3389,3390,-1,3386,3390,3387,-1,3387,3390,3391,-1,3387,3391,2998,-1,2998,3391,3392,-1,2998,3392,2996,-1,3393,3394,3395,-1,1835,3035,3036,-1,3036,3035,3396,-1,3036,3396,3388,-1,3388,3396,3397,-1,3388,3397,3389,-1,3389,3397,3398,-1,3389,3398,3390,-1,3390,3398,3393,-1,3390,3393,3391,-1,3391,3393,3395,-1,3391,3395,3392,-1,1833,3034,3035,-1,3035,3034,3399,-1,3035,3399,3396,-1,3396,3399,3400,-1,3396,3400,3397,-1,3397,3400,3401,-1,3397,3401,3398,-1,3398,3401,2995,-1,3398,2995,3393,-1,3393,2995,2994,-1,3393,2994,3394,-1,1832,3033,3034,-1,3034,3033,3402,-1,3034,3402,3399,-1,3399,3402,3403,-1,3399,3403,3400,-1,3400,3403,3404,-1,3400,3404,3401,-1,3401,3404,3405,-1,3401,3405,2995,-1,2995,3405,3406,-1,2995,3406,2993,-1,3407,3408,3409,-1,1796,3032,3033,-1,3033,3032,3410,-1,3033,3410,3402,-1,3402,3410,3411,-1,3402,3411,3403,-1,3403,3411,3412,-1,3403,3412,3404,-1,3404,3412,3407,-1,3404,3407,3405,-1,3405,3407,3409,-1,3405,3409,3406,-1,1794,3031,3032,-1,3032,3031,3413,-1,3032,3413,3410,-1,3410,3413,3414,-1,3410,3414,3411,-1,3411,3414,3415,-1,3411,3415,3412,-1,3412,3415,2992,-1,3412,2992,3407,-1,3407,2992,2991,-1,3407,2991,3408,-1,1792,3030,3031,-1,3031,3030,3416,-1,3031,3416,3413,-1,3413,3416,3417,-1,3413,3417,3414,-1,3414,3417,3418,-1,3414,3418,3415,-1,3415,3418,3419,-1,3415,3419,2992,-1,2992,3419,3420,-1,2992,3420,2990,-1,3421,3422,3423,-1,1791,3029,3030,-1,3030,3029,3424,-1,3030,3424,3416,-1,3416,3424,3425,-1,3416,3425,3417,-1,3417,3425,3426,-1,3417,3426,3418,-1,3418,3426,3421,-1,3418,3421,3419,-1,3419,3421,3423,-1,3419,3423,3420,-1,1775,3028,3029,-1,3029,3028,3427,-1,3029,3427,3424,-1,3424,3427,3428,-1,3424,3428,3425,-1,3425,3428,3429,-1,3425,3429,3426,-1,3426,3429,2989,-1,3426,2989,3421,-1,3421,2989,2988,-1,3421,2988,3422,-1,1773,3027,3028,-1,3028,3027,3430,-1,3028,3430,3427,-1,3427,3430,3431,-1,3427,3431,3428,-1,3428,3431,3432,-1,3428,3432,3429,-1,3429,3432,3433,-1,3429,3433,2989,-1,2989,3433,3434,-1,2989,3434,2987,-1,3435,3436,3437,-1,1771,3026,3027,-1,3027,3026,3438,-1,3027,3438,3430,-1,3430,3438,3439,-1,3430,3439,3431,-1,3431,3439,3440,-1,3431,3440,3432,-1,3432,3440,3435,-1,3432,3435,3433,-1,3433,3435,3437,-1,3433,3437,3434,-1,1770,3133,3026,-1,3026,3133,3076,-1,3026,3076,3438,-1,3438,3076,3075,-1,3438,3075,3439,-1,3439,3075,3094,-1,3439,3094,3440,-1,3440,3094,3124,-1,3440,3124,3435,-1,3435,3124,3215,-1,3435,3215,3436,-1,3214,3441,3442,-1,3211,3443,3212,-1,3212,3443,3441,-1,3212,3441,3213,-1,3213,3441,3214,-1,3211,3225,3443,-1,3443,3225,3224,-1,3443,3224,3444,-1,3216,3445,3217,-1,3217,3445,3444,-1,3217,3444,3223,-1,3223,3444,3224,-1,3216,3235,3445,-1,3445,3235,3234,-1,3445,3234,3446,-1,3226,3447,3227,-1,3227,3447,3446,-1,3227,3446,3233,-1,3233,3446,3234,-1,3226,3236,3447,-1,3447,3236,3237,-1,3447,3237,3448,-1,3239,3449,3240,-1,3240,3449,3448,-1,3240,3448,3241,-1,3241,3448,3237,-1,3239,3238,3449,-1,3449,3238,3148,-1,3449,3148,3450,-1,3148,3147,3450,-1,3450,3147,3021,-1,3450,3021,3451,-1,3017,3452,3018,-1,3018,3452,3451,-1,3018,3451,3020,-1,3020,3451,3021,-1,3017,3259,3452,-1,3452,3259,3258,-1,3452,3258,3453,-1,3250,3454,3251,-1,3251,3454,3453,-1,3251,3453,3257,-1,3257,3453,3258,-1,3250,3269,3454,-1,3454,3269,3268,-1,3454,3268,3455,-1,3260,3456,3261,-1,3261,3456,3455,-1,3261,3455,3267,-1,3267,3455,3268,-1,3260,3270,3456,-1,3456,3270,3271,-1,3456,3271,3457,-1,3271,3275,3457,-1,3457,3275,3274,-1,3457,3274,3458,-1,3177,3459,3272,-1,3272,3459,3458,-1,3272,3458,3273,-1,3273,3458,3274,-1,3177,3176,3459,-1,3459,3176,3015,-1,3459,3015,3460,-1,3011,3461,3012,-1,3012,3461,3460,-1,3012,3460,3014,-1,3014,3460,3015,-1,3011,3293,3461,-1,3461,3293,3292,-1,3461,3292,3462,-1,3284,3463,3285,-1,3285,3463,3462,-1,3285,3462,3291,-1,3291,3462,3292,-1,3284,3303,3463,-1,3463,3303,3302,-1,3463,3302,3464,-1,3294,3465,3295,-1,3295,3465,3464,-1,3295,3464,3301,-1,3301,3464,3302,-1,3294,3304,3465,-1,3465,3304,3305,-1,3465,3305,3466,-1,3307,3467,3308,-1,3308,3467,3466,-1,3308,3466,3309,-1,3309,3466,3305,-1,3307,3306,3467,-1,3467,3306,3206,-1,3467,3206,3468,-1,3206,3205,3468,-1,3468,3205,3310,-1,3468,3310,3469,-1,3319,3470,3312,-1,3312,3470,3469,-1,3312,3469,3313,-1,3313,3469,3310,-1,3319,3318,3470,-1,3470,3318,3009,-1,3470,3009,3471,-1,3333,3472,3330,-1,3330,3472,3471,-1,3330,3471,3008,-1,3008,3471,3009,-1,3333,3332,3472,-1,3472,3332,3006,-1,3472,3006,3473,-1,3347,3474,3344,-1,3344,3474,3473,-1,3344,3473,3005,-1,3005,3473,3006,-1,3347,3346,3474,-1,3474,3346,3003,-1,3474,3003,3475,-1,3361,3476,3358,-1,3358,3476,3475,-1,3358,3475,3002,-1,3002,3475,3003,-1,3361,3360,3476,-1,3476,3360,3000,-1,3476,3000,3477,-1,3000,2999,3477,-1,3477,2999,3372,-1,3477,3372,3478,-1,3381,3479,3374,-1,3374,3479,3478,-1,3374,3478,3375,-1,3375,3478,3372,-1,3381,3380,3479,-1,3479,3380,2997,-1,3479,2997,3480,-1,3395,3481,3392,-1,3392,3481,3480,-1,3392,3480,2996,-1,2996,3480,2997,-1,3395,3394,3481,-1,3481,3394,2994,-1,3481,2994,3482,-1,3409,3483,3406,-1,3406,3483,3482,-1,3406,3482,2993,-1,2993,3482,2994,-1,3409,3408,3483,-1,3483,3408,2991,-1,3483,2991,3484,-1,3423,3485,3420,-1,3420,3485,3484,-1,3420,3484,2990,-1,2990,3484,2991,-1,3423,3422,3485,-1,3485,3422,2988,-1,3485,2988,3486,-1,2988,2987,3486,-1,3486,2987,3434,-1,3486,3434,3487,-1,3434,3437,3487,-1,3487,3437,3436,-1,3487,3436,3442,-1,3442,3436,3215,-1,3442,3215,3214,-1,3488,3489,3452,-1,3490,3491,3443,-1,3443,3491,3441,-1,3490,3443,3492,-1,3492,3443,3444,-1,3492,3444,3493,-1,3493,3444,3494,-1,3494,3444,3445,-1,3494,3445,3495,-1,3495,3445,3496,-1,3496,3445,3446,-1,3496,3446,3497,-1,3497,3446,3498,-1,3498,3446,3447,-1,3498,3447,3499,-1,3499,3447,3500,-1,3500,3447,3448,-1,3500,3448,3501,-1,3501,3448,3502,-1,3502,3448,3449,-1,3502,3449,3503,-1,3503,3449,3504,-1,3504,3449,3450,-1,3504,3450,3505,-1,3452,3489,3451,-1,3489,3506,3451,-1,3451,3506,3507,-1,3451,3507,3450,-1,3450,3507,3508,-1,3450,3508,3505,-1,3488,3452,3509,-1,3509,3452,3453,-1,3509,3453,3510,-1,3510,3453,3454,-1,3510,3454,3511,-1,3511,3454,3512,-1,3512,3454,3455,-1,3512,3455,3513,-1,3513,3455,3514,-1,3514,3455,3456,-1,3514,3456,3515,-1,3515,3456,3516,-1,3516,3456,3457,-1,3516,3457,3517,-1,3517,3457,3518,-1,3518,3457,3458,-1,3518,3458,3519,-1,3519,3458,3520,-1,3520,3458,3459,-1,3520,3459,3521,-1,3521,3459,3522,-1,3522,3459,3460,-1,3522,3460,3523,-1,3523,3460,3524,-1,3524,3460,3461,-1,3524,3461,3525,-1,3525,3461,3526,-1,3526,3461,3462,-1,3526,3462,3527,-1,3527,3462,3528,-1,3528,3462,3463,-1,3528,3463,3529,-1,3529,3463,3530,-1,3530,3463,3464,-1,3530,3464,3531,-1,3531,3464,3465,-1,3531,3465,3532,-1,3532,3465,3533,-1,3533,3465,3466,-1,3533,3466,3534,-1,3534,3466,3535,-1,3535,3466,3467,-1,3535,3467,3536,-1,3536,3467,3537,-1,3537,3467,3468,-1,3537,3468,3538,-1,3538,3468,3539,-1,3539,3468,3469,-1,3539,3469,3540,-1,3540,3469,3541,-1,3541,3469,3470,-1,3541,3470,3542,-1,3542,3470,3543,-1,3543,3470,3471,-1,3543,3471,3544,-1,3544,3471,3545,-1,3545,3471,3472,-1,3545,3472,3546,-1,3546,3472,3547,-1,3547,3472,3473,-1,3547,3473,3548,-1,3474,3475,3549,-1,3549,3550,3474,-1,3474,3550,3551,-1,3474,3551,3473,-1,3473,3551,3552,-1,3473,3552,3548,-1,3477,3553,3476,-1,3476,3553,3554,-1,3476,3554,3475,-1,3475,3554,3555,-1,3475,3555,3549,-1,3478,3556,3477,-1,3477,3556,3557,-1,3477,3557,3553,-1,3479,3558,3478,-1,3478,3558,3559,-1,3478,3559,3556,-1,3480,3560,3479,-1,3479,3560,3561,-1,3479,3561,3558,-1,3481,3562,3480,-1,3480,3562,3563,-1,3480,3563,3560,-1,3482,3564,3481,-1,3481,3564,3565,-1,3481,3565,3562,-1,3483,3566,3482,-1,3482,3566,3567,-1,3482,3567,3564,-1,3484,3568,3483,-1,3483,3568,3569,-1,3483,3569,3566,-1,3485,3570,3484,-1,3484,3570,3571,-1,3484,3571,3568,-1,3486,3572,3485,-1,3485,3572,3573,-1,3485,3573,3570,-1,3491,3574,3441,-1,3441,3574,3575,-1,3441,3575,3442,-1,3442,3575,3576,-1,3442,3576,3487,-1,3487,3576,3577,-1,3487,3577,3486,-1,3486,3577,3578,-1,3486,3578,3572,-1,3579,3580,3575,-1,3575,3574,3579,-1,3579,3574,3491,-1,3579,3491,3581,-1,3581,3491,3490,-1,3581,3490,3582,-1,3582,3490,3492,-1,3582,3492,3583,-1,3583,3492,3493,-1,3583,3493,3584,-1,3584,3493,3494,-1,3584,3494,3585,-1,3585,3494,3495,-1,3585,3495,3586,-1,3586,3495,3496,-1,3586,3496,3587,-1,3587,3496,3497,-1,3587,3497,3588,-1,3588,3497,3498,-1,3588,3498,3589,-1,3589,3498,3499,-1,3589,3499,3590,-1,3590,3499,3500,-1,3590,3500,3591,-1,3591,3500,3501,-1,3591,3501,3592,-1,3592,3501,3502,-1,3592,3502,3593,-1,3593,3502,3503,-1,3593,3503,3594,-1,3594,3503,3504,-1,3594,3504,3595,-1,3595,3504,3505,-1,3595,3505,3596,-1,3596,3505,3508,-1,3596,3508,3597,-1,3597,3508,3507,-1,3597,3507,3598,-1,3598,3507,3506,-1,3598,3506,3599,-1,3599,3506,3600,-1,3506,3489,3600,-1,3600,3489,3488,-1,3600,3488,3601,-1,3601,3488,3509,-1,3601,3509,3602,-1,3602,3509,3510,-1,3602,3510,3603,-1,3603,3510,3511,-1,3603,3511,3604,-1,3604,3511,3512,-1,3604,3512,3605,-1,3605,3512,3513,-1,3605,3513,3606,-1,3606,3513,3514,-1,3606,3514,3607,-1,3607,3514,3515,-1,3607,3515,3608,-1,3608,3515,3516,-1,3608,3516,3609,-1,3609,3516,3517,-1,3609,3517,3610,-1,3610,3517,3518,-1,3610,3518,3611,-1,3611,3518,3519,-1,3611,3519,3612,-1,3612,3519,3520,-1,3612,3520,3613,-1,3613,3520,3521,-1,3613,3521,3614,-1,3614,3521,3522,-1,3614,3522,3615,-1,3615,3522,3523,-1,3615,3523,3616,-1,3616,3523,3524,-1,3616,3524,3617,-1,3617,3524,3525,-1,3617,3525,3618,-1,3618,3525,3526,-1,3618,3526,3619,-1,3619,3526,3527,-1,3619,3527,3620,-1,3620,3527,3528,-1,3620,3528,3621,-1,3621,3528,3529,-1,3621,3529,3622,-1,3622,3529,3530,-1,3622,3530,3623,-1,3623,3530,3531,-1,3623,3531,3624,-1,3624,3531,3532,-1,3624,3532,3625,-1,3625,3532,3533,-1,3625,3533,3626,-1,3626,3533,3534,-1,3626,3534,3627,-1,3627,3534,3535,-1,3627,3535,3628,-1,3628,3535,3536,-1,3628,3536,3629,-1,3629,3536,3537,-1,3629,3537,3630,-1,3630,3537,3538,-1,3630,3538,3631,-1,3631,3538,3539,-1,3631,3539,3632,-1,3632,3539,3540,-1,3632,3540,3633,-1,3633,3540,3541,-1,3633,3541,3634,-1,3634,3541,3542,-1,3634,3542,3635,-1,3635,3542,3543,-1,3635,3543,3636,-1,3636,3543,3544,-1,3636,3544,3637,-1,3637,3544,3545,-1,3637,3545,3638,-1,3638,3545,3546,-1,3638,3546,3639,-1,3639,3546,3547,-1,3639,3547,3640,-1,3640,3547,3548,-1,3640,3548,3641,-1,3641,3548,3552,-1,3641,3552,3642,-1,3642,3552,3551,-1,3642,3551,3643,-1,3643,3551,3550,-1,3643,3550,3644,-1,3644,3550,3549,-1,3644,3549,3645,-1,3645,3549,3555,-1,3645,3555,3646,-1,3646,3555,3647,-1,3580,3648,3575,-1,3575,3648,3649,-1,3575,3649,3576,-1,3576,3649,3650,-1,3576,3650,3577,-1,3577,3650,3651,-1,3577,3651,3578,-1,3578,3651,3652,-1,3578,3652,3572,-1,3572,3652,3653,-1,3572,3653,3573,-1,3573,3653,3654,-1,3573,3654,3570,-1,3570,3654,3655,-1,3570,3655,3571,-1,3571,3655,3656,-1,3571,3656,3568,-1,3568,3656,3657,-1,3568,3657,3569,-1,3569,3657,3658,-1,3569,3658,3566,-1,3566,3658,3659,-1,3566,3659,3567,-1,3567,3659,3660,-1,3567,3660,3564,-1,3564,3660,3661,-1,3564,3661,3565,-1,3565,3661,3662,-1,3565,3662,3562,-1,3562,3662,3663,-1,3562,3663,3563,-1,3563,3663,3664,-1,3563,3664,3560,-1,3560,3664,3665,-1,3560,3665,3561,-1,3561,3665,3666,-1,3561,3666,3558,-1,3558,3666,3667,-1,3558,3667,3559,-1,3559,3667,3668,-1,3559,3668,3556,-1,3556,3668,3669,-1,3556,3669,3557,-1,3557,3669,3670,-1,3557,3670,3553,-1,3553,3670,3647,-1,3553,3647,3554,-1,3554,3647,3555,-1,3602,3671,3601,-1,3601,3671,3672,-1,3601,3672,3600,-1,3600,3672,3673,-1,3600,3673,3599,-1,3599,3673,3674,-1,3599,3674,3598,-1,3598,3674,3675,-1,3598,3675,3597,-1,3597,3675,3676,-1,3597,3676,3596,-1,3596,3676,3677,-1,3596,3677,3595,-1,3595,3677,3678,-1,3595,3678,3594,-1,3594,3678,3679,-1,3594,3679,3593,-1,3593,3679,3680,-1,3593,3680,3592,-1,3592,3680,3681,-1,3592,3681,3591,-1,3591,3681,3682,-1,3591,3682,3590,-1,3590,3682,3683,-1,3590,3683,3589,-1,3589,3683,3684,-1,3589,3684,3588,-1,3588,3684,3685,-1,3588,3685,3587,-1,3587,3685,3686,-1,3587,3686,3586,-1,3586,3686,3687,-1,3586,3687,3585,-1,3585,3687,3688,-1,3585,3688,3584,-1,3584,3688,3689,-1,3584,3689,3583,-1,3583,3689,3690,-1,3583,3690,3582,-1,3582,3690,3691,-1,3582,3691,3581,-1,3581,3691,3692,-1,3581,3692,3579,-1,3579,3692,3693,-1,3579,3693,3580,-1,3580,3693,3694,-1,3580,3694,3648,-1,3648,3694,3695,-1,3648,3695,3649,-1,3649,3695,3696,-1,3649,3696,3650,-1,3650,3696,3697,-1,3650,3697,3651,-1,3651,3697,3698,-1,3651,3698,3652,-1,3652,3698,3699,-1,3652,3699,3653,-1,3653,3699,3700,-1,3653,3700,3654,-1,3654,3700,3701,-1,3654,3701,3655,-1,3655,3701,3702,-1,3655,3702,3656,-1,3656,3702,3703,-1,3656,3703,3657,-1,3657,3703,3704,-1,3657,3704,3658,-1,3658,3704,3705,-1,3658,3705,3659,-1,3659,3705,3706,-1,3659,3706,3660,-1,3660,3706,3707,-1,3660,3707,3661,-1,3661,3707,3708,-1,3661,3708,3662,-1,3662,3708,3709,-1,3662,3709,3663,-1,3663,3709,3710,-1,3663,3710,3664,-1,3664,3710,3711,-1,3664,3711,3665,-1,3665,3711,3712,-1,3665,3712,3666,-1,3666,3712,3713,-1,3666,3713,3667,-1,3667,3713,3714,-1,3667,3714,3668,-1,3668,3714,3715,-1,3668,3715,3669,-1,3669,3715,3716,-1,3669,3716,3670,-1,3670,3716,3717,-1,3670,3717,3647,-1,3717,3718,3647,-1,3647,3718,3719,-1,3647,3719,3646,-1,3646,3719,3720,-1,3646,3720,3645,-1,3645,3720,3721,-1,3645,3721,3644,-1,3644,3721,3722,-1,3644,3722,3643,-1,3643,3722,3723,-1,3643,3723,3642,-1,3642,3723,3724,-1,3642,3724,3641,-1,3641,3724,3725,-1,3641,3725,3640,-1,3640,3725,3726,-1,3640,3726,3639,-1,3639,3726,3727,-1,3639,3727,3638,-1,3638,3727,3728,-1,3638,3728,3637,-1,3637,3728,3729,-1,3637,3729,3636,-1,3636,3729,3730,-1,3636,3730,3635,-1,3635,3730,3731,-1,3635,3731,3634,-1,3634,3731,3732,-1,3634,3732,3633,-1,3633,3732,3733,-1,3633,3733,3632,-1,3632,3733,3734,-1,3632,3734,3631,-1,3631,3734,3735,-1,3631,3735,3630,-1,3630,3735,3736,-1,3630,3736,3629,-1,3629,3736,3737,-1,3629,3737,3628,-1,3628,3737,3738,-1,3628,3738,3627,-1,3627,3738,3739,-1,3627,3739,3626,-1,3626,3739,3740,-1,3626,3740,3625,-1,3625,3740,3741,-1,3625,3741,3624,-1,3624,3741,3742,-1,3624,3742,3623,-1,3623,3742,3743,-1,3623,3743,3622,-1,3622,3743,3744,-1,3622,3744,3621,-1,3621,3744,3745,-1,3621,3745,3620,-1,3620,3745,3746,-1,3620,3746,3619,-1,3619,3746,3747,-1,3619,3747,3618,-1,3618,3747,3748,-1,3618,3748,3617,-1,3617,3748,3749,-1,3617,3749,3616,-1,3616,3749,3750,-1,3616,3750,3615,-1,3615,3750,3751,-1,3615,3751,3614,-1,3614,3751,3752,-1,3614,3752,3613,-1,3613,3752,3753,-1,3613,3753,3612,-1,3612,3753,3754,-1,3612,3754,3611,-1,3611,3754,3755,-1,3611,3755,3610,-1,3610,3755,3756,-1,3610,3756,3609,-1,3609,3756,3757,-1,3609,3757,3608,-1,3608,3757,3758,-1,3608,3758,3607,-1,3607,3758,3759,-1,3607,3759,3606,-1,3606,3759,3760,-1,3606,3760,3605,-1,3605,3760,3761,-1,3605,3761,3604,-1,3604,3761,3762,-1,3604,3762,3603,-1,3603,3762,3763,-1,3603,3763,3602,-1,3602,3763,3764,-1,3602,3764,3671,-1,3694,3765,3766,-1,3694,3693,3765,-1,3765,3693,3692,-1,3765,3692,3767,-1,3692,3691,3767,-1,3767,3691,3690,-1,3767,3690,3768,-1,3690,3689,3768,-1,3768,3689,3688,-1,3768,3688,3769,-1,3688,3687,3769,-1,3769,3687,3686,-1,3769,3686,3770,-1,3686,3685,3770,-1,3770,3685,3684,-1,3770,3684,3771,-1,3684,3683,3771,-1,3771,3683,3682,-1,3771,3682,3772,-1,3682,3681,3772,-1,3772,3681,3680,-1,3772,3680,3773,-1,3680,3679,3773,-1,3773,3679,3678,-1,3773,3678,3774,-1,3678,3677,3774,-1,3774,3677,3676,-1,3774,3676,3775,-1,3676,3675,3775,-1,3775,3675,3674,-1,3775,3674,3776,-1,3674,3673,3776,-1,3776,3673,3672,-1,3776,3672,3777,-1,3672,3671,3777,-1,3777,3671,3764,-1,3777,3764,3778,-1,3764,3763,3778,-1,3778,3763,3762,-1,3778,3762,3779,-1,3762,3761,3779,-1,3779,3761,3760,-1,3779,3760,3780,-1,3760,3759,3780,-1,3780,3759,3758,-1,3780,3758,3781,-1,3758,3757,3781,-1,3781,3757,3756,-1,3781,3756,3782,-1,3756,3755,3782,-1,3782,3755,3754,-1,3782,3754,3783,-1,3754,3753,3783,-1,3783,3753,3752,-1,3783,3752,3784,-1,3752,3751,3784,-1,3784,3751,3750,-1,3784,3750,3785,-1,3750,3749,3785,-1,3785,3749,3748,-1,3785,3748,3786,-1,3748,3747,3786,-1,3786,3747,3746,-1,3786,3746,3787,-1,3746,3745,3787,-1,3787,3745,3744,-1,3787,3744,3788,-1,3744,3743,3788,-1,3788,3743,3742,-1,3788,3742,3789,-1,3742,3741,3789,-1,3789,3741,3740,-1,3789,3740,3790,-1,3740,3739,3790,-1,3790,3739,3738,-1,3790,3738,3791,-1,3738,3737,3791,-1,3791,3737,3736,-1,3791,3736,3792,-1,3736,3735,3792,-1,3792,3735,3734,-1,3792,3734,3793,-1,3734,3733,3793,-1,3793,3733,3732,-1,3793,3732,3794,-1,3732,3731,3794,-1,3794,3731,3730,-1,3794,3730,3795,-1,3730,3729,3795,-1,3795,3729,3728,-1,3795,3728,3796,-1,3728,3727,3796,-1,3796,3727,3726,-1,3796,3726,3797,-1,3726,3725,3797,-1,3797,3725,3724,-1,3797,3724,3798,-1,3724,3723,3798,-1,3798,3723,3722,-1,3798,3722,3799,-1,3722,3721,3799,-1,3799,3721,3720,-1,3799,3720,3800,-1,3720,3719,3800,-1,3800,3719,3718,-1,3800,3718,3801,-1,3718,3717,3801,-1,3801,3717,3716,-1,3801,3716,3802,-1,3716,3715,3802,-1,3802,3715,3714,-1,3802,3714,3803,-1,3714,3713,3803,-1,3803,3713,3712,-1,3803,3712,3804,-1,3712,3711,3804,-1,3804,3711,3710,-1,3804,3710,3805,-1,3710,3709,3805,-1,3805,3709,3708,-1,3805,3708,3806,-1,3708,3707,3806,-1,3806,3707,3706,-1,3806,3706,3807,-1,3706,3705,3807,-1,3807,3705,3704,-1,3807,3704,3808,-1,3704,3703,3808,-1,3808,3703,3702,-1,3808,3702,3809,-1,3702,3701,3809,-1,3809,3701,3700,-1,3809,3700,3810,-1,3700,3699,3810,-1,3810,3699,3698,-1,3810,3698,3811,-1,3698,3697,3811,-1,3811,3697,3696,-1,3811,3696,3766,-1,3766,3696,3695,-1,3766,3695,3694,-1,3766,1899,3811,-1,3811,1899,1901,-1,3811,1901,3810,-1,3810,1901,1903,-1,3810,1903,3809,-1,3809,1903,1871,-1,3809,1871,3808,-1,3808,1871,1873,-1,3808,1873,3807,-1,3807,1873,1875,-1,3807,1875,3806,-1,3806,1875,1877,-1,3806,1877,3805,-1,3805,1877,1929,-1,3805,1929,3804,-1,3804,1929,1931,-1,3804,1931,3803,-1,3803,1931,1933,-1,3803,1933,3802,-1,3802,1933,1936,-1,3802,1936,3801,-1,3801,1936,1938,-1,3801,1938,3800,-1,3800,1938,1940,-1,3800,1940,3799,-1,3799,1940,1962,-1,3799,1962,3798,-1,3798,1962,1964,-1,3798,1964,3797,-1,3797,1964,1966,-1,3797,1966,3796,-1,3796,1966,1969,-1,3796,1969,3795,-1,3795,1969,1971,-1,3795,1971,3794,-1,3794,1971,1941,-1,3794,1941,3793,-1,3793,1941,1943,-1,3793,1943,3792,-1,3792,1943,1945,-1,3792,1945,3791,-1,3791,1945,1878,-1,3791,1878,3790,-1,3790,1878,1880,-1,3790,1880,3789,-1,3789,1880,1882,-1,3789,1882,3788,-1,3788,1882,1884,-1,3788,1884,3787,-1,3787,1884,1908,-1,3787,1908,3786,-1,3786,1908,1910,-1,3786,1910,3785,-1,3785,1910,1885,-1,3785,1885,3784,-1,3784,1885,1887,-1,3784,1887,3783,-1,3783,1887,1889,-1,3783,1889,3782,-1,3782,1889,1891,-1,3782,1891,3781,-1,3781,1891,1915,-1,3781,1915,3780,-1,3780,1915,1917,-1,3780,1917,3779,-1,3779,1917,1919,-1,3779,1919,3778,-1,3778,1919,1976,-1,3778,1976,3777,-1,3777,1976,1978,-1,3777,1978,3776,-1,3776,1978,1920,-1,3776,1920,3775,-1,3775,1920,1922,-1,3775,1922,3774,-1,3774,1922,1924,-1,3774,1924,3773,-1,3773,1924,1926,-1,3773,1926,3772,-1,3772,1926,1950,-1,3772,1950,3771,-1,3771,1950,1952,-1,3771,1952,3770,-1,3770,1952,1892,-1,3770,1892,3769,-1,3769,1892,1894,-1,3769,1894,3768,-1,3768,1894,1896,-1,3768,1896,3767,-1,3767,1896,1898,-1,3767,1898,3765,-1,3765,1898,1957,-1,3765,1957,3766,-1,3766,1957,1899,-1,1641,1761,1800,-1,1641,1800,1673,-1,1673,1800,1802,-1,1673,1802,1670,-1,1670,1802,1805,-1,1670,1805,1668,-1,1668,1805,1807,-1,1668,1807,1666,-1,1666,1807,1809,-1,1666,1809,1664,-1,1664,1809,1812,-1,1664,1812,1718,-1,1718,1812,1814,-1,1718,1814,1716,-1,1716,1814,1859,-1,1716,1859,1751,-1,1751,1859,1861,-1,1751,1861,1749,-1,1749,1861,1863,-1,1749,1863,1746,-1,1746,1863,1866,-1,1746,1866,1744,-1,1744,1866,1868,-1,1744,1868,1742,-1,1742,1868,1850,-1,1742,1850,1739,-1,1739,1850,1852,-1,1739,1852,1737,-1,1737,1852,1854,-1,1737,1854,1735,-1,1735,1854,1777,-1,1735,1777,1715,-1,1715,1777,1779,-1,1715,1779,1713,-1,1713,1779,1781,-1,1713,1781,1711,-1,1711,1781,1783,-1,1711,1783,1708,-1,1708,1783,1786,-1,1708,1786,1706,-1,1706,1786,1788,-1,1706,1788,1704,-1,1704,1788,1765,-1,1704,1765,1646,-1,1646,1765,1767,-1,1646,1767,1644,-1,1644,1767,1769,-1,1644,1769,1642,-1,1642,1769,1772,-1,1642,1772,1651,-1,1651,1772,1774,-1,1651,1774,1649,-1,1649,1774,1776,-1,1649,1776,1647,-1,1647,1776,1793,-1,1647,1793,1699,-1,1699,1793,1795,-1,1699,1795,1697,-1,1697,1795,1797,-1,1697,1797,1663,-1,1663,1797,1834,-1,1663,1834,1661,-1,1661,1834,1836,-1,1661,1836,1659,-1,1659,1836,1815,-1,1659,1815,1657,-1,1657,1815,1817,-1,1657,1817,1692,-1,1692,1817,1819,-1,1692,1819,1690,-1,1690,1819,1821,-1,1690,1821,1687,-1,1687,1821,1824,-1,1687,1824,1685,-1,1685,1824,1826,-1,1685,1826,1683,-1,1683,1826,1828,-1,1683,1828,1681,-1,1681,1828,1841,-1,1681,1841,1730,-1,1730,1841,1843,-1,1730,1843,1727,-1,1727,1843,1846,-1,1727,1846,1725,-1,1725,1846,1848,-1,1725,1848,1723,-1,1723,1848,1849,-1,1723,1849,1680,-1,1680,1849,1829,-1,1680,1829,1678,-1,1678,1829,1757,-1,1678,1757,1637,-1,1641,1640,1761,-1,1761,1640,1754,-1,1640,1638,1754,-1,1754,1638,1755,-1,1638,1637,1755,-1,1755,1637,1757,-1,3812,3813,3814,-1,3814,3813,3815,-1,3816,3814,3817,-1,3817,3814,3815,-1,3812,3818,3813,-1,3813,3818,3819,-1,3812,3814,3818,-1,3818,3814,3816,-1,3820,3821,3822,-1,3822,3821,3823,-1,3822,3823,3824,-1,3825,3826,3823,-1,3823,3826,3824,-1,3823,3821,3825,-1,3825,3821,3827,-1,3827,3821,3828,-1,3828,3821,3820,-1,
        ]
    }
}
Shape{
    appearance Appearance {
        material  Material 	{
            diffuseColor 1.0 1.0 1.0
            specularColor 0.5019607843137255 0.5019607843137255 0.5019607843137255
            ambientIntensity 1.0
            transparency 0.0
            shininess 0.5
        }
    }
    geometry IndexedFaceSet {
        ccw TRUE
        solid FALSE
        coord DEF co Coordinate {
            point [
                -0.0972 -0.3159 0.0984, -0.0948 -0.3256 0.0984, -0.0946 -0.3317 0.0882, -0.0934 -0.3313 0.0984, -0.0872 -0.3459 0.0984, -0.0883 -0.3465 0.0882, -0.085 -0.3492 0.0984, -0.0798 -0.3601 0.0882, -0.0787 -0.3593 0.0984, -0.0695 -0.3697 0.0984, -0.0691 -0.3721 0.0882, -0.0682 -0.3711 0.0984, -0.0559 -0.3812 0.0984, -0.0567 -0.3823 0.0882, -0.0491 -0.3851 0.0984, -0.0428 -0.3903 0.0882, -0.0422 -0.3891 0.0984, -0.0274 -0.3947 0.0984, -0.0278 -0.396 0.0882, -0.0255 -0.3951 0.0984, -0.012 -0.3992 0.0882, -0.0119 -0.3979 0.0984, -0.0 -0.3983 0.0984, 0.004 -0.3998 0.0882, 0.004 -0.3985 0.0984, 0.0197 -0.3966 0.0984, 0.0199 -0.3979 0.0882, 0.0254 -0.3949 0.0984, 0.0354 -0.3934 0.0882, 0.0622 -0.3764 0.0984, 0.0499 -0.3866 0.0882, 0.0492 -0.3854 0.0984, 0.0349 -0.3922 0.0984, 0.0694 -0.3695 0.0984, 0.0747 -0.3663 0.0882, 0.0631 -0.3774 0.0882, 0.0737 -0.3654 0.0984, 0.0832 -0.3528 0.0984, 0.0843 -0.3535 0.0882, 0.085 -0.3493 0.0984, 0.0918 -0.3393 0.0882, 0.0905 -0.3387 0.0984, 0.0949 -0.3256 0.0984, 0.0969 -0.324 0.0882, 0.0956 -0.3237 0.0984, 0.0981 -0.3081 0.0984, 0.0994 -0.3082 0.0882, 0.0981 -0.3001 0.0984, 0.0994 -0.2921 0.0882, 0.0981 -0.2922 0.0984, 0.0956 -0.2766 0.0984, 0.0969 -0.2763 0.0882, 0.0949 -0.2747 0.0984, 0.0918 -0.261 0.0882, 0.0905 -0.2616 0.0984, 0.085 -0.251 0.0984, 0.0843 -0.2468 0.0882, 0.0832 -0.2475 0.0984, 0.0737 -0.2349 0.0984, 0.0747 -0.234 0.0882, 0.0694 -0.2308 0.0984, 0.0631 -0.2229 0.0882, 0.0349 -0.2081 0.0984, 0.0499 -0.2137 0.0882, 0.0492 -0.2149 0.0984, 0.0622 -0.2239 0.0984, 0.0254 -0.2054 0.0984, 0.0199 -0.2024 0.0882, 0.0354 -0.2069 0.0882, 0.0197 -0.2037 0.0984, 0.004 -0.2018 0.0984, 0.004 -0.2005 0.0882, -0.0 -0.202 0.0984, -0.012 -0.2011 0.0882, -0.0119 -0.2024 0.0984, -0.0255 -0.2052 0.0984, -0.0278 -0.2043 0.0882, -0.0274 -0.2056 0.0984, -0.0422 -0.2112 0.0984, -0.0428 -0.21 0.0882, -0.0491 -0.2152 0.0984, -0.0567 -0.218 0.0882, -0.0559 -0.2191 0.0984, -0.0682 -0.2292 0.0984, -0.0691 -0.2282 0.0882, -0.0695 -0.2306 0.0984, -0.0798 -0.2402 0.0882, -0.0787 -0.241 0.0984, -0.085 -0.2511 0.0984, -0.0883 -0.2538 0.0882, -0.0872 -0.2544 0.0984, -0.0934 -0.269 0.0984, -0.0946 -0.2686 0.0882, -0.0948 -0.2747 0.0984, -0.0985 -0.2841 0.0882, -0.0985 -0.3162 0.0882, -0.0998 -0.3001 0.0882, -0.0984 -0.3001 0.0984, -0.0972 -0.2844 0.0984, -0.1024 -0.2835 0.0787, -0.0984 -0.2673 0.0787, -0.0918 -0.252 0.0787, -0.0829 -0.2379 0.0787, -0.0718 -0.2254 0.0787, -0.0589 -0.2148 0.0787, -0.0445 -0.2065 0.0787, -0.0289 -0.2005 0.0787, -0.0125 -0.1972 0.0787, 0.0042 -0.1965 0.0787, 0.0207 -0.1985 0.0787, 0.0368 -0.2032 0.0787, 0.0518 -0.2103 0.0787, 0.0656 -0.2198 0.0787, 0.0776 -0.2314 0.0787, 0.0876 -0.2447 0.0787, 0.0954 -0.2595 0.0787, 0.1007 -0.2753 0.0787, 0.1034 -0.2918 0.0787, 0.1034 -0.3085 0.0787, 0.1007 -0.325 0.0787, 0.0954 -0.3408 0.0787, 0.0876 -0.3556 0.0787, 0.0776 -0.3689 0.0787, 0.0656 -0.3805 0.0787, 0.0518 -0.39 0.0787, 0.0368 -0.3971 0.0787, 0.0207 -0.4018 0.0787, 0.0042 -0.4038 0.0787, -0.0125 -0.4031 0.0787, -0.0289 -0.3998 0.0787, -0.0445 -0.3938 0.0787, -0.0589 -0.3855 0.0787, -0.0718 -0.3749 0.0787, -0.0829 -0.3624 0.0787, -0.0918 -0.3483 0.0787, -0.0984 -0.333 0.0787, -0.1024 -0.3168 0.0787, -0.1037 -0.3001 0.0787, -0.1085 -0.2825 0.0706, -0.1043 -0.2653 0.0706, -0.0974 -0.2491 0.0706, -0.0879 -0.2341 0.0706, -0.0762 -0.2208 0.0706, -0.0625 -0.2097 0.0706, -0.0471 -0.2008 0.0706, -0.0306 -0.1945 0.0706, -0.0133 -0.191 0.0706, 0.0044 -0.1903 0.0706, 0.022 -0.1924 0.0706, 0.039 -0.1973 0.0706, 0.055 -0.2049 0.0706, 0.0695 -0.215 0.0706, 0.0823 -0.2272 0.0706, 0.0929 -0.2414 0.0706, 0.1011 -0.2571 0.0706, 0.1068 -0.2738 0.0706, 0.1096 -0.2913 0.0706, 0.1096 -0.309 0.0706, 0.1068 -0.3265 0.0706, 0.1011 -0.3432 0.0706, 0.0929 -0.3589 0.0706, 0.0823 -0.3731 0.0706, 0.0695 -0.3853 0.0706, 0.055 -0.3954 0.0706, 0.039 -0.403 0.0706, 0.022 -0.4079 0.0706, 0.0044 -0.41 0.0706, -0.0133 -0.4093 0.0706, -0.0306 -0.4058 0.0706, -0.0471 -0.3995 0.0706, -0.0625 -0.3906 0.0706, -0.0762 -0.3795 0.0706, -0.0879 -0.3662 0.0706, -0.0974 -0.3512 0.0706, -0.1043 -0.335 0.0706, -0.1085 -0.3178 0.0706, -0.11 -0.3001 0.0706, -0.1166 -0.2812 0.0643, -0.112 -0.2627 0.0643, -0.1046 -0.2453 0.0643, -0.0944 -0.2292 0.0643, -0.0818 -0.215 0.0643, -0.0671 -0.2029 0.0643, -0.0506 -0.1934 0.0643, -0.0329 -0.1867 0.0643, -0.0142 -0.1829 0.0643, 0.0047 -0.1821 0.0643, 0.0236 -0.1844 0.0643, 0.0419 -0.1897 0.0643, 0.059 -0.1979 0.0643, 0.0747 -0.2087 0.0643, 0.0884 -0.2218 0.0643, 0.0998 -0.237 0.0643, 0.1086 -0.2539 0.0643, 0.1147 -0.2719 0.0643, 0.1177 -0.2906 0.0643, 0.1177 -0.3097 0.0643, 0.1147 -0.3284 0.0643, 0.1086 -0.3464 0.0643, 0.0998 -0.3633 0.0643, 0.0884 -0.3785 0.0643, 0.0747 -0.3916 0.0643, 0.059 -0.4024 0.0643, 0.0419 -0.4106 0.0643, 0.0236 -0.4159 0.0643, 0.0047 -0.4182 0.0643, -0.0142 -0.4174 0.0643, -0.0329 -0.4136 0.0643, -0.0506 -0.4069 0.0643, -0.0671 -0.3974 0.0643, -0.0818 -0.3853 0.0643, -0.0944 -0.3711 0.0643, -0.1046 -0.355 0.0643, -0.112 -0.3376 0.0643, -0.1166 -0.3191 0.0643, -0.1181 -0.3001 0.0643, -0.126 -0.2797 0.0604, -0.121 -0.2597 0.0604, -0.113 -0.2408 0.0604, -0.102 -0.2235 0.0604, -0.0884 -0.2081 0.0604, -0.0725 -0.1951 0.0604, -0.0547 -0.1849 0.0604, -0.0355 -0.1776 0.0604, -0.0154 -0.1735 0.0604, 0.0051 -0.1726 0.0604, 0.0255 -0.1751 0.0604, 0.0452 -0.1808 0.0604, 0.0638 -0.1896 0.0604, 0.0807 -0.2013 0.0604, 0.0955 -0.2155 0.0604, 0.1078 -0.2319 0.0604, 0.1174 -0.2501 0.0604, 0.1239 -0.2696 0.0604, 0.1272 -0.2899 0.0604, 0.1272 -0.3104 0.0604, 0.1239 -0.3307 0.0604, 0.1174 -0.3502 0.0604, 0.1078 -0.3684 0.0604, 0.0955 -0.3848 0.0604, 0.0807 -0.399 0.0604, 0.0638 -0.4107 0.0604, 0.0452 -0.4195 0.0604, 0.0255 -0.4252 0.0604, 0.0051 -0.4277 0.0604, -0.0154 -0.4268 0.0604, -0.0355 -0.4227 0.0604, -0.0547 -0.4154 0.0604, -0.0725 -0.4052 0.0604, -0.0884 -0.3922 0.0604, -0.102 -0.3768 0.0604, -0.113 -0.3595 0.0604, -0.121 -0.3406 0.0604, -0.126 -0.3206 0.0604, -0.1276 -0.3001 0.0604, -0.136 -0.278 0.0591, -0.1307 -0.2565 0.0591, -0.122 -0.2361 0.0591, -0.1102 -0.2174 0.0591, -0.0955 -0.2008 0.0591, -0.0783 -0.1867 0.0591, -0.0591 -0.1757 0.0591, -0.0383 -0.1678 0.0591, -0.0166 -0.1634 0.0591, 0.0055 -0.1625 0.0591, 0.0276 -0.1651 0.0591, 0.0489 -0.1713 0.0591, 0.0689 -0.1808 0.0591, 0.0871 -0.1934 0.0591, 0.1031 -0.2088 0.0591, 0.1165 -0.2265 0.0591, 0.1268 -0.2461 0.0591, 0.1338 -0.2672 0.0591, 0.1373 -0.2891 0.0591, 0.1373 -0.3112 0.0591, 0.1338 -0.3331 0.0591, 0.1268 -0.3542 0.0591, 0.1165 -0.3738 0.0591, 0.1031 -0.3915 0.0591, 0.0871 -0.4069 0.0591, 0.0689 -0.4195 0.0591, 0.0489 -0.429 0.0591, 0.0276 -0.4352 0.0591, 0.0055 -0.4378 0.0591, -0.0166 -0.4369 0.0591, -0.0383 -0.4325 0.0591, -0.0591 -0.4246 0.0591, -0.0783 -0.4136 0.0591, -0.0955 -0.3995 0.0591, -0.1102 -0.3829 0.0591, -0.122 -0.3642 0.0591, -0.1307 -0.3438 0.0591, -0.136 -0.3223 0.0591, -0.1378 -0.3001 0.0591, -0.1181 -0.1427 0.0591, -0.1181 0.2117 0.0591, 0.1181 0.2117 0.0591, 0.1181 -0.1427 0.0591, -0.1451 -0.1671 0.0591, -0.1671 -0.1961 0.0591, -0.1675 -0.4036 0.0591, -0.1456 -0.4326 0.0591, -0.1188 -0.4571 0.0591, -0.0879 -0.4763 0.0591, -0.054 -0.4895 0.0591, -0.0182 -0.4962 0.0591, 0.0182 -0.4962 0.0591, 0.0539 -0.4895 0.0591, -0.1834 -0.2286 0.0591, -0.1934 -0.2635 0.0591, -0.1969 -0.2997 0.0591, -0.1936 -0.336 0.0591, -0.1837 -0.371 0.0591, 0.1968 -0.2997 0.0591, 0.1934 -0.2635 0.0591, 0.1834 -0.2286 0.0591, 0.1671 -0.1961 0.0591, 0.1451 -0.1671 0.0591, 0.0878 -0.4763 0.0591, 0.1188 -0.4571 0.0591, 0.1456 -0.4326 0.0591, 0.1675 -0.4036 0.0591, 0.1837 -0.371 0.0591, 0.1936 -0.336 0.0591, -0.0951 -0.2747 0.1378, -0.0984 -0.3001 0.1378, -0.0852 -0.2509 0.1378, -0.0696 -0.2306 0.1378, -0.0492 -0.2149 0.1378, -0.0255 -0.2051 0.1378, -0.0 -0.2017 0.1378, 0.0255 -0.2051 0.1378, 0.0492 -0.2149 0.1378, 0.0696 -0.2306 0.1378, 0.0852 -0.2509 0.1378, 0.0951 -0.2747 0.1378, 0.0984 -0.3001 0.1378, 0.0951 -0.3256 0.1378, 0.0852 -0.3494 0.1378, 0.0696 -0.3697 0.1378, 0.0492 -0.3854 0.1378, 0.0255 -0.3952 0.1378, -0.0 -0.3986 0.1378, -0.0255 -0.3952 0.1378, -0.0492 -0.3854 0.1378, -0.0696 -0.3697 0.1378, -0.0852 -0.3494 0.1378, -0.0951 -0.3256 0.1378, 0.1181 -0.1427 0.0, 0.1181 0.2117 0.0, 0.1451 -0.1671 0.0, 0.1671 -0.1961 0.0, 0.1834 -0.2286 0.0, 0.1934 -0.2635 0.0, 0.1968 -0.2997 0.0, 0.1936 -0.336 0.0, 0.1837 -0.371 0.0, 0.1675 -0.4036 0.0, 0.1456 -0.4326 0.0, 0.1188 -0.4571 0.0, 0.0878 -0.4763 0.0, 0.0539 -0.4895 0.0, 0.0182 -0.4962 0.0, -0.0182 -0.4962 0.0, -0.054 -0.4895 0.0, -0.0879 -0.4763 0.0, -0.1188 -0.4571 0.0, -0.1456 -0.4326 0.0, -0.1675 -0.4036 0.0, -0.1837 -0.371 0.0, -0.1936 -0.336 0.0, -0.1969 -0.2997 0.0, -0.1934 -0.2635 0.0, -0.1834 -0.2286 0.0, -0.1671 -0.1961 0.0, -0.1451 -0.1671 0.0, -0.1181 -0.1427 0.0, -0.1181 0.2117 0.0, -0.4331 0.2117 0.0, 0.4331 0.2117 0.1378, 0.4331 0.2117 0.0, -0.4331 0.2117 0.1378, 0.4331 -0.812 0.1378, 0.4331 -0.812 0.0, 0.4534 -0.8093 0.0, 0.4534 -0.8093 0.1378, 0.4724 -0.8014 0.0, 0.4724 -0.8014 0.1378, 0.4887 -0.7889 0.0, 0.4887 -0.7889 0.1378, 0.5013 -0.7726 0.0, 0.5013 -0.7726 0.1378, 0.5091 -0.7536 0.0, 0.5091 -0.7536 0.1378, 0.5118 -0.7332 0.0, 0.5118 -0.7332 0.1378, 0.5118 0.1329 0.1378, 0.5118 0.1329 0.0, 0.5091 0.1533 0.0, 0.5091 0.1533 0.1378, 0.5013 0.1723 0.0, 0.5013 0.1723 0.1378, 0.4887 0.1886 0.0, 0.4887 0.1886 0.1378, 0.4724 0.2011 0.0, 0.4724 0.2011 0.1378, 0.4534 0.209 0.0, 0.4534 0.209 0.1378, -0.4535 0.209 0.0, -0.4535 0.209 0.1378, -0.4725 0.2011 0.0, -0.4725 0.2011 0.1378, -0.4888 0.1886 0.0, -0.4888 0.1886 0.1378, -0.5013 0.1723 0.0, -0.5013 0.1723 0.1378, -0.5091 0.1533 0.0, -0.5091 0.1533 0.1378, -0.5118 0.1329 0.0, -0.5118 0.1329 0.1378, -0.5118 -0.6151 0.0591, -0.5118 -0.6151 0.1378, -0.5118 0.0542 0.0591, -0.5118 0.0542 0.0, -0.315 -0.812 0.1378, -0.315 -0.812 0.0, -0.4725 -0.6545 0.0, -0.4331 -0.6545 0.0, 0.5118 0.0542 0.0, 0.4331 0.0542 0.0, 0.4331 -0.6545 0.0, 0.5118 -0.6545 0.0, -0.4331 0.0542 0.0, -0.4725 -0.6545 0.0591, 0.5118 0.0542 0.0591, 0.5118 -0.6545 0.0591
            ]
        }
        coordIndex [
            0,1,2,-1,1,3,2,-1,2,3,4,-1,2,4,5,-1,5,4,6,-1,5,6,7,-1,6,8,7,-1,7,8,9,-1,7,9,10,-1,9,11,10,-1,10,11,12,-1,10,12,13,-1,13,12,14,-1,13,14,15,-1,14,16,15,-1,15,16,17,-1,15,17,18,-1,18,17,19,-1,18,19,20,-1,19,21,20,-1,20,21,22,-1,20,22,23,-1,22,24,23,-1,23,24,25,-1,23,25,26,-1,26,25,27,-1,26,27,28,-1,29,30,31,-1,31,30,28,-1,31,28,32,-1,32,28,27,-1,33,34,29,-1,29,34,35,-1,29,35,30,-1,33,36,34,-1,34,36,37,-1,34,37,38,-1,38,37,39,-1,38,39,40,-1,39,41,40,-1,40,41,42,-1,40,42,43,-1,42,44,43,-1,43,44,45,-1,43,45,46,-1,46,45,47,-1,46,47,48,-1,47,49,48,-1,48,49,50,-1,48,50,51,-1,51,50,52,-1,51,52,53,-1,52,54,53,-1,53,54,55,-1,53,55,56,-1,55,57,56,-1,56,57,58,-1,56,58,59,-1,59,58,60,-1,59,60,61,-1,62,63,64,-1,64,63,61,-1,64,61,65,-1,65,61,60,-1,66,67,62,-1,62,67,68,-1,62,68,63,-1,66,69,67,-1,67,69,70,-1,67,70,71,-1,71,70,72,-1,71,72,73,-1,72,74,73,-1,73,74,75,-1,73,75,76,-1,75,77,76,-1,76,77,78,-1,76,78,79,-1,79,78,80,-1,79,80,81,-1,80,82,81,-1,81,82,83,-1,81,83,84,-1,84,83,85,-1,84,85,86,-1,85,87,86,-1,86,87,88,-1,86,88,89,-1,88,90,89,-1,89,90,91,-1,89,91,92,-1,92,91,93,-1,92,93,94,-1,2,95,0,-1,0,95,96,-1,0,96,97,-1,97,96,94,-1,97,94,98,-1,98,94,93,-1,96,99,94,-1,94,99,100,-1,94,100,92,-1,92,100,101,-1,92,101,89,-1,89,101,102,-1,89,102,86,-1,86,102,103,-1,86,103,84,-1,84,103,104,-1,84,104,81,-1,81,104,105,-1,81,105,79,-1,79,105,106,-1,79,106,76,-1,76,106,107,-1,76,107,73,-1,73,107,108,-1,73,108,71,-1,71,108,109,-1,71,109,67,-1,67,109,110,-1,67,110,68,-1,68,110,111,-1,68,111,63,-1,63,111,112,-1,63,112,61,-1,61,112,113,-1,61,113,59,-1,59,113,114,-1,59,114,56,-1,56,114,115,-1,56,115,53,-1,53,115,116,-1,53,116,51,-1,51,116,117,-1,51,117,48,-1,48,117,118,-1,48,118,46,-1,46,118,119,-1,46,119,43,-1,43,119,120,-1,43,120,40,-1,40,120,121,-1,40,121,38,-1,38,121,122,-1,38,122,34,-1,34,122,123,-1,34,123,35,-1,35,123,124,-1,35,124,30,-1,30,124,125,-1,30,125,28,-1,28,125,126,-1,28,126,26,-1,26,126,127,-1,26,127,23,-1,23,127,128,-1,23,128,20,-1,20,128,129,-1,20,129,18,-1,18,129,130,-1,18,130,15,-1,15,130,131,-1,15,131,13,-1,13,131,132,-1,13,132,10,-1,10,132,133,-1,10,133,7,-1,7,133,134,-1,7,134,5,-1,5,134,135,-1,5,135,2,-1,2,135,136,-1,2,136,95,-1,95,136,137,-1,95,137,96,-1,96,137,99,-1,137,138,99,-1,99,138,139,-1,99,139,100,-1,100,139,140,-1,100,140,101,-1,101,140,141,-1,101,141,102,-1,102,141,142,-1,102,142,103,-1,103,142,143,-1,103,143,104,-1,104,143,144,-1,104,144,105,-1,105,144,145,-1,105,145,106,-1,106,145,146,-1,106,146,107,-1,107,146,147,-1,107,147,108,-1,108,147,148,-1,108,148,109,-1,109,148,149,-1,109,149,110,-1,110,149,150,-1,110,150,111,-1,111,150,151,-1,111,151,112,-1,112,151,152,-1,112,152,113,-1,113,152,153,-1,113,153,114,-1,114,153,154,-1,114,154,115,-1,115,154,155,-1,115,155,116,-1,116,155,156,-1,116,156,117,-1,117,156,157,-1,117,157,118,-1,118,157,158,-1,118,158,119,-1,119,158,159,-1,119,159,120,-1,120,159,160,-1,120,160,121,-1,121,160,161,-1,121,161,122,-1,122,161,162,-1,122,162,123,-1,123,162,163,-1,123,163,124,-1,124,163,164,-1,124,164,125,-1,125,164,165,-1,125,165,126,-1,126,165,166,-1,126,166,127,-1,127,166,167,-1,127,167,128,-1,128,167,168,-1,128,168,129,-1,129,168,169,-1,129,169,130,-1,130,169,170,-1,130,170,131,-1,131,170,171,-1,131,171,132,-1,132,171,172,-1,132,172,133,-1,133,172,173,-1,133,173,134,-1,134,173,174,-1,134,174,135,-1,135,174,175,-1,135,175,136,-1,136,175,176,-1,136,176,137,-1,137,176,138,-1,176,177,138,-1,138,177,178,-1,138,178,139,-1,139,178,179,-1,139,179,140,-1,140,179,180,-1,140,180,141,-1,141,180,181,-1,141,181,142,-1,142,181,182,-1,142,182,143,-1,143,182,183,-1,143,183,144,-1,144,183,184,-1,144,184,145,-1,145,184,185,-1,145,185,146,-1,146,185,186,-1,146,186,147,-1,147,186,187,-1,147,187,148,-1,148,187,188,-1,148,188,149,-1,149,188,189,-1,149,189,150,-1,150,189,190,-1,150,190,151,-1,151,190,191,-1,151,191,152,-1,152,191,192,-1,152,192,153,-1,153,192,193,-1,153,193,154,-1,154,193,194,-1,154,194,155,-1,155,194,195,-1,155,195,156,-1,156,195,196,-1,156,196,157,-1,157,196,197,-1,157,197,158,-1,158,197,198,-1,158,198,159,-1,159,198,199,-1,159,199,160,-1,160,199,200,-1,160,200,161,-1,161,200,201,-1,161,201,162,-1,162,201,202,-1,162,202,163,-1,163,202,203,-1,163,203,164,-1,164,203,204,-1,164,204,165,-1,165,204,205,-1,165,205,166,-1,166,205,206,-1,166,206,167,-1,167,206,207,-1,167,207,168,-1,168,207,208,-1,168,208,169,-1,169,208,209,-1,169,209,170,-1,170,209,210,-1,170,210,171,-1,171,210,211,-1,171,211,172,-1,172,211,212,-1,172,212,173,-1,173,212,213,-1,173,213,174,-1,174,213,214,-1,174,214,175,-1,175,214,215,-1,175,215,176,-1,176,215,177,-1,215,216,177,-1,177,216,217,-1,177,217,178,-1,178,217,218,-1,178,218,179,-1,179,218,219,-1,179,219,180,-1,180,219,220,-1,180,220,181,-1,181,220,221,-1,181,221,182,-1,182,221,222,-1,182,222,183,-1,183,222,223,-1,183,223,184,-1,184,223,224,-1,184,224,185,-1,185,224,225,-1,185,225,186,-1,186,225,226,-1,186,226,187,-1,187,226,227,-1,187,227,188,-1,188,227,228,-1,188,228,189,-1,189,228,229,-1,189,229,190,-1,190,229,230,-1,190,230,191,-1,191,230,231,-1,191,231,192,-1,192,231,232,-1,192,232,193,-1,193,232,233,-1,193,233,194,-1,194,233,234,-1,194,234,195,-1,195,234,235,-1,195,235,196,-1,196,235,236,-1,196,236,197,-1,197,236,237,-1,197,237,198,-1,198,237,238,-1,198,238,199,-1,199,238,239,-1,199,239,200,-1,200,239,240,-1,200,240,201,-1,201,240,241,-1,201,241,202,-1,202,241,242,-1,202,242,203,-1,203,242,243,-1,203,243,204,-1,204,243,244,-1,204,244,205,-1,205,244,245,-1,205,245,206,-1,206,245,246,-1,206,246,207,-1,207,246,247,-1,207,247,208,-1,208,247,248,-1,208,248,209,-1,209,248,249,-1,209,249,210,-1,210,249,250,-1,210,250,211,-1,211,250,251,-1,211,251,212,-1,212,251,252,-1,212,252,213,-1,213,252,253,-1,213,253,214,-1,214,253,254,-1,214,254,215,-1,215,254,216,-1,254,255,216,-1,216,255,256,-1,216,256,217,-1,217,256,257,-1,217,257,218,-1,218,257,258,-1,218,258,219,-1,219,258,259,-1,219,259,220,-1,220,259,260,-1,220,260,221,-1,221,260,261,-1,221,261,222,-1,222,261,262,-1,222,262,223,-1,223,262,263,-1,223,263,224,-1,224,263,264,-1,224,264,225,-1,225,264,265,-1,225,265,226,-1,226,265,266,-1,226,266,227,-1,227,266,267,-1,227,267,228,-1,228,267,268,-1,228,268,229,-1,229,268,269,-1,229,269,230,-1,230,269,270,-1,230,270,231,-1,231,270,271,-1,231,271,232,-1,232,271,272,-1,232,272,233,-1,233,272,273,-1,233,273,234,-1,234,273,274,-1,234,274,235,-1,235,274,275,-1,235,275,236,-1,236,275,276,-1,236,276,237,-1,237,276,277,-1,237,277,238,-1,238,277,278,-1,238,278,239,-1,239,278,279,-1,239,279,240,-1,240,279,280,-1,240,280,241,-1,241,280,281,-1,241,281,242,-1,242,281,282,-1,242,282,243,-1,243,282,283,-1,243,283,244,-1,244,283,284,-1,244,284,245,-1,245,284,285,-1,245,285,246,-1,246,285,286,-1,246,286,247,-1,247,286,287,-1,247,287,248,-1,248,287,288,-1,248,288,249,-1,249,288,289,-1,249,289,250,-1,250,289,290,-1,250,290,251,-1,251,290,291,-1,251,291,252,-1,252,291,292,-1,252,292,253,-1,253,292,293,-1,253,293,254,-1,254,293,255,-1,265,264,294,-1,294,264,263,-1,294,263,262,-1,294,295,265,-1,265,295,296,-1,265,296,266,-1,266,296,297,-1,266,297,267,-1,262,261,294,-1,294,261,260,-1,294,260,298,-1,298,260,259,-1,298,259,299,-1,300,289,301,-1,301,289,288,-1,301,288,302,-1,302,288,287,-1,302,287,303,-1,303,287,286,-1,303,286,304,-1,304,286,285,-1,304,285,305,-1,305,285,284,-1,305,284,306,-1,306,284,283,-1,306,283,307,-1,259,258,299,-1,299,258,257,-1,299,257,308,-1,308,257,256,-1,308,256,309,-1,309,256,255,-1,309,255,310,-1,310,255,293,-1,310,293,311,-1,311,293,292,-1,311,292,312,-1,312,292,291,-1,312,291,300,-1,300,291,290,-1,300,290,289,-1,313,273,314,-1,314,273,272,-1,314,272,315,-1,315,272,271,-1,315,271,316,-1,316,271,270,-1,316,270,317,-1,317,270,269,-1,317,269,297,-1,297,269,268,-1,297,268,267,-1,283,282,307,-1,307,282,281,-1,307,281,318,-1,318,281,280,-1,318,280,319,-1,319,280,279,-1,319,279,320,-1,320,279,278,-1,320,278,321,-1,321,278,277,-1,321,277,322,-1,322,277,276,-1,322,276,323,-1,323,276,275,-1,323,275,313,-1,313,275,274,-1,313,274,273,-1,93,324,98,-1,98,324,325,-1,93,91,324,-1,324,91,90,-1,324,90,326,-1,85,327,87,-1,87,327,326,-1,87,326,88,-1,88,326,90,-1,80,328,82,-1,82,328,327,-1,82,327,83,-1,83,327,85,-1,80,78,328,-1,328,78,77,-1,328,77,329,-1,72,330,74,-1,74,330,329,-1,74,329,75,-1,75,329,77,-1,72,70,330,-1,330,70,69,-1,330,69,331,-1,69,66,331,-1,331,66,62,-1,331,62,332,-1,60,333,65,-1,65,333,332,-1,65,332,64,-1,64,332,62,-1,60,58,333,-1,333,58,57,-1,333,57,334,-1,52,335,54,-1,54,335,334,-1,54,334,55,-1,55,334,57,-1,47,336,49,-1,49,336,335,-1,49,335,50,-1,50,335,52,-1,47,45,336,-1,336,45,44,-1,336,44,337,-1,39,338,41,-1,41,338,337,-1,41,337,42,-1,42,337,44,-1,39,37,338,-1,338,37,36,-1,338,36,339,-1,36,33,339,-1,339,33,29,-1,339,29,340,-1,27,341,32,-1,32,341,340,-1,32,340,31,-1,31,340,29,-1,27,25,341,-1,341,25,24,-1,341,24,342,-1,19,343,21,-1,21,343,342,-1,21,342,22,-1,22,342,24,-1,14,344,16,-1,16,344,343,-1,16,343,17,-1,17,343,19,-1,14,12,344,-1,344,12,11,-1,344,11,345,-1,6,346,8,-1,8,346,345,-1,8,345,9,-1,9,345,11,-1,6,4,346,-1,346,4,3,-1,346,3,347,-1,3,1,347,-1,347,1,0,-1,347,0,325,-1,325,0,97,-1,325,97,98,-1,297,296,348,-1,348,296,349,-1,297,348,317,-1,317,348,350,-1,317,350,316,-1,316,350,351,-1,316,351,315,-1,315,351,352,-1,315,352,314,-1,314,352,353,-1,314,353,313,-1,313,353,354,-1,313,354,323,-1,323,354,355,-1,323,355,322,-1,322,355,356,-1,322,356,321,-1,321,356,357,-1,321,357,320,-1,320,357,358,-1,320,358,319,-1,319,358,359,-1,319,359,318,-1,318,359,360,-1,318,360,307,-1,307,360,361,-1,307,361,306,-1,306,361,362,-1,306,362,305,-1,305,362,363,-1,305,363,304,-1,304,363,364,-1,304,364,303,-1,303,364,365,-1,303,365,302,-1,302,365,366,-1,302,366,301,-1,301,366,367,-1,301,367,300,-1,300,367,368,-1,300,368,312,-1,312,368,369,-1,312,369,311,-1,311,369,370,-1,311,370,310,-1,310,370,371,-1,310,371,309,-1,309,371,372,-1,309,372,308,-1,308,372,373,-1,308,373,299,-1,299,373,374,-1,299,374,298,-1,298,374,375,-1,298,375,294,-1,294,375,376,-1,294,376,295,-1,295,376,377,-1,295,377,378,-1,379,380,349,-1,349,296,379,-1,379,296,295,-1,379,295,381,-1,381,295,378,-1,382,383,384,-1,382,384,385,-1,385,384,386,-1,385,386,387,-1,387,386,388,-1,387,388,389,-1,389,388,390,-1,389,390,391,-1,391,390,392,-1,391,392,393,-1,393,392,394,-1,393,394,395,-1,396,397,398,-1,396,398,399,-1,399,398,400,-1,399,400,401,-1,401,400,402,-1,401,402,403,-1,403,402,404,-1,403,404,405,-1,405,404,406,-1,405,406,407,-1,407,406,380,-1,407,380,379,-1,381,378,408,-1,381,408,409,-1,409,408,410,-1,409,410,411,-1,411,410,412,-1,411,412,413,-1,413,412,414,-1,413,414,415,-1,415,414,416,-1,415,416,417,-1,417,416,418,-1,417,418,419,-1,420,421,422,-1,422,421,419,-1,422,419,423,-1,423,419,418,-1,411,413,327,-1,334,335,396,-1,396,335,336,-1,396,336,395,-1,340,341,382,-1,328,329,381,-1,381,329,330,-1,381,330,379,-1,401,403,333,-1,387,389,339,-1,328,381,327,-1,327,381,409,-1,327,409,411,-1,330,331,379,-1,379,331,332,-1,379,332,407,-1,407,332,333,-1,407,333,405,-1,405,333,403,-1,336,337,395,-1,395,337,338,-1,395,338,393,-1,393,338,339,-1,393,339,391,-1,391,339,389,-1,382,341,424,-1,424,341,342,-1,424,342,343,-1,343,344,424,-1,424,344,345,-1,424,345,421,-1,421,345,346,-1,346,347,421,-1,421,347,325,-1,421,325,419,-1,334,396,333,-1,333,396,399,-1,333,399,401,-1,340,382,339,-1,339,382,385,-1,339,385,387,-1,325,324,419,-1,419,324,326,-1,419,326,417,-1,417,326,327,-1,417,327,415,-1,415,327,413,-1,382,424,383,-1,383,424,425,-1,378,377,418,-1,425,426,427,-1,397,428,429,-1,350,348,349,-1,378,418,408,-1,430,431,394,-1,416,414,412,-1,384,383,394,-1,394,383,425,-1,394,425,430,-1,400,380,402,-1,402,380,406,-1,402,406,404,-1,353,352,429,-1,429,352,351,-1,416,412,418,-1,418,412,410,-1,418,410,408,-1,376,432,377,-1,377,432,423,-1,377,423,418,-1,392,390,388,-1,351,350,429,-1,429,350,349,-1,429,349,397,-1,397,349,380,-1,397,380,398,-1,398,380,400,-1,392,388,394,-1,394,388,386,-1,394,386,384,-1,376,375,432,-1,432,375,374,-1,432,374,373,-1,373,372,432,-1,432,372,371,-1,432,371,427,-1,427,371,370,-1,427,370,369,-1,369,368,427,-1,427,368,367,-1,427,367,425,-1,360,359,430,-1,430,359,358,-1,430,358,357,-1,357,356,430,-1,430,356,355,-1,430,355,429,-1,429,355,354,-1,429,354,353,-1,367,366,425,-1,425,366,365,-1,425,365,364,-1,364,363,425,-1,425,363,362,-1,425,362,430,-1,430,362,361,-1,430,361,360,-1,426,425,433,-1,433,425,424,-1,433,424,420,-1,420,424,421,-1,428,397,434,-1,434,397,396,-1,434,396,435,-1,435,396,395,-1,435,395,431,-1,431,395,394,-1,
        ]
    }
}
Shape{
    appearance Appearance {
        material  Material 	{
            diffuseColor 0.9686274509803922 0.8784313725490196 0.6
            specularColor 0.6784313725490196 0.615686274509804 0.4196078431372549
            ambientIntensity 0.8737
            transparency 0.0
            shininess 0.5
        }
    }
    geometry IndexedFaceSet {
        ccw TRUE
        solid FALSE
        coord DEF co Coordinate {
            point [
                -0.5906 -0.6545 0.0, -0.5906 0.0542 0.0, -0.4331 -0.6545 0.0, -0.4331 0.0542 0.0, -0.4331 -0.6545 0.0591, -0.5906 -0.6545 0.0591, -0.5906 0.0542 0.0591, -0.4331 0.0542 0.0591, 0.5905 0.0542 0.0591, 0.4331 0.0542 0.0591, 0.5905 -0.6545 0.0591, 0.4331 -0.6545 0.0591, 0.5905 -0.6545 0.0, 0.4331 -0.6545 0.0, 0.5905 0.0542 0.0, 0.4331 0.0542 0.0
            ]
        }
        coordIndex [
            0,1,2,-1,2,1,3,-1,4,5,2,-1,2,5,0,-1,5,6,0,-1,0,6,1,-1,3,1,7,-1,7,1,6,-1,7,6,4,-1,4,6,5,-1,7,4,3,-1,3,4,2,-1,8,9,10,-1,10,9,11,-1,10,11,12,-1,12,11,13,-1,14,15,8,-1,8,15,9,-1,11,9,13,-1,13,9,15,-1,15,14,13,-1,13,14,12,-1,8,10,14,-1,14,10,12,-1,
        ]
    }
}